time,x,y,z,vx,vy,vz,ctrl_abd,ctrl_hip,ctrl_knee,ext_force
0.0,-0.0015526414807920856,0.00013297345579761245,0.2724915287949009,-0.13271060363782025,0.01692761170772729,0.20942803103206561,-0.07276598103143657,0.6401227743121682,-1.7233877888605467,0.0
0.02,-0.0050283426780298995,0.0010763799278850224,0.27648041592224987,-0.20573326022426958,0.07350555027142155,0.1734300777345742,-0.1016543367591085,0.6644002442389398,-1.7195980347546835,0.0
0.04,-0.00983665199766998,0.002923556136816582,0.2787588376145329,-0.2607188556037381,0.1048324440929774,0.06408732107813898,-0.06996300834087255,0.6597768643716712,-1.7378800353505426,0.0
0.06,-0.015356405396566575,0.005485525079678466,0.2785971718116717,-0.27943334201149167,0.13517008227445504,-0.07503203011592444,-0.1418986858210352,0.6697053666192859,-1.7636238500901016,0.0
0.08,-0.02076073268584777,0.007175542591187064,0.2749286380667838,-0.26224776609208084,0.06692604899814664,-0.26927807843407825,0.03944728737412927,0.7256828350789879,-1.7172525245423218,0.0
0.1,-0.025810911960344858,0.01061423398138695,0.26787442535480227,-0.24527531153805054,0.2320829478905712,-0.4191519237533198,-0.4836056451592419,0.8028466452640234,-1.759042328176859,0.0
0.12,-0.030124075513071134,0.01243119412372879,0.259322880754473,-0.1946170571324505,-5.4151145628233976e-05,-0.4270789489511806,0.5548071943903454,0.8652385036408039,-1.766718945567174,0.0
0.14,-0.03387323571044735,0.014845460036169792,0.2499541370631585,-0.17382542795219477,0.18962720626870835,-0.49000490654862494,-0.774055492186742,0.8951483142304029,-1.74275854039282,0.0
0.16,-0.036260768560533084,0.015399814166075797,0.24153927679835308,-0.0758020756383911,-0.08361029447555038,-0.3669213542437215,0.5683724858060177,0.9858401777992368,-1.7188661773801663,0.0
0.18,-0.037160641010688514,0.016299079274523783,0.23400272017388166,-0.02000432555294054,0.11409520099061177,-0.3772148340321097,-0.7196832215692647,1.0227020754712146,-1.6834182720056619,0.0
0.2,-0.03702728965587097,0.014442001349389846,0.2296194742799768,0.014798143459130317,-0.23385210907831402,-0.09774880444828193,0.6656754883672242,1.1515555701181164,-1.7019429104028987,0.0
0.22,-0.03723808728084888,0.012254937017666922,0.22918532450497603,-0.011689105145719535,-0.03600957040052826,0.02471480933188109,-0.7039581350482575,1.138121548061093,-1.7140837375880813,0.0
0.24,-0.0375192883304694,0.008148391523880014,0.23331581952039704,-0.021716204235789904,-0.3139467973850231,0.3199954898971923,0.7741291307367236,1.0994899524225605,-1.696453891071722,0.0
0.26,-0.03875966040488857,0.004585926327954849,0.24031221228896782,-0.07587599247267751,-0.0896220999960878,0.36298720121611966,-0.63405608875731,1.0993905629674108,-1.765370428600619,0.0
0.28,-0.03967804595831525,0.0008211150040882756,0.24689062906065865,-0.027304767911990775,-0.2421308322602118,0.2831176049798913,0.7228790011116921,1.0903163537713956,-1.8225685277639188,0.0
0.3,-0.04044891344464349,-0.0018938121680762256,0.2514630555515207,-0.04163275476544891,-0.07579229331253022,0.18494512565108784,-0.5529939079435148,1.087778792569968,-1.9022099638255878,0.0
0.32,-0.04100889719290139,-0.0051938973304112715,0.2536001120597875,-0.01860198291837202,-0.2144679187792209,0.03870577614022447,0.6423088102593667,1.076786782894081,-1.959141720519684,0.0
0.34,-0.04147863550349651,-0.007309533913330857,0.25281805038995475,-0.02260584545724771,-0.04185844237425541,-0.09707459344522813,-0.6205414668806822,1.0305574911068687,-2.0449661963683194,0.0
0.36,-0.04114758863174267,-0.009744107731868757,0.24946549459698694,0.040282889535396216,-0.1659932581174353,-0.22733573418440192,0.6436447531016203,0.9943527025255324,-2.019906131603738,0.0
0.38,-0.040555341682687804,-0.01087792735501705,0.24377680062213863,0.028410338609834197,0.008590207020702754,-0.3279617222417939,-0.6840968132717744,0.951714182641084,-2.0256027697976364,0.0
0.4,-0.03937588962777877,-0.012239125855474233,0.23634563873006773,0.08105063834919225,-0.11047538781741861,-0.4057655529347881,0.5342041057443419,0.848524333085449,-2.0073940108033117,0.0
0.42,-0.037653842929522785,-0.011756564021738617,0.2274407457880514,0.09336520887443998,0.10662901880228152,-0.4811282506465009,-0.7549008104529294,0.8915786021234948,-1.9470290443317249,0.0
0.44,-0.03524490925985595,-0.011475185733736426,0.21775085778467723,0.1318554398647928,-0.04245291132524677,-0.4882624684883861,0.48582501452286075,0.8771547476045276,-1.914017739964767,0.0
0.46,-0.03331899799439611,-0.010189654668193273,0.20801025881572238,0.07776595471030089,0.10179160886648266,-0.4503535719368163,-0.7715584132771109,0.8845633038338547,-1.857571465615867,0.0
0.48,-0.03035412987000028,-0.013154336829256331,0.20316088561251255,0.19234159785902732,-0.2866318124304399,-0.13686797687239508,0.6028636959696669,0.80137050815374,-1.7712098635177798,0.0
0.5,-0.0269287641403974,-0.01613672527448431,0.20341248958453836,0.15980144282027137,-0.043303946429960036,0.10994332802394283,-0.6158380993554619,0.7557185799726439,-1.6911802632584996,0.0
0.52,-0.023317209701507163,-0.01843246573857561,0.20639146745812326,0.19347867286928613,-0.15165671334017075,0.17857386895534466,0.3509088402159776,0.769594335061839,-1.6783750354391935,0.0
0.54,-0.019334294088622476,-0.01955560209776675,0.20947129642762122,0.20008441069611316,0.004050603575510275,0.13639526723545026,-0.6298076955744573,0.8059383226320783,-1.6970411823520464,0.0
0.56,-0.015193244156682075,-0.021191093636705405,0.21128776714876163,0.2116861414638766,-0.13187016119546982,0.05868199847079723,0.46736032389993154,0.7947583312137292,-1.6897774221264434,0.0
0.58,-0.010940978363752072,-0.022580652210941583,0.210753296135998,0.2174095648279172,-0.029230673494093657,-0.08230832638049947,-0.712731959294654,0.8216052187588323,-1.7146084591910693,0.0
0.6,-0.006169370045135908,-0.024357532904851778,0.208521987490734,0.25805757967291837,-0.13042264641089968,-0.1404165698810159,0.5407836480447423,0.8930407809390138,-1.6974097021296524,0.0
0.62,-0.0006227615071058769,-0.025532582528340012,0.2050812189078435,0.28434757065507116,-0.016796586669116622,-0.19882493512935384,-0.5403649344834502,0.910898534987199,-1.733199623943379,0.0
0.64,0.004887422143050475,-0.027826388120773864,0.20086868482523437,0.2689473900554048,-0.17598889676886714,-0.2077599503844533,0.5091329224522029,1.0107265015613336,-1.7017772971130292,0.0
0.66,0.01026402273161307,-0.029566478962068918,0.19627975571551645,0.2756590706527622,-0.041920639690740974,-0.24919218079965194,-0.722872368842732,1.0146736935395222,-1.7142354752971054,0.0
0.68,0.016551665563866495,-0.03225977470631223,0.19175835109675646,0.341443819075412,-0.2062153981772355,-0.21737113048943166,0.5516805595198058,1.0576792779012767,-1.6680949984336833,0.0
0.7000000000000001,0.023014897036629133,-0.03437020053448333,0.18843232805963048,0.3052553418900951,-0.039324307145329335,-0.11650380467955151,-0.5754040419980511,1.0557336095435066,-1.7025078685863937,0.0
0.72,0.028564979381444672,-0.03640092918518325,0.18784743658631156,0.26132474219836177,-0.15566077638092798,0.044322395979463206,0.4203909684806842,1.1482888347005349,-1.6670336908368755,0.0
0.74,0.0333899704963057,-0.03763511852023266,0.19126725928008284,0.22966873477437802,0.003658431827223604,0.271712140455236,-0.5157231833571414,1.112412690569349,-1.6618749075993606,0.0
0.76,0.03793433312353324,-0.03850834392374691,0.1982429813313545,0.24043409987809441,-0.0708508501185954,0.39804055880686334,0.3734302801342993,1.0936238786522412,-1.732195045830887,0.0
0.78,0.043265846470820345,-0.03853131344631126,0.20625791271930885,0.2861991103129259,0.03345139097806344,0.39821258364125156,-0.5251880759065068,1.0415235677059167,-1.7840697857198091,0.0
0.8,0.04923107508282178,-0.0388367419224449,0.21390953822962389,0.3059727229004242,-0.0450891365907439,0.3710125564820598,0.3551405136085215,1.0085687432278339,-1.8740398465047796,0.0
0.8200000000000001,0.05565138768158388,-0.038505442268791365,0.22002314141160273,0.33349003672367183,0.05303227881232446,0.26768834848907624,-0.5211684969326027,0.9686616415948457,-1.9611971640903747,0.0
0.84,0.06287965964185743,-0.03861368262414775,0.22394660316930248,0.38376232274292377,-0.03829371780049037,0.1437265909775517,0.4586070816316512,0.9375048890660747,-1.968510019007587,0.0
0.86,0.07100084725669857,-0.0380194150010888,0.22488811002562145,0.41931720634113495,0.0659226277082503,-0.03538012388321175,-0.7140040600919729,0.8619891361530172,-2.0397211987661468,0.0
0.88,0.07953037528472287,-0.03817063458246429,0.22282926656412316,0.42814279009175227,-0.051242039446599226,-0.1597187598340369,0.47042885122223943,0.8462967587934289,-2.000625141532313,0.0
0.9,0.08813271319998268,-0.037804172744970756,0.21777755923594774,0.4335007321987973,0.05921122235199083,-0.3216897865506468,-0.7205338037264993,0.824458945631051,-2.0107510500798558,0.0
0.92,0.09662342441756987,-0.03817669182787607,0.21012672327823947,0.4188610876082247,-0.06666255696745195,-0.43466131982166245,0.5077445820643813,0.7782719694853574,-1.9703690337613096,0.0
0.9400000000000001,0.10492876448644432,-0.037849956712801724,0.20039808266007839,0.40001723524991556,0.08676927964707691,-0.5070411614874575,-0.7252954408075045,0.7985038768327489,-1.8888424410250522,0.0
0.96,0.11154033170568624,-0.03837684321377229,0.191745824994234,0.2743527132458688,-0.09549587085917516,-0.3573366670835825,0.5370558002027788,0.70132593395382,-1.8148882402362985,0.0
0.98,0.11600375614872414,-0.037818144741706666,0.18697333458240759,0.19387105557626846,0.09457466284182095,-0.16803674368434682,-0.7561389941391857,0.7053067355216637,-1.723882393651187,0.0
1.0,0.11957476147060538,-0.03877558622696746,0.18612038619421098,0.16732652894238295,-0.14897152223826163,0.04460520902753237,0.42727011428029565,0.6913553494767586,-1.703537168686432,0.0
1.02,0.12242163132634963,-0.04036603242249941,0.18875778889685674,0.12264871723109451,-0.02060539138538081,0.20251495342443546,-0.48643254194054214,0.731090397550883,-1.696794214597389,0.0
1.04,0.12393746972714648,-0.04052964610353204,0.19551549680314811,0.04479278536796776,0.001556160148486066,0.43416596676684616,0.25025812061581154,0.6471622635490347,-1.6863448294249184,0.0
1.06,0.12447930198208082,-0.04032534335145607,0.20651258261034947,0.018829348874387336,0.014812226891238496,0.6415626410232834,-0.09958642526437433,0.719621829773673,-1.6878613081235785,0.0
1.08,0.12471174191291391,-0.040007536534022975,0.22116395015525914,0.008444775814826078,0.013411632143630356,0.8016130985848375,-0.05299736104552212,0.7328146644947227,-1.6707656779546907,0.0
1.1,0.12499315838258666,-0.03974589988385043,0.2383436722961146,0.023706462213231208,0.014448017222424383,0.8751599702077214,-0.09231314836773656,0.7906635145461351,-1.6848027253744733,0.0
1.12,0.12595709289874002,-0.03962894037022213,0.2549057345226403,0.06615118318377748,0.0014519387446882556,0.766272620780922,-0.0428255231089276,0.8997630838589388,-1.742360364716726,0.0
1.1400000000000001,0.12751490176403496,-0.0395317061572965,0.26795878542536944,0.08637377397260083,0.009934151477768953,0.5552514061251911,-0.07017820264092618,0.9830169417504128,-1.7367062602261307,0.0
1.16,0.12932945769167695,-0.040127865221891226,0.2768556264054277,0.0945324637547218,-0.04507551780691262,0.362129033155806,0.0764469222891773,1.018579317086448,-1.744409369045227,0.0
1.18,0.13161510936737655,-0.039389698738842,0.28231497135256584,0.12006184975362152,0.06697071876388216,0.20168905569492626,-0.1878059712763186,1.1003662585118137,-1.7503763150976321,0.0
1.2,0.13341921160312226,-0.040431302159355,0.28500357703891505,0.07378166880853071,-0.11398140294471253,0.06235236339291174,0.7250459612573985,1.1480084078810908,-1.761801266707887,0.0
1.22,0.13516579551353233,-0.0405534864404669,0.2843415952442107,0.09713181072640964,0.049943374903294625,-0.11577707751116205,-0.5031562205489903,1.1323208734705148,-1.7667698907365827,0.0
1.24,0.13669392852293585,-0.04176422660221884,0.2799031552128446,0.06175377634658006,-0.11695032858723847,-0.30592607816245404,0.7264082521042424,1.1502712790718652,-1.7574473763429568,0.0
1.26,0.13808777904847058,-0.041295830224655855,0.2740209298118183,0.0695407183587722,0.11899820880323145,-0.27008503249168003,-0.5334658229468769,1.1826624712953218,-1.761107349194351,0.0
1.28,0.13849211652586182,-0.04076601129212193,0.2671488686078289,-0.0024435350487039226,-0.02518381389389514,-0.39500357360877236,0.7014345081464506,1.1053363207717186,-1.8396337190076613,0.0
1.3,0.13950218397373665,-0.038501175795377096,0.25984672716965035,0.08871184987098737,0.1973806747984499,-0.35460578722648617,-0.7335039944369995,1.0728468510774547,-1.9136699186165584,0.0
1.32,0.14073848493905136,-0.0366336198368048,0.25150470774361544,0.05839905896783101,0.03299615750670946,-0.461117073253409,0.5135505079050865,1.041561475751593,-1.9639466813449427,0.0
1.34,0.14371230661758244,-0.03330609336679732,0.24260472152477108,0.2105702848463083,0.24668114981718606,-0.44595005604786064,-0.8595605568086468,0.9847067566047826,-2.009420195438896,0.0
1.36,0.1476414289136018,-0.03082335697042296,0.23344324224668803,0.19076280567867795,0.045234766667543544,-0.44480368637880086,0.4661282747351268,0.946542965781141,-2.0365164185176607,0.0
1.3800000000000001,0.1532831853993217,-0.026947538653100494,0.2256120484982397,0.33907578377188796,0.2834354837182573,-0.3396362191616088,-0.9098704658856175,0.937169029881212,-2.0253446499111467,0.0
1.4000000000000001,0.15861693527611348,-0.024218903236329303,0.22091146774623685,0.2405591543020138,0.04808350858053674,-0.17294191930189165,0.5652298057402042,0.8383263950909652,-2.0083010904343075,0.0
1.42,0.16546733553299517,-0.020409988400392175,0.21853078873916196,0.41042042011130714,0.2794169357300036,-0.09141538158483292,-0.7819513576885342,0.7974036399764519,-1.9517940578849822,0.0
1.44,0.17269382910888245,-0.017618611910826268,0.21827856139127422,0.34463875507731767,0.05568816672250244,0.03683904182593843,0.5221400504602773,0.8073126416725137,-1.8930452087550818,0.0
1.46,0.18125594160644817,-0.013632931973611016,0.2201406908470763,0.47739349522290514,0.2859107055097192,0.11858385446428867,-0.8261923624711136,0.8181369552821625,-1.871433893802661,0.0
1.48,0.18982940906232282,-0.010258156048288569,0.2229863498615237,0.4102928257902388,0.10288809779776895,0.1401288685074126,0.4644894539023315,0.7902927567501903,-1.7943970201237989,0.0
1.5,0.19891168934677164,-0.0063333190293553155,0.22620078505987948,0.4641614367138636,0.25049681641306815,0.16707324712881141,-0.812747647095099,0.8309243937062185,-1.712265649653087,0.0
1.52,0.20671034831696675,-0.0033729495738395107,0.22915309590913852,0.34621563907019975,0.09063450955771038,0.12755117011411274,0.4832888031532386,0.8353579655771242,-1.7046812130986346,0.0
1.54,0.2140903851383174,-0.0003106776763481292,0.23001774763999772,0.38332653590682114,0.18670910223093418,-0.02657950322700409,-0.7294618559083924,0.7998292079693029,-1.7393031690256318,0.0
1.56,0.22098638575470445,0.0018147032540907695,0.22855918783404092,0.3252701192802599,0.06053263230513683,-0.10989941781491876,0.5296758688483661,0.8390389461687666,-1.7534085223475409,0.0
1.58,0.22827667050842682,0.004129493337346187,0.22470058577767535,0.39092029407223894,0.14700042894596993,-0.24854911326421636,-0.629806969071724,0.842880044973107,-1.7130978010111881,0.0
1.6,0.23570572012307903,0.005000479077293633,0.21871201350562838,0.3632836796992465,-0.01885423996147534,-0.3451620316853208,0.5660473277746533,0.9143935140363461,-1.7142144083480666,0.0
1.62,0.2437470403955935,0.005737487446858262,0.21128478125232542,0.41793935454070297,0.07419181080086222,-0.38305641227597453,-0.6617912171166266,0.9588282514729017,-1.6732834337079714,0.0
1.6400000000000001,0.2512033869192274,0.00501353136702491,0.2033360648307418,0.34555893447073005,-0.10474659209673415,-0.40551299443347544,0.6456804716793687,1.1040564339341046,-1.691944650745896,0.0
1.6600000000000001,0.2586251939870655,0.004756217286977666,0.19585043696969467,0.4116345053836821,0.08549039021133603,-0.2962234905625575,-0.6829705972598231,1.0916349225364361,-1.707978358640005,0.0
1.68,0.26572871279841326,0.004679869327507036,0.19089598446950906,0.3178099372415214,-0.06667935671123312,-0.2152039414783762,0.5023920529622959,1.1064285791550594,-1.6570212453803392,0.0
1.7,0.27258747089876395,0.004844470575171087,0.18798286039794695,0.3579931604314721,0.046041142146647326,-0.1018053731139274,-0.6287766538458622,1.0576275718446146,-1.694018638870845,0.0
1.72,0.2795453529816909,0.00437592676850974,0.18736743273103657,0.3497064813032123,-0.08184823111836718,0.019119074703968127,0.41505640836053365,1.0867218795372884,-1.6721344668037985,0.0
1.74,0.28712196693343217,0.0037414970971423487,0.19019109468918663,0.4041579445261204,-0.002774383701189145,0.23127723993280547,-0.5035054359264779,1.0483294199826267,-1.651468230359317,0.0
1.76,0.2946819293449812,0.0022937420822804907,0.1974008930475618,0.3599714173078405,-0.12874234392883346,0.46172011841650895,0.21117030637916992,1.0753317322205298,-1.7375583324793933,0.0
1.78,0.3022591655562769,-0.00013857728904010194,0.20847654903538812,0.390199732556569,-0.11827860569213536,0.6204740298642571,-0.2930019013271959,1.0271928966487052,-1.7837606574650136,0.0
1.8,0.3099895099134877,-0.0029150690014673472,0.22209258263425516,0.3820792469096249,-0.14859474855082197,0.7286532137121284,0.11209562150227668,1.0308302698017366,-1.8714438933774036,0.0
1.82,0.3175977500777287,-0.005385076389432243,0.23722890029912402,0.3786959695942233,-0.11269639683257981,0.7761300932122577,-0.17116375332139444,1.0048141189423117,-1.9306599884283209,0.0
1.84,0.32491127003178,-0.008684113833563736,0.2514701602279032,0.36657674667944296,-0.19664045266633373,0.6453037209719419,0.16264787243442066,0.899710680801004,-1.9948089926112005,0.0
1.86,0.33350711549124423,-0.011008097245601372,0.26175213763485605,0.46865729390901567,-0.07059657395905022,0.4097480244055223,-0.5548345553678522,0.8469965694279972,-2.0230951693006824,0.0
1.8800000000000001,0.34202685855891557,-0.014539054429254588,0.26772968357070687,0.4007086645041711,-0.23065304801396225,0.20911901029217134,0.5383918418587722,0.849215621696104,-2.0446942916568904,0.0
1.9000000000000001,0.35098707474190616,-0.01710903561518887,0.2695286521182062,0.4718765274831396,-0.0746657958882825,-0.005663807985067711,-0.6751644593647198,0.7946791062282106,-2.0141560792698403,0.0
1.92,0.3594290339564032,-0.02073321136734655,0.26791838343178137,0.3926913039770491,-0.2412281516980709,-0.14231241496277547,0.48341947102352273,0.7718437025745839,-1.983796315104536,0.0
1.94,0.3681694557683644,-0.02357766166088668,0.2628972851188959,0.45806372331307443,-0.08781621617897704,-0.33802640939446554,-0.7467287878194927,0.7639888407590959,-1.9609507977618512,0.0
1.96,0.3758017791923294,-0.027665690912471,0.25591055894811504,0.3265810705766901,-0.2781469630711729,-0.3580769207537136,0.5806469560301423,0.7162348091510998,-1.8708064584433581,0.0
1.98,0.3824700685853753,-0.030368665689137146,0.24900483685873848,0.31474248364242036,-0.019904638233289425,-0.28388577180813834,-0.6630803244284039,0.6983930377299251,-1.8124537020635452,0.0
2.0,0.38519569930700603,-0.032740303094534844,0.24762761058484714,0.01729034839770889,-0.17882764100234905,0.08213189679688854,0.7447105958607035,0.7064021887229709,-1.7234343137984829,0.0
2.02,0.38538702740884295,-0.0332481748972671,0.2507837946439645,-0.006644376650662724,0.07740124055520567,0.22017435795556525,-0.7458582883006243,0.6610172176029521,-1.7293680507731786,0.0
2.04,0.38331312245786536,-0.03336323778476964,0.2562127445796482,-0.15614405065475404,-0.06105013149607087,0.291365224405971,0.6007557944277065,0.7415953371033578,-1.7229933235176704,0.0
2.06,0.3810663079697642,-0.032399474129496314,0.26198382014974164,-0.08677753894699686,0.11583718265611576,0.27971501292861717,-0.7658171832522165,0.7067294229118214,-1.7273302447225116,0.0
2.08,0.3784901370623369,-0.03198332999720834,0.26668261112337827,-0.14798506976021505,-0.04086993611115414,0.19323144964959588,0.5988241762307667,0.8260562053659952,-1.7330215132955193,0.0
2.1,0.3767357100455092,-0.031153656537437638,0.26893287939293226,-0.05417947193095282,0.08673573496783409,0.04418132001631432,-0.7534843446771916,0.8822693887729229,-1.7706516714920681,0.0
2.12,0.3746302824661447,-0.031603592704045634,0.2690695993684077,-0.13683912467215636,-0.09030774962211913,-0.026742078267089367,0.5592261460364815,1.0025720252499415,-1.7333789112390283,0.0
2.14,0.3729586472621822,-0.03173029124195425,0.266853828930394,-0.0542029340809516,0.04073429682898565,-0.17464358602815155,-0.6663804676896333,1.0376325600196281,-1.747520903617999,0.0
2.16,0.3707683278664136,-0.03296213689003388,0.2624760611704856,-0.13872874602777985,-0.12314704812432348,-0.2677159299495101,0.6731684633020478,1.1063204333209415,-1.7451586073225887,0.0
2.18,0.36921053386324576,-0.03404089700210906,0.2557905355783614,-0.04344674490549992,-0.015381088895117669,-0.3795441678539336,-0.5706822646018374,1.1758701460981626,-1.7467666318431248,0.0
2.2,0.3672964693333861,-0.0365800157856264,0.2472979854145548,-0.12496005670025899,-0.19807017410191513,-0.46925598323816464,0.7042752223948128,1.2288217589335106,-1.7248276481685076,0.0
2.22,0.36785875661094536,-0.036365157306721,0.24275611559170476,0.14065171138881755,0.16453325253863924,-0.03979646244379699,-0.49470152773635007,1.2737166227214716,-1.7392131884332853,0.0
2.24,0.37015285186419,-0.035544333411314216,0.2419319819759145,0.1062283094810475,-0.035414689774262875,-0.06186301462827564,0.5537823374896395,1.1554411686812578,-1.725533010481778,0.0
2.2600000000000002,0.3743625723184086,-0.033026879291529275,0.24258279155836462,0.28532494196510927,0.2241716122836233,0.07670335164802168,-0.8231129944293076,1.1426041141095593,-1.755971671496734,0.0
2.2800000000000002,0.3790855810659242,-0.030213823306339798,0.24269891306492145,0.20971444740724604,0.09048625270220464,-0.04501878968612394,0.49104036222034086,1.0960026746196045,-1.860829738454243,0.0
2.3000000000000003,0.38470479918919415,-0.026605358073503674,0.2403092811046936,0.324397948376588,0.22975860808442106,-0.18437216254228703,-0.8180225603488797,1.1087644717118985,-1.9287048338820643,0.0
2.32,0.3903286019361208,-0.02372882652869847,0.23535023202248165,0.25264265893674176,0.09192144233996666,-0.29138420146292504,0.43959410171452346,1.0188026917958495,-1.9655105084343136,0.0
2.34,0.39674324973867237,-0.020107910870603422,0.22799450772719027,0.3592111644665259,0.23099280796053254,-0.42254628931416105,-0.7806936204183227,0.9913796398880749,-1.9858072200182033,0.0
2.36,0.40223298103898947,-0.017569726910551524,0.21991587699826726,0.22236286215864573,0.06145109395818623,-0.39552271721695287,0.5348189635901943,0.9283686212898169,-1.9917398374442232,0.0
2.38,0.4080864803533354,-0.014894953018626188,0.21102201369862475,0.3350414315097275,0.17398391133031443,-0.4742638074744829,-0.7198080551035496,0.9769943437117049,-2.0484585599720884,0.0
2.4,0.4133238565458735,-0.013717606272927162,0.20203325797858834,0.20702229011794196,-0.015119778311899094,-0.42884384337400927,0.5483667446930753,0.9545895865784074,-1.9786552646223385,0.0
2.42,0.41817427454441874,-0.01290917778842072,0.19460336396108882,0.24886636146637034,0.042885744961171174,-0.26742928347458317,-0.7280115524425369,0.9711966712567209,-1.9439051824428517,0.0
2.44,0.42056685082396694,-0.01625929818762533,0.19335536964402888,0.03069216385762274,-0.26756413402767887,0.05575461324773226,0.5205673446399084,0.8835591714725293,-1.8632141102290118,0.0
2.46,0.4220898904121923,-0.019937826463588677,0.19650068426312353,0.11340253186599966,-0.12837204110301378,0.2238638754734689,-0.586444414944819,0.8095494624104068,-1.850826682213989,0.0
2.48,0.42291408567462424,-0.023846795727380753,0.2027987225352171,0.0018430795003071638,-0.23526572119577008,0.36405971219161654,0.4035412453285432,0.7532479279050516,-1.7599672580759829,0.0
2.5,0.4236910503608316,-0.026910714629312826,0.21180590463179813,0.06815459745893038,-0.09038167305595864,0.5157259037901001,-0.455641260733196,0.7767073992895237,-1.6833757262015352,0.0
2.52,0.4248811471452694,-0.029545721012980315,0.22146349699224824,0.05777480827626328,-0.14926554085514826,0.4614776346984052,0.20345099104984601,0.7801831455529454,-1.700432411296026,0.0
2.54,0.42623364257208207,-0.03146266915288946,0.23147494930804685,0.074111728384023,-0.06576610263611452,0.5231299171352207,-0.2691041590993492,0.7392563252428166,-1.7092202508419063,0.0
2.56,0.42728465523641074,-0.03407417756991722,0.24090007829325005,0.04657070726877607,-0.16588238390550747,0.4362410710727764,0.26887993288218176,0.7544546336257467,-1.7220578469102614,0.0
2.58,0.4294058603219913,-0.03626199029068329,0.24747290581415649,0.14371842222699097,-0.07954459648002374,0.2530936643516649,-0.5793299198822774,0.7753377502092533,-1.741270444089065,0.0
2.6,0.431739716248557,-0.03980815311181753,0.25093939934092224,0.10530044095579782,-0.2330309735550025,0.09998828111373875,0.6420891426822399,0.8262834507281408,-1.752711389138026,0.0
2.62,0.43496481108815466,-0.04306735643558194,0.25094901696265387,0.192386301075415,-0.12138888696383893,-0.06861347396460929,-0.5645979185345186,0.9281134118795967,-1.734524061285263,0.0
2.64,0.43804044934909414,-0.04721037787456769,0.24804797320250657,0.135546642792907,-0.25534527726831174,-0.21213827664214832,0.7145856514911687,0.9759124379793315,-1.7290571160544448,0.0
2.66,0.44147118494372434,-0.05034882401674596,0.2430379981748227,0.18732571891985406,-0.09361057479288461,-0.27944613805560775,-0.5779726355092998,0.981485629432164,-1.742819935246482,0.0
2.68,0.44437688785205254,-0.05391886714886429,0.23599237370551232,0.12166526206223602,-0.2256202833028535,-0.4061266947196066,0.6591217345268443,1.08961911896418,-1.7159092865489805,0.0
2.7,0.44738928531385064,-0.05591100242525337,0.22818811319248278,0.17019321536773865,-0.0169008621600515,-0.3923848172543838,-0.7461513209120921,1.1294949667884737,-1.7163076195678189,0.0
2.72,0.45054039165618187,-0.05774643924583433,0.22074154627313697,0.1526859374283028,-0.11808561290826382,-0.33708884801809896,0.5854689267593727,1.2326481964522853,-1.682138610637215,0.0
2.74,0.4555988229865385,-0.05529182334046489,0.21699084774377528,0.303973813466846,0.26490913689392714,-0.11911399834314579,-0.7697599463614496,1.2026251416705909,-1.7436523451658736,0.0
2.7600000000000002,0.4609761899802029,-0.0515235033476703,0.215497198823051,0.24014897927786233,0.12054421634400417,-0.03493322050622438,0.4188300485610864,1.1129492864452946,-1.738206773686265,0.0
2.7800000000000002,0.466483423812923,-0.04683113135973675,0.21498920146636163,0.2941712223835375,0.3035795990429911,-0.013837754910421968,-0.5866853770880972,1.0963689649298605,-1.7860914302323505,0.0
2.8000000000000003,0.47161030140012694,-0.04238542030767691,0.21465303730375995,0.2374735045735452,0.16851133750806943,-0.021258065993391837,0.5425704402190401,1.0854965603007767,-1.8568912948312073,0.0
2.82,0.4773193759219502,-0.03772310457259289,0.21258998824612535,0.3108626458671587,0.27270111522115403,-0.15766468988216212,-0.7252030341091911,1.0752311619841586,-1.9472568168505964,0.0
2.84,0.4827240436627683,-0.033715648417697135,0.20928480864288534,0.2414130984151706,0.1460529745030152,-0.17447449012857208,0.5238760096830408,1.01413640358573,-1.9567077388555874,0.0
2.86,0.48831333273901006,-0.02984269330328801,0.2047114145128323,0.30289432177294023,0.23492941858779431,-0.2634577006049658,-0.6764624697264695,1.029294400948874,-1.987362822547585,0.0
2.88,0.4931675552849783,-0.02657811762423916,0.20054990229502387,0.19604351878896326,0.11350081727394493,-0.1634784203985727,0.396667146251168,0.9750238487702619,-1.992578817984093,0.0
2.9,0.4971296634964874,-0.023563739213010533,0.19790414622668626,0.18484993770762592,0.17091214116125975,-0.10354886984516139,-0.7036731123414887,0.9419945966059847,-1.9837199633584137,0.0
2.92,0.4998647903327813,-0.024200042197493807,0.19791525467537785,0.11008434437370873,-0.13680588620175135,0.045413979604595506,0.5505345082348406,0.8621990963139574,-1.919972225706393,0.0
2.94,0.5028615143361637,-0.02562593706602881,0.19918245775931154,0.1854304099282449,-0.018562122478113077,0.07698562426428882,-0.6165704136730239,0.8414844625852299,-1.9145822524152185,0.0
2.96,0.5065668024577408,-0.02757039591994739,0.20251294668335623,0.1875322214248761,-0.14600803037551233,0.21722211938579544,0.3341538962465801,0.792809986086119,-1.8434657845133438,0.0
2.98,0.5108975019256686,-0.029064775485291863,0.20760340371357602,0.24437988662923574,-0.027220427105900953,0.28017902593795807,-0.4603791700850106,0.7256286025000536,-1.7594973468269408,0.0
3.0,0.5153798466455921,-0.03152160180032928,0.21441618807409055,0.22252485530254135,-0.17532017959252408,0.3730683784453049,0.3521153764119888,0.7110115910811019,-1.7253577039904289,0.0
3.02,0.5203417751897865,-0.03404324920023194,0.22157641396684033,0.26222282183238843,-0.09522687209846797,0.35065388821741134,-0.4101520582801107,0.7444099350475377,-1.7093125417689168,0.0
3.04,0.5253572442588392,-0.03712316494552904,0.22804272110635548,0.24975743907693737,-0.18545523455673915,0.3052861909989509,0.3006129720194998,0.6869796676698413,-1.7171614201395795,0.0
3.06,0.5313539862164696,-0.039551018939820194,0.2327960734626595,0.3298353181023744,-0.08219906326718754,0.19271282308960333,-0.5423049933464638,0.7516789707388645,-1.7165537816190077,0.0
3.08,0.5375762022022856,-0.04294923614722542,0.234956083026229,0.303428634368022,-0.21585527360439666,0.04385810861086449,0.5372344055433738,0.7844266130046632,-1.7178510315574413,0.0
3.1,0.5442783470551672,-0.045606004874867136,0.23427821950970443,0.352670353031933,-0.08407712366883163,-0.09725556446991807,-0.6946402047335444,0.8302967215919316,-1.7394816986959671,0.0
3.12,0.5511646739128648,-0.04891949338911505,0.23127950445687084,0.34284071972284724,-0.2161532151535157,-0.19304519253876956,0.5219684800694129,0.8709514745126258,-1.6709874606500916,0.0
3.14,0.5584219100908945,-0.05153615188048475,0.22607261374515406,0.37742738164269385,-0.07516587693000092,-0.31471899531697445,-0.700392066543237,0.9256381183405787,-1.7376878318885827,0.0
3.16,0.5659887563904071,-0.05458987458497576,0.21887849141183793,0.38179056741435297,-0.2024596543430948,-0.39894618001559023,0.5746610441415108,1.0041195743506057,-1.725070418525706,0.0
3.18,0.5742046721690481,-0.05665531761871428,0.20980071675488493,0.42566124170980085,-0.03266423907929025,-0.4926903952842914,-0.620851535771441,1.024735551474916,-1.7004675177953927,0.0
3.2,0.5820347583973419,-0.05940132893195001,0.2002469269074363,0.3502275302019366,-0.20773409938476775,-0.4405822187557957,0.6125771708887525,1.134783260917928,-1.7050135530117612,0.0
3.22,0.5884198967772726,-0.06096307733202518,0.1921154145067774,0.29683217550388363,-0.011360280281159704,-0.3798370256493411,-0.6650886301391227,1.1181495658486127,-1.6725119580840917,0.0
3.24,0.5931696019792289,-0.06330492656885513,0.1870472509705283,0.18731841804836086,-0.18417928403949715,-0.1715193982473504,0.5641375425698959,1.130967377445916,-1.6629279445723177,0.0
3.2600000000000002,0.5954461521006909,-0.06525870469924167,0.18554180854142518,0.05760218146739341,-0.03224786260002524,0.008431233390361666,-0.5895907941478266,1.149418710144005,-1.7356248743673286,0.0
3.2800000000000002,0.5954361817248356,-0.06647140837831918,0.188191745165994,-0.022639531103837207,-0.08391380703251605,0.2166187683263846,0.31409972980211937,1.1230469834515577,-1.784393190083139,0.0
3.3000000000000003,0.594875920074466,-0.06799674313265844,0.19506785362758683,-0.031043973720729093,-0.06840302642012666,0.43458456427407,-0.24909273674247107,1.0181908747617399,-1.848252579388555,0.0
3.3200000000000003,0.5943084760720101,-0.06919302181224984,0.20605380869919118,-0.0218818441712082,-0.05463047086827243,0.6375298459239115,-0.1259861758141029,1.0132350223256803,-1.938968694935697,0.0
3.34,0.594158049641631,-0.07035537750873327,0.22068775021249276,0.004772602429602233,-0.06295350037903354,0.7915171714399124,-0.04123459850152619,0.9796908106244354,-1.9426949883819369,0.0
3.36,0.5945255135619955,-0.07184106754184802,0.23681254257434864,0.03576601115609172,-0.0797838120751721,0.7901093696709188,-7.603082943079785e-05,0.9688371423952548,-2.0242573530012447,0.0
3.38,0.5960019378085177,-0.07324727794925304,0.2515092685689668,0.10799951774433811,-0.069909625100453,0.6777007088626931,-0.11878296866949678,0.8804323360756768,-2.031420407799328,0.0
3.4,0.5987890637986937,-0.07477963022594529,0.2633771596417703,0.16199216633531985,-0.08467441446713501,0.5199175582667026,-0.14522477113298823,0.8203546573696099,-1.9943459963051255,0.0
3.42,0.6022447383642119,-0.075423114215506,0.2720933485766332,0.17438419336137892,-0.01220568297404892,0.36717246586118085,-0.3095616567866854,0.8268397182827609,-1.98656582313143,0.0
3.44,0.605644518001012,-0.07749222742967751,0.27787483585301354,0.1686734483763776,-0.14856136403509504,0.21094996177168968,0.08275441903509335,0.8083222454021649,-1.9659376043670513,0.0
3.46,0.6092205016755675,-0.07781261270127598,0.2800120478744027,0.18242529016824197,0.05083396990248102,0.017467661496823418,-0.9827704582135687,0.7790757719226009,-1.868890410306563,0.0
3.48,0.6122327880851575,-0.07903201640977596,0.2800973728407808,0.11794177084772357,-0.12829309442321574,0.006230614330855413,0.24721288560325344,0.7337796727535092,-1.8230196877810032,0.0
3.5,0.6141936960238212,-0.07947594785220358,0.2783456320204441,0.08767506096710485,0.0360589027899417,-0.15434690083987404,-0.9650270478587695,0.7370419590209512,-1.799257678462468,0.0
3.52,0.6154489118142241,-0.08115580057327318,0.2762281790601394,0.05135431323967292,-0.15625821191879374,-0.08325998479103555,0.4232616716711024,0.7292581792497306,-1.7242745806529687,0.0
3.54,0.6167733241720508,-0.08226479361971188,0.27231869139551707,0.08421562500854629,0.002330844578841392,-0.27177666268407463,-0.800376675083373,0.6793779796775954,-1.786814073706737,0.0
3.56,0.6191038791567821,-0.08458130582662121,0.2677157504777169,0.1494910888480181,-0.18923484285440323,-0.20698720693945796,0.5600721843545295,0.7334468871502307,-1.7425745826335821,0.0
3.58,0.6230255610457683,-0.0861848140816958,0.26136373413726144,0.23243699512286378,-0.018611312063821543,-0.38914478595648666,-0.6618791627337166,0.8005500050339256,-1.7427379793220608,0.0
3.6,0.6287087054047957,-0.08921364434054425,0.25467790496201914,0.32473189784113854,-0.23766881255174852,-0.297979954257446,0.6496028678856666,0.8662897998599104,-1.7269920878614033,0.0
3.62,0.635524529042805,-0.09176525186065455,0.2471293353422799,0.3618294481814965,-0.06695988605125647,-0.42610662868228066,-0.5813260116190356,0.8547363853820527,-1.764806350900848,0.0
3.64,0.6440455107971358,-0.09642724262222963,0.24035170650017443,0.46843330382352316,-0.34126938655290345,-0.2792935449812872,0.8162269589471272,0.94197094527755,-1.7482537707791888,0.0
3.66,0.6524630301035027,-0.09985477390612335,0.23668521306250812,0.3854489308855688,-0.05447902359799234,-0.07953693841571728,-0.5047135531373232,0.9369355824734542,-1.733822546197082,0.0
3.68,0.6610458761501007,-0.10368557791884093,0.23779669359409927,0.4653726998997507,-0.2704369910895112,0.1460427262383273,0.6758167092303579,1.0043955446911408,-1.714079902473912,0.0
3.7,0.669577924125328,-0.1051353041871187,0.24240413072617228,0.41581718017968144,0.04621574671214565,0.2737762494375972,-0.7717747060674568,0.9796693899261161,-1.7337565072691328,0.0
3.72,0.6788956972597255,-0.10740362564327464,0.24951684872481375,0.4983444215565311,-0.2178707320452336,0.4098676422304378,0.5905070326355008,1.0092311968459906,-1.7544507720921807,0.0
3.74,0.6884215747042068,-0.10890285265089997,0.2576291388496832,0.46990980861716186,0.008542779222989004,0.3963243008681149,-0.7142910962465447,1.0334855637533291,-1.7420418652408198,0.0
3.7600000000000002,0.6985011394364875,-0.11150798034112022,0.2662825682217033,0.5201605248094214,-0.21071073310829058,0.43322853311855947,0.7393603871876038,1.0217784960872773,-1.7615095625637003,0.0
3.7800000000000002,0.7080591503497932,-0.1133710326155249,0.273397188842985,0.45481620480344753,-0.028648829053279222,0.2937534318616618,-0.6291725376164861,1.018527827605146,-1.8820616457162558,0.0
3.8000000000000003,0.7174171203151718,-0.11607382414604776,0.27788453480127034,0.4751781633887182,-0.19162269667178491,0.1588113215182152,0.7199224214513477,0.9679088915838947,-1.9214955061406704,0.0
3.8200000000000003,0.7264899244015443,-0.11773608203331683,0.2790244555709089,0.446156899559322,-0.02347752312832517,-0.01993269026146977,-0.5963424993376866,0.9354017293633613,-1.9985868552843837,0.0
3.84,0.7359561568501702,-0.12028438954429249,0.2769090604620116,0.4885294962613675,-0.18240246463881554,-0.17877256935950184,0.6508475419473632,0.9069165926797886,-2.0066798875762664,0.0
3.86,0.7454082955222628,-0.12160272493480034,0.2715028467395758,0.4642587474672825,0.0015080743917854043,-0.3352443425271587,-0.571880846416602,0.8868541644208431,-2.0567386279816016,0.0
3.88,0.7550772167028078,-0.12405551673448884,0.26395643692788834,0.4921388465777444,-0.19994088372770658,-0.4087556516661618,0.6924467608429128,0.8045157962459132,-2.050042939319118,0.0
3.9,0.7647503482502718,-0.1255748051719407,0.2545271686372276,0.48188182695316883,-0.0011155143007672945,-0.517818331198042,-0.57994537662923,0.7899624599682105,-1.9818197352250029,0.0
3.92,0.7745686520144038,-0.12846158759772508,0.24448935116890488,0.48271842138840493,-0.22993608905857166,-0.4851864038394402,0.7832916335932233,0.7118664355161409,-1.9915457746003702,0.0
3.94,0.7833496439680726,-0.12934046235409585,0.23646247015541386,0.41213069134180613,0.08282511637649945,-0.3510738786550054,-0.6341582943235807,0.7276905516649723,-1.9465024002471358,0.0
3.96,0.7915972293657856,-0.12922961912692,0.23006059409787424,0.3950271879599979,-0.03357824376649229,-0.28476017775285134,0.6783502981069838,0.7171882340441761,-1.8614450725497393,0.0
3.98,0.7979271269235265,-0.12593031638334332,0.22727420042406457,0.25604517001353594,0.28506819472113776,-0.03595075549069988,-0.773713081023118,0.7064340414735202,-1.7785630206043077,0.0
4.0,0.802107833577078,-0.12280167374197154,0.22989236436506483,0.1752213107389433,0.07729275040289263,0.23623722260777358,0.5738919496133135,0.7121072503287261,-1.7155117645865658,0.0
4.0200000000000005,0.804160640166349,-0.11871529579698599,0.2352433684343542,0.06507162332193327,0.2789596264218328,0.27168829960542173,-0.726158635934296,0.6040049412825665,-1.70645666271081,0.0
4.04,0.8056918291754546,-0.11526908956112829,0.24082601240426021,0.09228284975022676,0.10541761953044405,0.266951113660941,0.4856597521600354,0.6652867097570551,-1.746685962948268,0.0
4.0600000000000005,0.8075913782447485,-0.11162439450935671,0.2442492542529117,0.10186083553458185,0.22326425188083174,0.0970589550271656,-0.7227553462286161,0.6554297879853718,-1.7123749370913857,0.0
4.08,0.8101718845058594,-0.10862600343274749,0.24513956235586545,0.14832841952776757,0.10744612441687086,-0.006246292723558736,0.513676520245922,0.7199176005545721,-1.7233234698894953,0.0
4.1,0.8132274419338399,-0.10516939053733579,0.2428210284605838,0.157742422721553,0.20743875314196764,-0.19269310122578703,-0.7216851611913295,0.7406498174542451,-1.7348178477504048,0.0
4.12,0.8166867877311196,-0.10250218604387233,0.2381159969098541,0.18646894742904388,0.0856764931959156,-0.2811970908537137,0.5467945611568567,0.8138058343382895,-1.7205276756824293,0.0
4.14,0.820645528180023,-0.09931062933998161,0.23066594145924502,0.2087125509690803,0.20246276796797041,-0.4346035513218756,-0.7402710983866081,0.8209344126083598,-1.7144667099904136,0.0
4.16,0.8254604454235158,-0.09706711257039173,0.22136713025089827,0.26006342759445045,0.042793257241091766,-0.48389049577985344,0.5646486278638342,0.8901174725493022,-1.7164359567607226,0.0
4.18,0.8301158080040617,-0.09505682962624268,0.2113646019986905,0.2056080889411609,0.12774506825212778,-0.4921315568578746,-0.7003996528912237,0.9447712433476971,-1.70151026729707,0.0
4.2,0.834327386526827,-0.09536270292043905,0.20273879075617401,0.2233344104593982,-0.0995497167154452,-0.4189543102401561,0.5737018079745214,1.0124329076641994,-1.7205857290439843,0.0
4.22,0.8389189550967406,-0.09577656573136722,0.19484591206665927,0.21000696890790882,0.04998718174210646,-0.35398455803111084,-0.6359882480758642,1.0414676551847089,-1.6653255250710144,0.0
4.24,0.842452290736651,-0.09695248903810623,0.19087515779761144,0.14474771506296816,-0.13301578951726567,-0.06755707083685543,0.37819980263796643,1.0963374905122727,-1.654309281064112,0.0
4.26,0.8440442704873078,-0.09807035393797217,0.19166487216207362,0.047182713757651526,-0.013302460190219766,0.10207568197520439,-0.6358076602098854,1.0536864064932072,-1.7048115365367846,0.0
4.28,0.8451785160586603,-0.10023036887761112,0.19453142519889222,0.05641662991562394,-0.17811005999800342,0.17254870637614642,0.3952386180241699,1.0879499829934605,-1.7944040383798452,0.0
4.3,0.845253664851589,-0.1034054281829671,0.19904732003708564,-0.03303657051435441,-0.1393293485875172,0.2658283518174701,-0.48912080551666254,1.0821727319524908,-1.874177802512209,0.0
4.32,0.8443991991472791,-0.10683605155460554,0.2052247131180821,-0.048000478916758925,-0.19498431734739619,0.3397772121150523,0.2650045375603328,1.0240263579238773,-1.8904137892716475,0.0
4.34,0.8430734967595972,-0.11033314756987685,0.213051676904066,-0.07417882083695676,-0.15523808134923456,0.4229343825581433,-0.34686361415084616,0.9764618512881093,-1.9849738263769356,0.0
4.36,0.8419596709447733,-0.11370424231958419,0.22253742691148917,-0.04273571166792298,-0.18470648629091987,0.5005638283127289,0.07968975701849079,0.953636405679561,-1.9743521940423452,0.0
4.38,0.8412711801955403,-0.11671167149498247,0.2323388354837907,-0.026515260646630123,-0.12650228411925535,0.4800183059639413,-0.27069837689597415,0.9649856732710712,-1.9934171890278047,0.0
4.4,0.8413034626704414,-0.12085654960439114,0.24034400572906997,0.023725766632511892,-0.25185326559152543,0.3337708021212186,0.26550139284541047,0.8555555397838371,-1.9962583948094659,0.0
4.42,0.8413296322578812,-0.123488361563764,0.2453007881726281,-0.005099649987427492,-0.06535080743258977,0.16803508626230268,-0.7574409146886899,0.8388822763360911,-2.000876700346765,0.0
4.44,0.8421041241306992,-0.1266228740548999,0.2468943366633566,0.06065302571151409,-0.2054015490827451,7.10642827241037e-05,0.46521220079932024,0.8344376739853829,-1.9066222236448975,0.0
4.46,0.8425010164020396,-0.12870792680557766,0.24512957068313496,-0.00657774795776195,-0.049574624044493844,-0.16053862640081748,-0.772648211189754,0.8159562144132348,-1.877823254068553,0.0
4.48,0.8426638813126487,-0.13193746380434684,0.241265099072512,0.01558356851072473,-0.23771514000457425,-0.2218883406111001,0.48240925809125723,0.765207131485654,-1.8102316346903125,0.0
4.5,0.8422932703037667,-0.13499650125391327,0.23649281060903718,-0.030359010397995243,-0.10329547741617146,-0.25926615081625415,-0.7879729114401991,0.7452494641884267,-1.7131330831387912,0.0
4.5200000000000005,0.8437510399217769,-0.14032241337261517,0.23303302782265253,0.15681982356528548,-0.3689205534261073,-0.11440715133988516,0.6016003483515726,0.7612366140634366,-1.6845368600986097,0.0
4.54,0.8465181624442487,-0.1456285667871297,0.23090854387934,0.12107464065179781,-0.19736136423045336,-0.09925596798889717,-0.64902107675998,0.7443023578956921,-1.6875065493733699,0.0
4.5600000000000005,0.8498785298045856,-0.15136142691934992,0.22824102374503624,0.2020557229447344,-0.34366216419306017,-0.1629721808172893,0.5860346338283735,0.8286019851083083,-1.7238431175029,0.0
4.58,0.8536154005016634,-0.156433870842374,0.22415306940056856,0.1786036056338737,-0.2001124337249874,-0.23240340918607633,-0.7205795116854729,0.8462700067008025,-1.7278373983733315,0.0
4.6000000000000005,0.8581788569772647,-0.1622226420274041,0.21871360922957053,0.26269842823217204,-0.3392623456474154,-0.3150615053612845,0.621179929709947,0.980661857089742,-1.7093300916691327,0.0
4.62,0.8629190389951233,-0.16752399832489837,0.21196104173996216,0.2149691013380651,-0.2167958841622676,-0.3546690980448018,-0.6153154772713545,1.0279287895266518,-1.727293912861031,0.0
4.64,0.8686499453878124,-0.17167670976266092,0.2065673518835002,0.3239783106750995,-0.1753894302204445,-0.18302729944962015,0.6300210637286308,1.1471692265098767,-1.6620908539179742,0.0
4.66,0.8737125075735476,-0.1708202699873547,0.2057174803074978,0.20221997417402782,0.1490171093180599,0.015153793367993329,-0.7768981687508253,1.0750026478981987,-1.6674692007370968,0.0
4.68,0.8782157781525469,-0.16920445873025827,0.20691430685004458,0.24596304134424898,0.042106881330739664,0.08294056493426592,0.44696640505517454,1.112828211387065,-1.6851097423728436,0.0
4.7,0.88319328550496,-0.16727151112003816,0.21004457806577914,0.26056756869606906,0.12587078695661974,0.21064432730197127,-0.4895911992662787,1.0878911368538686,-1.697298551411334,0.0
4.72,0.8894239665597798,-0.16631708254242875,0.21473941198607852,0.3456357794271437,0.003114892981476068,0.24446711866949547,0.33522498028344405,1.1574452863073315,-1.6937900690339893,0.0
4.74,0.8960318442065454,-0.1646159770464824,0.21994906154726296,0.3211250448963659,0.1333702736900894,0.2703748399842279,-0.5425365819081909,1.092675676708449,-1.716122214213819,0.0
4.76,0.9031948609336853,-0.16382964132966513,0.2248866034390843,0.38269688611141583,-0.023781787593206153,0.22778936268486003,0.5175306770067587,1.1442436319676828,-1.7290978746705137,0.0
4.78,0.9107631005984513,-0.16238338049714796,0.22780987817826173,0.37705983416203964,0.12271316365529812,0.08831831331757356,-0.6882973329501231,1.067417608532935,-1.8206537955438782,0.0
4.8,0.9185626718370519,-0.1612801652509313,0.22793596386253925,0.39527015265553206,0.013868968466719669,-0.0563887304233656,0.5494642792684487,1.0755689930621881,-1.8816159191859652,0.0
4.82,0.9261497685475559,-0.15963998374163516,0.22508576652977708,0.3707982146679607,0.12298566045155393,-0.20492729785143113,-0.6623406655659408,1.030997103620436,-1.9246883147484541,0.0
4.84,0.9337489154444624,-0.15903225183929118,0.2204490397343542,0.3833315830110571,-0.03257062723335992,-0.24353143016106246,0.45606096323352113,0.988780635174979,-1.999562487333937,0.0
4.86,0.9413065028345766,-0.15772836032125745,0.2142478124293736,0.37265069811313434,0.1277600204926519,-0.34661084831176137,-0.722049777915459,0.9625494651837805,-2.0386785779599474,0.0
4.88,0.9491628362465773,-0.1571339544088897,0.20707274226197867,0.4054095522051865,-0.02761820245979736,-0.37047915155699424,0.5173730293806688,0.9061384121826285,-1.992796040941962,0.0
4.9,0.9573395801019785,-0.155777164302433,0.19915769025645588,0.4088669446347634,0.13607471573888005,-0.41196184812967374,-0.7163009913817291,0.9032966615462058,-1.9666198159316435,0.0
4.92,0.9653636192389184,-0.15517639014417714,0.19189794767374765,0.39073320335211026,-0.04014478081533994,-0.322585778717989,0.5131592611277243,0.8597537795898919,-1.9408630531512137,0.0
4.94,0.9721995181549178,-0.15364399021039044,0.18684413040565453,0.29523766659016215,0.16213367300107423,-0.18722942468497247,-0.637390250621021,0.8544572097946243,-1.8817769246890812,0.0
4.96,0.9775106580599405,-0.1529832969524072,0.18507068985577455,0.24843091531723294,-0.04292832086028686,-0.012199405940374594,0.40568529406928483,0.7890739520959729,-1.8258103855712633,0.0
4.98,0.9815071919801754,-0.1520546703570205,0.18726601105405064,0.17304410340754833,0.10603778349635384,0.18751643808779747,-0.649647297595635,0.7342133453871545,-1.777588667565885,0.0
5.0,0.9845272691056748,-0.15213888913348797,0.1931677992104243,0.13854982740558353,-0.07375023708317058,0.3697800759022995,0.38486947333830557,0.7461030753792371,-1.7124893409415898,0.0
5.0200000000000005,0.9875114480834836,-0.15208128036834534,0.20150092807934647,0.16553975751178704,0.05583439058612028,0.4439821273578321,-0.4980352273414043,0.731906011178057,-1.6809028181214374,0.0
5.04,0.9912087299759449,-0.15194799910901013,0.21039004124369598,0.19708471231579086,-0.01536713768060673,0.44067923943760545,0.34564899221733364,0.7445967469673598,-1.6908019122188942,0.0
5.0600000000000005,0.9952939033932166,-0.15115562896001933,0.21851651136256103,0.21047166226161804,0.07370825591235623,0.38307315961241695,-0.45935465720899277,0.7812928179918263,-1.6990859618283651,0.0
5.08,1.0000476483726746,-0.15075947205687526,0.2252287538252968,0.2580383714254601,-0.01377806545854161,0.2985072331265235,0.37781527743150384,0.8062451597075978,-1.6968214499256933,0.0
5.1000000000000005,1.0053938651358851,-0.1495561499281496,0.2290254830719166,0.27500198283996463,0.10498854397970522,0.1198881061577799,-0.576863273381134,0.8308394336274983,-1.7053780526545188,0.0
5.12,1.0114840841235613,-0.1489695220501844,0.22994093246918215,0.32310508154361894,-0.011876171052598814,-0.023839512911449076,0.6610217147497567,0.8800553523467375,-1.7238528023963657,0.0
5.14,1.0179301584385985,-0.14754014841552474,0.2278962598672783,0.31908343188355964,0.12104757330929639,-0.16588777677041097,-0.6407476497625019,0.9458586535433859,-1.6730296046619033,0.0
5.16,1.024564430894106,-0.146877966369382,0.2231425440657154,0.33655701296286067,-0.017269975846074544,-0.2977647591964521,0.6399738752695912,1.008183147510542,-1.7448957519853447,0.0
5.18,1.0309319821437601,-0.14530965575921154,0.21630730977044513,0.30642633871872066,0.13817525247249804,-0.38780558753336525,-0.7127711090041311,1.0597076633487006,-1.6916370608338038,0.0
5.2,1.0370302890460625,-0.14427042609981597,0.2082335436828931,0.3044201148958943,-0.012656582792396417,-0.41846401265296246,0.5318292385587515,1.078920423917351,-1.6717731991237275,0.0
5.22,1.0422692255026331,-0.1423492198442825,0.19960833904092065,0.22906228308902205,0.16329945382202238,-0.42350384798046126,-0.6719571083746417,1.0574150364366042,-1.7276919593968716,0.0
5.24,1.046767817803154,-0.14121267398552453,0.19291382976838947,0.22000778710725336,-0.01577697251665655,-0.2732296895744448,0.5881562387037962,1.0649095478244228,-1.6853214903787521,0.0
5.26,1.0498529524143672,-0.1393133408054634,0.1888956062570432,0.10886062387838297,0.17315806850050303,-0.14234088851457705,-0.6440182939538109,1.1288644913689097,-1.7143185522745539,0.0
5.28,1.0517829276710315,-0.1376269315046936,0.1875783085793347,0.09510411499527477,0.02881344848922124,-0.016374824634070376,0.3995394812909829,1.100220556656431,-1.762634016150805,0.0
5.3,1.0534754232184196,-0.1364894540512938,0.1884894725710485,0.07657138531694363,0.0780928742031304,0.08705812920748379,-0.48321171787433254,1.0403561957640646,-1.8295721652757135,0.0
5.32,1.0549260429470426,-0.1354045029779394,0.19244967439850857,0.07181211734825643,0.03955369960503514,0.2896295919939381,0.16866023897998897,1.0085168569361638,-1.8987234270616706,0.0
5.34,1.056144700674927,-0.1344041628946282,0.2008117877158289,0.05799732462669063,0.055927183617837654,0.5140806600667012,-0.19748804487659788,0.9641964488354732,-1.9504939871737534,0.0
5.36,1.0576532593789545,-0.13316481762263552,0.21330519341912635,0.0892509062959152,0.07096494771674414,0.6988314587655917,-0.11813004316089334,0.922966295504109,-1.9791429992258636,0.0
5.38,1.0597096989413366,-0.13195972070118492,0.22812863078167767,0.12168825849428809,0.054753110919655575,0.7433569933035334,0.0002048361338738416,0.8739101519532851,-2.0185687380681085,0.0
5.4,1.0628926144508508,-0.13017135724092696,0.24283250439625445,0.18786889699846024,0.10882691162298903,0.709436442144782,-0.11308129460227605,0.8907065045603205,-2.013873200626455,0.0
5.42,1.0672953016861333,-0.1289570389202727,0.25528041295833725,0.24021062415168465,0.03804357681718284,0.5532130479003069,0.0772979277240585,0.8212026473493367,-1.9915890796360016,0.0
5.44,1.0716779505370335,-0.1261702668893888,0.264418433401576,0.20616488354152462,0.19122098876396637,0.36881862587078607,-0.6245962899313463,0.8332602887104135,-1.927901683798326,0.0
5.46,1.0764068480330387,-0.12452339933958081,0.27064029685592955,0.24849290774571817,0.021394287003304004,0.2563528914415624,0.4489751081071066,0.8072894475674632,-1.8658759191628054,0.0
5.48,1.0803617027859354,-0.12227687050089278,0.2735163099675477,0.16951987442111952,0.15665651017862786,0.055058581116309055,-0.8595542840224181,0.7994938198773942,-1.804087787934608,0.0
5.5,1.0840370417824157,-0.12154381221711939,0.27434440951901773,0.18956113359508275,-0.03881801188815568,0.030859754703408817,0.45007415417837515,0.7663886688389268,-1.73276763732212,0.0
5.5200000000000005,1.086931603438462,-0.12067751370561346,0.2725770306687335,0.12384895132516956,0.09186152274895736,-0.1733670169891609,-0.7575351239135406,0.7597344874104857,-1.7600969455394233,0.0
5.54,1.09045325223656,-0.12099080090872606,0.2691395730187735,0.21385144802426273,-0.07698695665143512,-0.1829465378606848,0.5758665495400974,0.7610970649237258,-1.756178925412275,0.0
5.5600000000000005,1.0944228039763468,-0.12041897868514109,0.2633359847645033,0.19810075545287445,0.09108942423905006,-0.3640757032414845,-0.6598438813475641,0.7464872176305986,-1.752219930568021,0.0
5.58,1.1002029643630307,-0.12062866164205883,0.2565675983983323,0.35358654859794075,-0.07665985533118438,-0.32059515296586605,0.6642704667762348,0.8435666458555274,-1.7134895485654227,0.0
5.6000000000000005,1.1068384089064893,-0.1201596195443303,0.24853964320340446,0.3312479786362446,0.08316044236901331,-0.4511297275900713,-0.5333808942156495,0.8549060517817344,-1.7401544160684892,0.0
5.62,1.1157971772818687,-0.12067899722563348,0.24017888373947388,0.5272414432253894,-0.10039771587310058,-0.3955210315195443,0.8272033606123858,0.9262746769392971,-1.7483952252934334,0.0
5.64,1.1242760510982466,-0.12056811207169209,0.2336735201314573,0.3447706261016499,0.07208009047173768,-0.2381443629131161,-0.48161360183162477,0.9689468278843414,-1.709011247396027,0.0
5.66,1.133167790711688,-0.12193843493384127,0.23111878936464203,0.5085497470009648,-0.15942556566235253,-0.04802038661512144,0.8030190268741892,1.0285329341830225,-1.7181528007693982,0.0
5.68,1.1410518291112104,-0.12282169376119906,0.23150158983740687,0.3385711650128529,0.03224599525912733,0.056640404763572294,-0.6249530463464321,1.044170426610098,-1.7519024868103275,0.0
5.7,1.1503015474191427,-0.12438303761543866,0.23429632535521072,0.5426850986576067,-0.15035303391625643,0.1938118467984185,0.6904152527513303,1.1214780283552621,-1.7243209506509976,0.0
5.72,1.15926455292117,-0.12500244794577506,0.2389842254301693,0.4082890481549684,0.04521666446962966,0.24424258941432175,-0.6795414965384298,1.1107253245485125,-1.7070048091850993,0.0
5.74,1.1694942052029986,-0.1262456286869466,0.2445262143815678,0.569361887526259,-0.1287252090377084,0.28379119991390406,0.7214209916742382,1.1706553136521591,-1.7247356940791498,0.0
5.76,1.179089677760253,-0.12629347595831933,0.2499465368209741,0.43244655937318877,0.07148069383468195,0.25375491280279533,-0.6475989987216838,1.1272079735909328,-1.7435577321615212,0.0
5.78,1.1891613559560952,-0.12652937859087465,0.2538003727004096,0.5423504375886895,-0.05630532999662799,0.13392374995444464,0.6213936839734823,1.1225407252916344,-1.8580233550659793,0.0
5.8,1.1983507209192548,-0.12601922592654521,0.255080520111189,0.4181075296369577,0.07030241960872344,0.008717682041537611,-0.6517951687332416,1.0667577053010924,-1.8895173821357063,0.0
5.82,1.2079573180942702,-0.12591854341827416,0.25341088620031965,0.5169028687056768,-0.028170320703618152,-0.15882266519301097,0.4978511096343304,1.0285938322801913,-1.9866093707021995,0.0
5.84,1.2172193875064277,-0.12453744743692892,0.24863112531493145,0.434981239794037,0.1241611829685075,-0.30234693407279095,-0.737072800067505,1.0435464143274586,-1.9544176108496685,0.0
5.86,1.2270325631626529,-0.12332789702894786,0.2411248806344872,0.5238248897155104,0.028980865857007522,-0.4344224608444514,0.46598507259382776,0.9359570564355573,-2.0486576082883463,0.0
5.88,1.2363790320696137,-0.12061998653052962,0.2311198149158117,0.4309129407414565,0.19872804038400077,-0.5475702707161341,-0.7848616961278534,0.943080495578085,-2.0155801508983493,0.0
5.9,1.24565424215048,-0.11885266481680698,0.22139327264084666,0.47213743329967534,0.004466846135614929,-0.43461548490818025,0.5266154223305262,0.9171929050209376,-1.9623342062041673,0.0
5.92,1.2531456765215048,-0.11688755362213568,0.21297351802595837,0.30386809751608934,0.16247073601469852,-0.39696434705343764,-0.7509012744638655,0.9081339408851729,-1.9391703053133618,0.0
5.94,1.2601159059246274,-0.11605477715624725,0.20707411167730547,0.3741173322022845,-0.03957774191647438,-0.22284827802486462,0.5258458537151445,0.8083788507856474,-1.8875782493880495,0.0
5.96,1.2660438434459549,-0.11515234893724002,0.20380174510900528,0.23988079437791762,0.09659091963635348,-0.10623412599052234,-0.7243342132023343,0.8691965598320339,-1.8336103484941253,0.0
5.98,1.2717819923732792,-0.1160463233005963,0.20378332670814087,0.31089337828465663,-0.11574280253540045,0.047961282380560764,0.5582052314215546,0.7985607532129722,-1.7471005484724875,0.0
6.0,1.27634976784216,-0.11622836333120944,0.2060112311286132,0.1628456272787051,0.063966341531139,0.1508242178260521,-0.7425985371540667,0.8479402053515811,-1.6786023493220843,0.0
6.0200000000000005,1.2799573808223224,-0.11664953432697767,0.20910110933459475,0.18546290847413893,-0.07353337857182654,0.1532738085395357,0.44576859692898535,0.8308402507675856,-1.6725377516181616,0.0
6.04,1.2826583978909238,-0.1170483237774957,0.21162018977337388,0.1036439924340182,0.008728156174773093,0.10055552624800299,-0.6091712525391795,0.8162930883278793,-1.6888628105077201,0.0
6.0600000000000005,1.285252645724126,-0.11812979898470458,0.21268099948563876,0.14013096350093066,-0.08884269533841767,0.019393072665534777,0.37922198063265433,0.872686192428507,-1.6862060503822882,0.0
6.08,1.2872933154730433,-0.11847530772779152,0.21228347432557598,0.08004857350642118,0.026011286499339967,-0.04663324368636407,-0.6278764627816491,0.8589868553696877,-1.6902305112783582,0.0
6.1000000000000005,1.2896947896442479,-0.1193986017445048,0.21044997832685713,0.14764014648847978,-0.092248197578472,-0.12234979502366135,0.46747084575295117,0.902994501790859,-1.6926501978294481,0.0
6.12,1.2922817938572084,-0.11961683050121122,0.20706660341100308,0.1229000757166888,0.03615923446010689,-0.1947854302024526,-0.5907915240526909,0.9183087008640972,-1.7082095149797751,0.0
6.140000000000001,1.2961498234380928,-0.12051380183252068,0.20282012206416497,0.24414905875173587,-0.10628672830939903,-0.21951850485764177,0.5392633540153601,1.058855638570577,-1.6726008995630945,0.0
6.16,1.3003039062234891,-0.11919704128290293,0.20017098415709603,0.1827759644370811,0.15504266703700742,-0.07619391554185892,-0.6483366070102634,1.049274581863436,-1.7145554544040689,0.0
6.18,1.3046934288983247,-0.11814359666684995,0.19948837573463382,0.25111588942967933,-0.01379635843006404,-0.009276874474777902,0.45039172640677677,1.0951195912592957,-1.6811589025899119,0.0
6.2,1.3095871883824144,-0.11679891406061375,0.1998693193654135,0.24461806670880515,0.11893331945407729,0.04220172152778033,-0.6461420501397355,1.0889543109728714,-1.6821683238482033,0.0
6.22,1.3154910736652206,-0.11622736977161664,0.20096861263578136,0.33260499413520633,-0.0363758228894314,0.06145216667615541,0.5128426922275328,1.1238481961148372,-1.6456837535686288,0.0
6.24,1.3217884761749963,-0.11483328463637174,0.2026023527716564,0.31083633115369674,0.13031034930585092,0.09029931533084894,-0.6648025728334952,1.12849822966384,-1.6955485463416726,0.0
6.26,1.3284743008500004,-0.11422215817487723,0.20468177455332406,0.34593873129324754,-0.04882593120055224,0.11828398934606726,0.47758324834686405,1.1113720092356791,-1.6997112627465936,0.0
6.28,1.3344508983696708,-0.11373324774564086,0.20635452438293117,0.2664117827304917,0.06795928987639588,0.0661592038936177,-0.6364136287654968,1.0922945171366443,-1.8268036791541427,0.0
6.3,1.3405368501572306,-0.11361518236178385,0.20735289393709416,0.32763071331291593,-0.03070723941808872,0.033917010403425166,0.483140301329295,1.0768744842241553,-1.862228470372005,0.0
6.32,1.3466819719588687,-0.11310118835309077,0.20700783755519783,0.29864463162611193,0.06030544300053277,-0.049172964035842204,-0.6156990598663866,1.0338336666959895,-1.926658101670994,0.0
6.34,1.3534649348587542,-0.11317947982749206,0.20578957105785833,0.36773373582363655,-0.04090498974858989,-0.07373789696758146,0.5317092494855817,1.015034342465638,-1.9488211899937087,0.0
6.36,1.3602826096034901,-0.11205567406627254,0.20389270875287385,0.3177685840559235,0.13062587720132526,-0.1047949760463805,-0.6103405699880904,0.9631607737955954,-2.023502040815312,0.0
6.38,1.3673225451444329,-0.11047033228688555,0.2022499559044827,0.3701689859451516,0.04897559014506756,-0.06313906130379286,0.4424943190598164,0.914781894559902,-1.9970890091814804,0.0
6.4,1.3743289543250685,-0.10758714192852385,0.20028932891418566,0.339948211096806,0.20254468810464302,-0.1191220075053652,-0.6735539708601351,0.8951751869118577,-1.9768618623500689,0.0
6.42,1.3819088292981503,-0.10480499455687033,0.1978141376921036,0.40709855309512333,0.11496087243731246,-0.14363394593691978,0.5711051622415129,0.8204736003376493,-1.9408617099621055,0.0
6.44,1.3896310937667742,-0.10052485852243924,0.19482170458026,0.36816437593421664,0.29037657600864997,-0.15747507554749407,-0.6783727635209845,0.818108724841059,-1.9025478174425758,0.0
6.46,1.3973280350479143,-0.0959121788285957,0.19306669909773133,0.39420533827208726,0.173579204753369,-0.025270392144727667,0.3726115279062131,0.7286917931017687,-1.8126852176885235,0.0
6.48,1.4045733937489733,-0.09161222638134273,0.1939536846324223,0.33433650887084343,0.25170165598506244,0.119096914384068,-0.5631530161709056,0.7410489341467403,-1.7528703847231228,0.0
6.5,1.4115291552756009,-0.08879001135895216,0.19848232451321798,0.3590875486704677,0.07428433320618134,0.29657330240353325,0.44316772200244225,0.6527773983284446,-1.6917228048825543,0.0
6.5200000000000005,1.4184036767100319,-0.08598951904511998,0.20400987149282812,0.3385606449619094,0.1834184640763878,0.2584091274702314,-0.6061597772363343,0.7266841511301217,-1.6988576235501482,0.0
6.54,1.4256761053283145,-0.08362992588734165,0.20804919253871257,0.37649760587162995,0.08250403559358885,0.1630897507179588,0.5162929263392111,0.7014937131622715,-1.6815654497647212,0.0
6.5600000000000005,1.4330003343209798,-0.0812543706158553,0.20959186949405006,0.3598480909325892,0.14296084381849053,0.014565313483843864,-0.6802638629063825,0.730694548300255,-1.72734849022293,0.0
6.58,1.4407859123739934,-0.07906949615193144,0.20885728036296772,0.41380580639978104,0.0833928292798214,-0.0782786022563432,0.5254870213522846,0.7528008762123628,-1.687508161374323,0.0
6.6000000000000005,1.4485615389477107,-0.07637646417686463,0.20678938382786602,0.3582190292635512,0.180190365989222,-0.10949462956765325,-0.5498235642492906,0.7897473572174697,-1.6729132267106772,0.0
6.62,1.4560816450055922,-0.07354602585276364,0.20447900616841833,0.38636945917676047,0.11542428457438719,-0.11306179026359987,0.4503361205915443,0.8665290156647539,-1.6850350190307277,0.0
6.640000000000001,1.4631038344537306,-0.06959803918086133,0.2013576905755462,0.3328230081151829,0.2488752247329319,-0.18564833749865228,-0.5931657485541532,0.9156474511473836,-1.7048099679847242,0.0
6.66,1.4710153220148945,-0.06607360819689999,0.19791796311060578,0.44205625979321544,0.11839440511599052,-0.16198256301715191,0.496185364814802,0.9668765928847295,-1.708726637295907,0.0
6.68,1.4787330981743732,-0.06214495053561761,0.19484517879002133,0.3376742233141894,0.24775088496718603,-0.12562491926600414,-0.6127797088673158,0.9342287264253055,-1.6872066130997139,0.0
6.7,1.4858109555540406,-0.05915173606637774,0.19337665693517284,0.3628217095925084,0.08901583214511362,-0.043065600321833195,0.5699600365519495,1.0286010297537143,-1.6797631622891451,0.0
6.72,1.4921812646597854,-0.056070619678226324,0.19222306795698685,0.2906039941677786,0.1899305955814341,-0.07236853832121772,-0.7248359605993979,1.053846673822741,-1.706102313451367,0.0
6.74,1.4983061358287943,-0.05389711769201207,0.19095420002942248,0.3167042296369455,0.051178503266165506,-0.0722989429962724,0.5142893198812388,1.0870569600342432,-1.6907330678882022,0.0
6.76,1.5032445360877476,-0.0518141592344154,0.1905182374937185,0.1802569131276196,0.15724960705078048,0.015779193493461748,-0.6085359924373048,1.0511777956185822,-1.726783600867147,0.0
6.78,1.5064710885856765,-0.049423376431522933,0.19246882384531247,0.1506315385599789,0.0863059860832158,0.167894455070519,0.3416400875270653,1.0427489982706377,-1.7848271337761576,0.0
6.8,1.5086541461900562,-0.047937696111088876,0.19846641808798568,0.08443743164782956,0.06226711588052765,0.4048706590229162,-0.24652975227355783,0.9863808291982316,-1.8216717569510847,0.0
6.82,1.5098936100868015,-0.04692130155292976,0.20883649754047365,0.04719788033121224,0.05106231028173972,0.6080223048472452,-0.1757949711779347,0.9640687598128028,-1.9037117446912495,0.0
6.84,1.5106235875383853,-0.0456893065155947,0.22305262627693062,0.03370506586973042,0.06822196589049992,0.7862280646647897,-0.12371806251230813,0.8936209656120917,-1.915626744946452,0.0
6.86,1.5114133978950877,-0.044255810959948176,0.23917132938283642,0.0474899796033061,0.07838947814088487,0.7950414541884725,-0.11904846994413283,0.834031170210114,-1.9894290254097304,0.0
6.88,1.5128426258283472,-0.04230899157047617,0.25382974457603974,0.08796113428624122,0.11001421991633438,0.6692773667083199,-0.11342757555980003,0.8559040586294412,-2.03201818069111,0.0
6.9,1.5152188028227191,-0.040697424734176334,0.2656635756172219,0.1336828845897615,0.07139601201534593,0.5176523279076684,0.05445230733169279,0.854627244190226,-1.998272411668889,0.0
6.92,1.5170421310576927,-0.037296164945636395,0.2745332728419236,0.06770322246332462,0.22365232997092602,0.3771962148715923,-0.29816085988872876,0.8378181365793385,-1.9817680920366136,0.0
6.94,1.5194843405928633,-0.034951300382508536,0.2802179939538475,0.15188460470406162,0.062003414637115464,0.20385327257886582,0.6553025244099753,0.7610673585134491,-1.9756897750698785,0.0
6.96,1.5212751863241651,-0.031641137174985325,0.2825025081156938,0.05669472530525254,0.22059716444021132,0.03387275708406512,-0.634015452924081,0.715176804567869,-1.8845831522140357,0.0
6.98,1.5237265026545754,-0.029085229133348132,0.28127678023441904,0.15704534794109193,0.07967199048263897,-0.14538297959392601,0.5821715913265861,0.6893316710317825,-1.8485524217384686,0.0
7.0,1.525487627002847,-0.025372063401596822,0.27679142514518096,0.04512552303408631,0.24685209091119842,-0.28872937738906435,-0.6913006865942748,0.6996907565483862,-1.7736903844539655,0.0
7.0200000000000005,1.5274796829990913,-0.022573804856346847,0.2694160736656465,0.13073798530436737,0.0717710054878709,-0.4130695087020535,0.5482597083234338,0.694140097164545,-1.7193909959421685,0.0
7.04,1.527862029658654,-0.01945862358368977,0.26058146389130016,-0.057168685344271705,0.20423459814994405,-0.44502388860246767,-0.7743611653568665,0.6652025671857187,-1.7615714525297912,0.0
7.0600000000000005,1.5280406276172884,-0.01795181110492743,0.2523960764324822,0.05211948468894552,-0.00515504691701456,-0.3797085424347431,0.5975172814726125,0.6948234324276538,-1.7333297938600087,0.0
7.08,1.5271856324669426,-0.01594828968703767,0.2448872564808576,-0.10267211548169874,0.1641723012442461,-0.36334591553623224,-0.7658067434715908,0.7474213439097832,-1.7456874439422723,0.0
7.1000000000000005,1.5273808861734204,-0.014931731516527253,0.239104996691843,0.09031935806205343,-0.022898571895074646,-0.23885712489725291,0.6117919326212101,0.8871561597861977,-1.6921004420583314,0.0
7.12,1.5280169577540774,-0.013345414118804301,0.2341741416454874,0.002973511262744206,0.13947026129407908,-0.24910956560756894,-0.7243034622727604,0.8931079125120593,-1.7433830863763982,0.0
7.140000000000001,1.5306274003075298,-0.012751211931003061,0.23037053029837248,0.21955056533959605,-0.04239591504017444,-0.15596615437466013,0.6104540903678904,1.0298321275307596,-1.7151662501876204,0.0
7.16,1.5340385841316067,-0.01169465505464952,0.22695293839887762,0.14654445946392838,0.10641949996064858,-0.17903837765956923,-0.6875348855072985,1.0613717926689497,-1.7191052033316387,0.0
7.18,1.5393065383374975,-0.011754654775931671,0.22444721739527473,0.3335269969907141,-0.0702346063813405,-0.09929067963017404,0.6446028223517551,1.1469398570210183,-1.6975675716117606,0.0
7.2,1.5444896555503498,-0.011614600302387834,0.22232579256909127,0.2286060859401135,0.05675857287175514,-0.12789982408936765,-0.6698716912210917,1.103899506556381,-1.6971872678579596,0.0
7.22,1.551096249626086,-0.011947095833784595,0.2198658182313508,0.3805924269548451,-0.06416573108907003,-0.13142489010654995,0.6282653649861566,1.1756886821077799,-1.7006311624125572,0.0
7.24,1.5553435901353865,-0.010137100948935744,0.21951332791864234,0.10328328758298762,0.18303863522191316,0.04184648988766401,-0.6432631123120721,1.1709704011371234,-1.7190823941533002,0.0
7.26,1.5582823124487397,-0.008033172591727247,0.22159751006382072,0.17297483982039746,0.060838650439552694,0.1266521166761533,0.6264236963165902,1.0800753749389407,-1.7752623270086285,0.0
7.28,1.5600127252783629,-0.005495602897874605,0.22333894849560845,0.04336275844570458,0.16690706987863596,0.04382962786504206,-0.6912246144847912,1.110875551026825,-1.8110019723837494,0.0
7.3,1.562210920214026,-0.0028970608423755937,0.22334599821457576,0.15190637209665103,0.11145335320616709,-0.035800014386278806,0.5816539845318721,1.0972531782154331,-1.8831942938972126,0.0
7.32,1.5642234904876944,0.0007153322688468208,0.22132697605613666,0.07251159867583115,0.2237968408778921,-0.14450222130176027,-0.6610940879776126,1.085711518922104,-1.9515772945428627,0.0
7.34,1.5667935609801704,0.004587673293809308,0.2178521126768623,0.1700580051513957,0.17483382119248186,-0.19674997609756456,0.563140502210042,1.0094452679687833,-1.9905575579062302,0.0
7.36,1.5689564121281072,0.009499186868400549,0.21266148018536912,0.07680075229535548,0.29100725666296196,-0.3101813537812044,-0.7161304198013471,1.0081557648875668,-1.972050255509603,0.0
7.38,1.5718698400308486,0.014401297569989348,0.20575356706495795,0.18901965689636832,0.21176774937875548,-0.376461771149081,0.44071221679266753,0.9796508121238078,-2.024552060069689,0.0
7.4,1.5743489431878352,0.019958103633109108,0.197288134829658,0.07635751595991712,0.31184513326200275,-0.43414131629107555,-0.7591581080999165,1.013425724136017,-1.9363295117542867,0.0
7.42,1.5791757415140555,0.023895926000247442,0.19164142568620082,0.3131085490710327,0.13265803770544665,-0.2026529427430823,0.4937391258478771,0.9153933677509083,-1.9540868275872605,0.0
7.44,1.5840960713459873,0.02758400156644932,0.18853931033900714,0.20374807443250334,0.22772395281506086,-0.12780471258719786,-0.5997609275000215,0.8383250737657433,-1.9076168046468815,0.0
7.46,1.589177837238201,0.03108163674848194,0.18785001315284636,0.28856198496705165,0.15268553643306204,0.029308523712279915,0.36524734022724037,0.6882442429962559,-1.8512143712954285,0.0
7.48,1.5947548094813209,0.03511366238743179,0.18987642452780434,0.27137360931625504,0.24937958815705236,0.15792234966672639,-0.42036077780788167,0.6958172436995466,-1.7534899301705367,0.0
7.5,1.601302015022445,0.04014017899560997,0.19573614969670633,0.3604021242589817,0.25193863166808145,0.39636932979102224,0.22027816142234044,0.6988191075129265,-1.6620966029189244,0.0
7.5200000000000005,1.6077873530019482,0.04546297091413244,0.20546812477594714,0.30049383270104457,0.2745416724253788,0.5577084072799069,-0.26740260065748284,0.7356544028107612,-1.6977345564553064,0.0
7.54,1.6138633787121532,0.0505792107374233,0.2182480236872699,0.3032869085594268,0.242348783633385,0.6991701725401369,0.13140977057054073,0.6936235189661921,-1.6869346487667223,0.0
7.5600000000000005,1.6194058695089772,0.05553880694685877,0.23315393372038454,0.2604208042933425,0.25463583006167684,0.7741282431234214,-0.18883808224178622,0.747266326311856,-1.713142366452526,0.0
7.58,1.6253012283784667,0.06026529717355563,0.2482734630425614,0.32073135698501914,0.23250740466016073,0.7303693186079566,0.053480700487457886,0.7590381353916763,-1.6991768469384678,0.0
7.6000000000000005,1.6307445312647875,0.06629824036721403,0.26003095749441174,0.24739209360737327,0.344267781445104,0.4882368385992983,-0.3769835524251454,0.7733702504478088,-1.7706830224463026,0.0
7.62,1.637730828808119,0.07227782948721231,0.2681186196644102,0.4036893815588608,0.27250312506424146,0.3247561049753363,0.73120581245202,0.8173755237612161,-1.7600844870745826,0.0
7.640000000000001,1.6439620803313002,0.07888709872042171,0.2725829182224434,0.2591721251797005,0.3633527270623976,0.14723187603074292,-0.5739304346102366,0.9032770930357904,-1.7262320657142298,0.0
7.66,1.6509038392045097,0.08499027848646482,0.2736400746460058,0.39392802974729685,0.27350604180033533,-0.027494182196327193,0.6756763997205462,0.937559463784198,-1.753808278652223,0.0
7.68,1.6568601988166145,0.09175433263981689,0.27170314019890335,0.2423495012444852,0.3771512465856402,-0.15778499352309427,-0.644932392562451,0.9965621516469628,-1.7201223992238037,0.0
7.7,1.6634394121895364,0.09826450783554537,0.26671136163750647,0.3763664859864566,0.2981872594506674,-0.32935327348560783,0.6394215525175234,1.0565922385503932,-1.724375685991357,0.0
7.72,1.6690825436990693,0.1056989490619881,0.258727470073718,0.2231624834402604,0.4108584311403487,-0.4551937551747693,-0.7016994733391401,1.069572123636901,-1.7627715188196134,0.0
7.74,1.67499949756186,0.11153609456088656,0.24991490451143902,0.3403369129692702,0.17626534279603706,-0.36552413012307694,0.5086537310368778,1.10696918547944,-1.7262333800409946,0.0
7.76,1.6781380509235286,0.11576634964495214,0.24484032083046153,0.039322006107573027,0.22855127826455407,-0.1588396243834228,-0.824480001465537,1.0878089997342766,-1.7710883023317592,0.0
7.78,1.6800938363495992,0.11716655253063553,0.24426802635847825,0.13110052085122675,-0.040671219594006686,0.05848525681070957,0.6470660290213052,0.9947253150051245,-1.7886545314450153,0.0
7.8,1.6805298354700857,0.11685616079369308,0.24618147607995008,-0.0391295874238726,0.004486812998078335,0.11460815318658948,-0.707996156590779,0.9907656922880002,-1.8923551675836803,0.0
7.82,1.6815260412899597,0.11497096724465974,0.2491226792168509,0.10470749682593816,-0.1548881121714795,0.155109494884162,0.6823253954248608,0.983707159507393,-1.9729850550566201,0.0
7.84,1.6819464967305884,0.11343020032373115,0.2512720698790691,-0.027934536044029144,-0.022831531504953314,0.06630905426520184,-0.6607448489443407,1.0155976415122963,-2.006698041643997,0.0
7.86,1.6831224318980633,0.11222885561057526,0.2514292715525365,0.10812118653091532,-0.07914623350856088,-0.04786736524063277,0.6195994298973089,0.9819143984726745,-2.0252419620843614,0.0
7.88,1.6836092673600485,0.11230152574559668,0.24940001288336075,-0.025027109827319018,0.05375887177422632,-0.1478503785952726,-0.6787345726030136,0.9745866735060492,-2.04109633040596,0.0
7.9,1.6845784262430348,0.11254711415547176,0.24535811150724846,0.08983023241395337,-0.00966169815365287,-0.2532477885274653,0.5755204235942992,0.9357323725902422,-1.995548762897403,0.0
7.92,1.6847245859370052,0.11382109940880372,0.23896917244905147,-0.037226369674635044,0.10691859810159932,-0.3783745127908769,-0.7441397727760494,0.9275658600885887,-1.9612532540939647,0.0
7.94,1.6852648494962794,0.1150095271438679,0.23021823571894667,0.06602268277786576,0.03264132159182322,-0.49458287138598006,0.44959548551364276,0.8847486119582125,-1.8784122277451827,0.0
7.96,1.6851430610202167,0.11705932897971724,0.219674030136262,-0.015685772452539597,0.13581010169015972,-0.5012604509136066,-0.8294434548054638,0.8644574994065028,-1.8685594377561647,0.0
7.98,1.6894347652061366,0.11611248276534043,0.21449535452500348,0.3494151982487749,-0.1617528259822139,-0.13425716938374369,0.5755529427037427,0.7986439401730442,-1.8247353208510944,0.0
8.0,1.6952083625524985,0.11480778946663465,0.21289223102748342,0.24807258791253906,0.006009442778959713,-0.045644494346530486,-0.5886481270832383,0.7599223783900626,-1.6926306397986826,0.0
8.02,1.7017675163008834,0.11416355369984785,0.212090785844482,0.3715591771458028,-0.04391271138232687,-0.046338948531506635,0.5641547019197822,0.7141315677931177,-1.6937645532293442,0.0
8.040000000000001,1.7078040490359294,0.11441779256824063,0.21057130693891876,0.25330393445994814,0.05394328776096049,-0.09776982492975668,-0.6855671150353078,0.716337741734825,-1.7209815588600719,0.0
8.06,1.7144780066948733,0.11481236951329561,0.20754118725966686,0.3831233553957284,-0.0002579072967682401,-0.18640385199539594,0.49550376195103724,0.7587776382972228,-1.69229833819376,0.0
8.08,1.720859743364753,0.11614439499886556,0.2032605631916919,0.2771879859993402,0.11231755685288974,-0.23159771721128167,-0.657491259948248,0.816149350204898,-1.7293605653523678,0.0
8.1,1.7277536468905392,0.1175743285531779,0.198190039915061,0.38973623746711683,0.039813750746565825,-0.26616789364274135,0.5090560220072403,0.8605024718154253,-1.687737126309391,0.0
8.120000000000001,1.734009049303321,0.11973365383691519,0.1930538035965147,0.26467446633101505,0.15405692677106636,-0.2460323056330576,-0.6431170343762173,0.9087822271474514,-1.6702643911397879,0.0
8.14,1.7405908919360191,0.12202495322262553,0.18846343968653098,0.3738514633244079,0.08139546298482966,-0.21590192510717782,0.5019975161183845,1.0099893116368388,-1.7133770018602261,0.0
8.16,1.7464620290344943,0.12449627591854817,0.18516564391560061,0.24355643925081483,0.1474217477950824,-0.1227280840411516,-0.5842962553641711,0.9970045972217948,-1.665076573059904,0.0
8.18,1.7524884122651272,0.1268226420088099,0.1840013410495776,0.3424557191927706,0.08990779934901626,-0.003692198663087981,0.3849340935384721,1.0842685854157983,-1.6601502661845504,0.0
8.2,1.7574823342554238,0.12927201160313892,0.18578043755947377,0.18734158710620136,0.14252507422426472,0.1650110978807822,-0.5498629913026752,1.0671910257327613,-1.6891297192965498,0.0
8.22,1.7620234400174721,0.13087208444430493,0.19079487229510944,0.261960535777046,0.04802886763114744,0.3044486238452069,0.3675754747839664,1.0846922571169424,-1.707774752458204,0.0
8.24,1.7663794800017096,0.13374369464552666,0.19840540638227538,0.19403195047843777,0.20636287696859096,0.43311385177402406,-0.5383490964271714,1.1023406260269637,-1.6689849700088757,0.0
8.26,1.770970585834083,0.137252020535889,0.20771430338380323,0.26116376679784836,0.15905285224840363,0.4826567677156755,0.36038519679650227,1.079735325157179,-1.762362240609905,0.0
8.28,1.7755414376212226,0.1418305348501853,0.2164338424278823,0.20985907738419582,0.26669147858019043,0.40839650881526424,-0.5116190268748957,1.0697167361452553,-1.7994655230269958,0.0
8.3,1.7807129169925002,0.14650342263363603,0.22336708046837267,0.2853837826853533,0.21276095477735657,0.29821441759394496,0.43774574323640353,1.084626349360331,-1.867086476309308,0.0
8.32,1.7855214775959867,0.15154212162353975,0.22730338527790953,0.21431165076599692,0.2736206377552742,0.12489872845463211,-0.6391892112123918,1.0520122005226322,-1.9347146837344558,0.0
8.34,1.7904514174405686,0.15617092368760593,0.22804137518135276,0.2703306000308699,0.2067851606639896,-0.037164158486262415,0.5337775669055315,0.8933737397192388,-1.9712451044373567,0.0
8.36,1.7951247017787046,0.16125541390280498,0.2251964246532495,0.2151725712667627,0.28245015459052825,-0.22439154470224268,-0.7568428823284308,0.8808994710407503,-1.9984865142774104,0.0
8.38,1.8004833316290128,0.16587456010861754,0.2194290112796463,0.29773019695322084,0.1993667198671264,-0.3474077322680939,0.5253423572069542,0.806702097940716,-2.0120490647284974,0.0
8.4,1.8057757465568518,0.17091756915016143,0.2107783245507681,0.24567207852027426,0.28842696494464365,-0.49587692127982913,-0.6816778032667918,0.7979402609049675,-1.968017734147745,0.0
8.42,1.8118419252456681,0.17537810506173201,0.19965962159931636,0.33212325388367614,0.17790207926690302,-0.596438331951315,0.5738529246847058,0.725376344723951,-1.9581681666982942,0.0
8.44,1.8166320254662423,0.18046490779199753,0.18831697749029275,0.1653574446016223,0.2959579884658854,-0.5375044106609457,-0.7304272521053833,0.7593768884741173,-1.8709127393894995,0.0
8.46,1.8205175093931596,0.18371319451569937,0.1799327217959932,0.20937827666684214,0.07543603796876384,-0.3269641148503933,0.535565156121035,0.7276488636457326,-1.8423614363384628,0.0
8.48,1.823024920881651,0.18649701798505572,0.17619191857091807,0.07291596355115426,0.18188666957528654,-0.0822020485523092,-0.5675033954462367,0.7038947267570068,-1.7835327736419622,0.0
8.5,1.8247450007081747,0.18917211713953958,0.17881387884462385,0.09290503179929138,0.09171837106873332,0.2880532650568594,0.2522946303043509,0.6668412227815207,-1.6815397519740536,0.0
8.52,1.8260111383023903,0.19080788998857576,0.188171187552962,0.04576502817547898,0.07877461017956101,0.6021257106101491,-0.14060198687317563,0.6626459581939409,-1.6826747552378214,0.0
8.540000000000001,1.826598774483374,0.19209804612770034,0.2026209389802463,0.01932823835263249,0.062487320102682486,0.813519014215088,-0.14339681320255432,0.6755194544494723,-1.6910420118988563,0.0
8.56,1.8267712566366265,0.19337796730095966,0.22063765076320752,0.0038657151757537644,0.06075802200462479,0.9692812721444433,-0.09650763272742739,0.7143914510276694,-1.6651697798690517,0.0
8.58,1.82673264734686,0.19448228646493332,0.24119529152698074,-0.002798409496285717,0.05432820023485129,1.049274968359252,-0.05870517180277693,0.7650533648913168,-1.7116984106176467,0.0
8.6,1.826642501213287,0.19569682734456548,0.2609863353569874,-0.0027248181372541286,0.06621698277030799,0.9144888552572111,-0.055348991518988,0.799524569444058,-1.7264977706240288,0.0
8.620000000000001,1.8273161194616951,0.19682564157020666,0.2765236278328434,0.054681856086429614,0.05625092744391313,0.6597772605790239,-0.005198605439420396,0.8984030466542651,-1.7429285998248298,0.0
8.64,1.827570013271749,0.19918450481853636,0.287066742111727,0.001604128156887251,0.13952839607470074,0.42140198852679434,-0.26265265002972904,0.934968447617096,-1.7818779094080954,0.0
8.66,1.8287112505227059,0.20003310358141502,0.2939938048091306,0.08514160726173976,-0.007742073448748219,0.27113851785815135,0.5022629470148462,0.9771764958972853,-1.7548489197062298,0.0
8.68,1.8294826232001855,0.2020885449819222,0.29697419132972375,0.01375140514136947,0.15810851624448574,0.055315664088146775,-0.5855304258861009,1.1005447020697865,-1.7481445440069305,0.0
8.700000000000001,1.830699175023671,0.20310325101595758,0.29635927473679124,0.08331539595496179,-0.0043252733810196925,-0.11258156728315111,0.6349103201382177,1.1164510032441417,-1.7648381686096712,0.0
8.72,1.8313616839755213,0.20509892081961462,0.29198944521210896,0.006583504715934152,0.15446581769611198,-0.3071943620558667,-0.5659326078398206,1.129090387346808,-1.7144787381156663,0.0
8.74,1.8324423441634998,0.20582656162889276,0.28445540321527174,0.08151071071136877,-0.030524813775400332,-0.4423053955170163,0.6814868117649512,1.1606630805627338,-1.7593972373115752,0.0
8.76,1.8328996311248968,0.207401216879081,0.2742156938599439,-0.024309621284451452,0.14808690605223246,-0.535488243844069,-0.5595415811826886,1.143002466104386,-1.8074745035228184,0.0
8.78,1.8331062656838193,0.2079858671208824,0.2627496970824811,0.03290646123112542,-0.03527610301890606,-0.5959977118087507,0.7696785067967762,1.1204987967662714,-1.8655617800163982,0.0
8.8,1.8324752585451294,0.210414860100416,0.2522489529308988,-0.06801536841067338,0.22704038245121858,-0.47358100610486115,-0.7003411542035324,1.0303806121764867,-1.9308655733440423,0.0
8.82,1.8322435345403822,0.21288815862879848,0.24241264257212086,0.025751658210554154,0.05489809864744255,-0.47686431638261895,0.5399289763435648,0.9915492111517586,-1.9803144604087455,0.0
8.84,1.8317928064670395,0.2174157708762232,0.2344574754081887,-0.053325144586383065,0.3364384080926625,-0.32620809915860866,-0.8715466921419411,1.0131349085236412,-1.9852102653743724,0.0
8.86,1.8314175310740046,0.22124602479118746,0.2298272127367561,0.012531502217498554,0.11628470651874052,-0.17498213552521355,0.5896316406794597,0.9242535737811088,-2.02443771786244,0.0
8.88,1.831232422442914,0.22733493942206004,0.2282002847153506,-0.017175695362836533,0.4333681552268941,-0.02109326611005741,-0.7919770401750613,0.9142015309773857,-1.984292719281302,0.0
8.9,1.8322521411170536,0.23382592772179253,0.2283010018615784,0.10125278524638388,0.2695238560123469,0.01889040634933702,0.510904283574881,0.8592217069760193,-2.0016031647778973,0.0
8.92,1.8341672632393202,0.24269090675224853,0.22953526911515634,0.09441983640677608,0.5547770496714982,0.0832422027121351,-0.8375115673381245,0.8678253418929773,-1.970124131697212,0.0
8.94,1.8370087636969004,0.2514777976460688,0.23163137972205905,0.18014489287018742,0.38172876723850496,0.10654527389253535,0.48109068064865695,0.8304928824477255,-1.9464458526730994,0.0
8.96,1.8400202439455848,0.2620503413382592,0.2340304596222299,0.12963262592856153,0.6166171510038652,0.1161410755659597,-0.8256707114808436,0.82767894089955,-1.8880249964638134,0.0
8.98,1.8435464663536631,0.2721724907906434,0.23641514452898663,0.2110668031089412,0.44441555562975577,0.10541915658490855,0.46807984662054325,0.7852532819089842,-1.765002221672858,0.0
9.0,1.846877855387371,0.2830061270026695,0.23805123935789635,0.1356390044320673,0.58805242908694,0.050529457652850815,-0.843293332266287,0.7873872747236436,-1.70515431543538,0.0
9.02,1.8502400353647903,0.29189563124482676,0.23916516329800064,0.18812519220898685,0.35882239126859306,0.051477932038956,0.42368234069806593,0.793054460744465,-1.688415696407618,0.0
9.040000000000001,1.853594256784596,0.3004771503041564,0.23834778872578027,0.16381633891723907,0.47069065545863725,-0.11108028168443716,-0.7926573248714508,0.7382671689650065,-1.6961106313456769,0.0
9.06,1.857946255959851,0.30784175084933824,0.23549698835659238,0.2543817244571175,0.311173156176879,-0.17745839388163448,0.5287760111425689,0.7966986850521901,-1.7289863884544685,0.0
9.08,1.8631456888384874,0.31541975625867985,0.23070398531489847,0.2627973408343062,0.4152157881187394,-0.27219321981312095,-0.7652536360655733,0.8315833267249237,-1.6944274365765901,0.0
9.1,1.8693658635617751,0.32128054996029337,0.22523903383393448,0.34713883912151927,0.2157860655855115,-0.2838315330538247,0.6161198950460396,0.8890855744766475,-1.717491256058518,0.0
9.120000000000001,1.8763627363405806,0.32724196193160554,0.21889270509573047,0.3510633474508606,0.3440628337635508,-0.34143325203333225,-0.7141035202540149,0.9454088762586224,-1.705976098346886,0.0
9.14,1.8844430617249632,0.33132552510159025,0.21244440135170573,0.4438261191657273,0.12104000325608606,-0.32500315646805455,0.6049415653211564,1.0189932728001077,-1.689064821463282,0.0
9.16,1.8932265319014139,0.33522413678271595,0.205244329606608,0.43482950288890065,0.23399290058780006,-0.3824406080475304,-0.6256944067284049,1.0542688075542277,-1.7210361426729794,0.0
9.18,1.9028123618815178,0.33763409455318905,0.1978640203774377,0.4903031628075233,0.059901837941467355,-0.3399814821826122,0.6357840984483141,1.1744014626921448,-1.7051792953491556,0.0
9.200000000000001,1.9110442403092938,0.3426065068936125,0.19391631840575485,0.3703367882073411,0.3341843304165637,-0.13448131176771935,-0.6359111000439169,1.143713699548718,-1.693765741797084,0.0
9.22,1.9193282941045333,0.34744590343969106,0.19247684060135664,0.45214926150359014,0.16586341699685,-0.03091537755540147,0.41902131455859665,1.1221222203459558,-1.6705596961638418,0.0
9.24,1.927201885337987,0.3522991183210918,0.19336014741307897,0.3586915174695592,0.2852753649283071,0.1072597713864062,-0.5782310544188594,1.0733874700327986,-1.7112056387087562,0.0
9.26,1.935155579071236,0.35619946249495155,0.19703032284070612,0.4361637465339089,0.1366051885997189,0.22277853237138326,0.4472617235278496,1.0528413988590506,-1.7323622782771255,0.0
9.28,1.9438724259415063,0.36067472564941394,0.20160253201917203,0.43862080450842467,0.274552333928766,0.23550217430001844,-0.5433350103636777,0.9957608055690698,-1.7719745653683927,0.0
9.3,1.9533104658806606,0.36485992328384864,0.20605112628471473,0.4871839997426742,0.16895406382610484,0.21811909645089222,0.3889013879461464,1.010243877855794,-1.8484666904612326,0.0
9.32,1.9625798141625945,0.36935974264098753,0.2094056900584161,0.45272658807189464,0.25692480562729597,0.1395148319336108,-0.5664074055773695,0.9673064762172682,-1.9588477096823724,0.0
9.34,1.9724179909413735,0.3733355718275594,0.21137333913849282,0.5201002914057107,0.1677613775278329,0.06889490581885722,0.4899521673722484,0.8960286393157653,-1.9509656311406003,0.0
9.36,1.9829536765191866,0.3780401422473808,0.21097468319030008,0.5312268480765107,0.2749865754645079,-0.08583560788913747,-0.6491527164372691,0.9009406087262883,-1.9693083000579874,0.0
9.38,1.9941596149882341,0.38242343729714234,0.20820763220134123,0.5796495685049504,0.1821659081180669,-0.17613947178037603,0.482666209595084,0.8374831780672184,-2.0110541845328687,0.0
9.4,2.0052090937516978,0.38753139610868237,0.20349242311474663,0.5305450611186097,0.30897997581471087,-0.27732813805581774,-0.6913965175339344,0.8214408223613573,-1.991486688634877,0.0
9.42,2.0162642461550178,0.391711494832374,0.19765679546518963,0.5642540003104412,0.13688293738702276,-0.3003571479442765,0.4994788513570518,0.7427872656853816,-1.9170827615529134,0.0
9.44,2.0264820186710724,0.39600790498940763,0.19206091889962834,0.4661298886363062,0.2700642415739629,-0.2571811769547203,-0.6751918961635909,0.7208682496004963,-1.9005703899717765,0.0
9.46,2.0355700125897442,0.39915657452612113,0.18838522341080624,0.43595114132885415,0.08285258671569191,-0.12412361153858831,0.5291384311851997,0.6611361202532435,-1.8079381407765334,0.0
9.48,2.0432328418736354,0.40236571356831535,0.18738808477300808,0.35232993000291607,0.2110427866036883,-0.000985784539827013,-0.6365550458527078,0.691494456010275,-1.7515605181892822,0.0
9.5,2.0508022730590696,0.4046300528320536,0.18955856060761161,0.38666235226658646,0.034010222709726895,0.1920544509833401,0.3995866253957792,0.6889327390991382,-1.6581548875312597,0.0
9.52,2.0573726606232734,0.4062379233420521,0.1949924627666442,0.2834765293228803,0.11244971495415257,0.3337206381231976,-0.4828333610981095,0.724314377671352,-1.6833583133985885,0.0
9.540000000000001,2.0619629282514715,0.4080730173719612,0.20412987252783446,0.19515253211267358,0.08051976749196846,0.5413609293120544,0.16901964953305748,0.6883425522383336,-1.6814384964742377,0.0
9.56,2.0654248154866046,0.4096562218887537,0.21697022280728673,0.1607509724101585,0.07826579336910523,0.7211696839016196,-0.12182142461331447,0.6918272138107281,-1.7174798092629369,0.0
9.58,2.068314103567465,0.41101345987018584,0.23296732930453556,0.1386878555704114,0.059224481261495814,0.8427634681964623,-0.0619809531565984,0.7152142616010293,-1.7133404902849445,0.0
9.6,2.0712497004856987,0.4120966134493148,0.24944896463008057,0.1557066508216018,0.05262306840982377,0.7830146515984207,-0.029534158016583642,0.7389592477806299,-1.7129330619597027,0.0
9.620000000000001,2.074152067901121,0.4137437971966757,0.26357021474877257,0.14448740479973665,0.09442550178511391,0.6251354642404134,-0.1777623069071727,0.8001209983076082,-1.7040351239925862,0.0
9.64,2.077802569416745,0.4146169345142192,0.274018229707689,0.20061205015623615,0.019525211302745583,0.4408867517447951,-0.05439591889703392,0.9246143104760759,-1.7103296941558193,0.0
9.66,2.0811392011145062,0.41668454804179494,0.2805645442585196,0.14839807695128973,0.1456561021764294,0.23555113156087182,-0.6200159183339938,0.9684227288099179,-1.7574657124310338,0.0
9.68,2.084762369218091,0.4175093531057389,0.2841212114983082,0.19759092009054607,-0.0142992354396654,0.1153463872758595,0.49905651941527196,0.9604940416358353,-1.7277039263018867,0.0
9.700000000000001,2.0882414262209266,0.4191878874864686,0.2836636311774672,0.16262437042090389,0.13447146403504073,-0.12927941488631464,-0.7680926510591887,1.0352324412508582,-1.7885364688094896,0.0
9.72,2.0920475607624467,0.4196947686690468,0.28054916916844813,0.20654972538124863,-0.042990402616437204,-0.1706529621669409,0.40378537501316014,1.0535427083727398,-1.7998322948036922,0.0
9.74,2.095256717488779,0.4208845859871108,0.27534037546303974,0.12545604406318805,0.11145650382699138,-0.31502480732664806,-0.8750502233682329,1.0395262996553185,-1.750829690426969,0.0
9.76,2.0975489512490273,0.4200160890811924,0.2719969995000615,0.09509626774451697,-0.14866195963467033,-0.06841027925443455,0.5999729205931,1.0373758157365174,-1.8031209800449697,0.0
9.78,2.097825968607228,0.4186764316043454,0.26890665352593807,-0.03472378045001233,-0.023073244608423304,-0.21275936613941293,-0.6284894665987999,1.050774062486384,-1.8637359360937056,0.0
9.8,2.0967418796251622,0.41529035396474184,0.26599060107122646,-0.07745761857185729,-0.2620364979248359,-0.10800942897032914,0.7834455939792682,0.9985870927607059,-1.9461094130652328,0.0
9.82,2.0947336092435997,0.4114855947244228,0.26168381917633204,-0.1104536001324804,-0.15233970705562425,-0.2817328970166299,-0.49876539101038186,1.077345361518691,-1.9434375267442523,0.0
9.84,2.092869720372588,0.4059087427269562,0.25626054748555605,-0.09016123230806251,-0.3489046908088676,-0.26321443802518946,0.5895628376081224,1.028486762478327,-2.009793872009875,0.0
9.86,2.0905733977869567,0.4023055330565728,0.2508470731046081,-0.12613963156847832,-0.0712898637876313,-0.27809257404452387,-0.7006704297819014,1.059705881640363,-2.0216308879499727,0.0
9.88,2.0885920834686664,0.398554316620862,0.2453182768483987,-0.08557404986056394,-0.2521716447253245,-0.27671711452465064,0.6343644758133405,0.9705206854449957,-2.0241174041324697,0.0
9.9,2.0865727029886014,0.3969153010146797,0.23950469030048724,-0.10359303563233097,0.02116894723988643,-0.3068592985406177,-0.7343790059411807,0.9889136318734003,-2.0088866191145818,0.0
9.92,2.0853490386900386,0.39416983316648335,0.2347011937852365,0.01731748557032059,-0.3140110555437817,-0.05695197639578032,0.5779335080059318,0.9512958048105367,-1.9414198381837104,0.0
9.94,2.085892314546204,0.39110691608345316,0.23375615330942076,0.030623077990006235,-0.053318228290704296,-0.04057743707938208,-0.6651265664472877,0.8499201036971225,-1.9298970859740667,0.0
9.96,2.087164374777656,0.3859918634783237,0.23585744178135892,0.08663696912689303,-0.37072623995305415,0.17730196230084933,0.6265009697951163,0.8202138047418797,-1.8492702344108602,0.0
9.98,2.089451358869649,0.3815930510423202,0.23919013505677145,0.14328716702919395,-0.12855612996638893,0.15373363317026617,-0.637882843648032,0.7238755180981369,-1.8122931388079753,0.0
10.0,2.093005072708552,0.37635187478954957,0.24258058173520178,0.20755426197862048,-0.33941516027436996,0.16931236490088922,0.6685811877044404,0.7278833618914304,-1.7638708779137207,0.0
10.02,2.0976101252809127,0.372359908864799,0.245210722891765,0.24688052311636555,-0.11161157720843932,0.10900624587299244,-0.646562876725531,0.7119459840592257,-1.7528826766427705,0.0
10.040000000000001,2.1028857285499796,0.36783672588007343,0.24607048689953792,0.2743321899617704,-0.28942971195179795,-0.012681969109023132,0.5778065776456839,0.7376217381037948,-1.7087534500765142,0.0
10.06,2.1084032399082004,0.36420270583020514,0.2443952110430808,0.27501291823302065,-0.12012546129085155,-0.12827406299520025,-0.662219214563123,0.7691766814310286,-1.7539003825048947,0.0
10.08,2.1141702819014956,0.3596145892673299,0.24090867207040567,0.3011189356173751,-0.29336502583091956,-0.21777143529972395,0.6032310092021715,0.8415123480993036,-1.7488616694165737,0.0
10.1,2.120267651036721,0.35583438790060845,0.23575727634534271,0.29976935155250295,-0.12170785876915707,-0.2803527727410173,-0.6621097256497279,0.8977104401423087,-1.7416457546606166,0.0
10.120000000000001,2.126534888379907,0.35099865086364346,0.2292841904632214,0.3230901632339285,-0.313374999969805,-0.36243752616456176,0.6434682588239713,0.9696275528394993,-1.7313504348826148,0.0
10.14,2.1322662381130586,0.3474631561119783,0.2221089028202822,0.2586891601343601,-0.09210941954967261,-0.35845027164069454,-0.648988825539529,1.0248969485191675,-1.7292281729801462,0.0
10.16,2.1378020456117213,0.3437821603779222,0.21452451566110062,0.297488770431078,-0.20237636899900177,-0.35328513484200375,0.6165643031974806,1.1151627705920284,-1.7517705309113045,0.0
10.18,2.1435959085214225,0.3457873143474309,0.211282297332716,0.26738868813036437,0.26978851888414346,-0.07742447535550462,-0.7350275700279942,1.143352391636479,-1.7307902403579836,0.0
10.200000000000001,2.1490232691602986,0.3487310188185001,0.21067693531116585,0.27820569789844757,0.06375107645165355,0.0009954728541923521,0.4419542985912555,1.159669626986726,-1.689635502451444,0.0
10.22,2.1542039732654636,0.35202705363864223,0.2116836530274141,0.2397405733578583,0.22555959729294384,0.09485598887432145,-0.662462400187426,1.127534442152323,-1.7087278101924595,0.0
10.24,2.1588522900471907,0.35428956242939974,0.21407924419884752,0.2237366443589316,0.03767521242861566,0.1403473842401436,0.5546616797536822,1.1883673046125218,-1.6656551042829473,0.0
10.26,2.162540203030964,0.35706290203169044,0.21659418367722258,0.15988152065627464,0.19278023495029564,0.11643947622356489,-0.7645581629052053,1.1672865651010382,-1.7432328031491502,0.0
10.28,2.165839349039937,0.3590919077125284,0.2182591450075163,0.16144038071324032,0.03859368879598142,0.056821097208529105,0.5589265292487592,1.1880496164936796,-1.8363943991690859,0.0
10.3,2.1683693040715757,0.3614520376102799,0.21846259047809652,0.0962672119251709,0.16792901404307467,-0.01844462826948424,-0.5862569075399625,1.1525138909311663,-1.8964884928726526,0.0
10.32,2.1699156821407897,0.3628166319649846,0.21839587338150165,0.06277171978549917,0.008597831437392593,0.005330448757182734,0.35345468970426125,1.0948071105967436,-1.9296700540154959,0.0
10.34,2.1709185433709863,0.3646560346264369,0.21766376374598068,0.047614006605685,0.1357724722722645,-0.06410620627216192,-0.5291191698579235,1.0354140603359532,-1.973050613938542,0.0
10.36,2.1725215515123137,0.3653336884841003,0.21667747434072474,0.09788712468834367,-0.0271154104761313,-0.029239046164708238,0.3372816563794326,0.9936788554386814,-2.0112833894493956,0.0
10.38,2.174531126634799,0.3672520726452696,0.21539147405883508,0.09723542259314101,0.1782791529930675,-0.07701380601990296,-0.6362605800572784,0.9945237193925524,-2.0251653043046076,0.0
10.4,2.177207501396359,0.36813567671754327,0.21529716075748676,0.15627553317913556,-0.038422649371129984,0.056101590071276214,0.49935320994940896,0.9434023234518185,-1.9986667317053124,0.0
10.42,2.1800747294820284,0.3698988773386085,0.215651790757284,0.13976397730757273,0.16290241573168818,-0.012822100029798559,-0.7848030075356739,0.9090979750037038,-1.9600659298615728,0.0
10.44,2.1834663386650206,0.3711537394684144,0.21541325054341934,0.1823011292297881,0.007234369137844438,-0.01802596433076618,0.5496730727283453,0.865825568547822,-1.9199964552479662,0.0
10.46,2.186215776520164,0.37369420696329825,0.21477336266807337,0.09816987954974193,0.209981303819282,-0.03025744942189582,-0.6900920917502911,0.8872662426530146,-1.852076096971363,0.0
10.48,2.188335416115988,0.37553176707646585,0.21579741145592324,0.11056273493934045,0.02370240825714691,0.10197787198984352,0.47596250845759636,0.7979789271749979,-1.7520537411619277,0.0
10.5,2.1906312569757467,0.3782168055132589,0.21765184816125577,0.12172521710207501,0.2035949410545291,0.08568718355559664,-0.55883578729985,0.8027134401334397,-1.6880179114416791,0.0
10.52,2.193390266933819,0.37997887794045243,0.21991788518441002,0.13946039406937197,0.01831111118442507,0.14196155392705173,0.41111608001892697,0.7965268186002039,-1.7235433284682036,0.0
10.540000000000001,2.1955939326534213,0.3821543367575818,0.22163369442817232,0.09570497772353423,0.15766515061385464,0.04216130509828209,-0.5928570875506216,0.7666353825704687,-1.6925783640900574,0.0
10.56,2.197841673713557,0.38363784372814563,0.22237966942810766,0.12374907152532659,0.031006679187698838,0.029970788269167242,0.3172978360127473,0.7651232056630295,-1.7307637674148868,0.0
10.58,2.2003505614545436,0.38581235511459744,0.22189360851482356,0.12891630004173493,0.15589985948642288,-0.05238919450493127,-0.43801954982498253,0.8136846328951384,-1.7006522954538328,0.0
10.6,2.203660012534764,0.38745511559098406,0.22065055016969792,0.19161045573801355,0.04501457342793202,-0.06918806097461937,0.3147389625893226,0.8391500447527771,-1.7252621470882392,0.0
10.620000000000001,2.207427497746333,0.3905153106537505,0.2191715795685631,0.1858128296142252,0.21099858276043135,-0.06333415168969146,-0.5141427903663316,0.8836235084844598,-1.7334198193745898,0.0
10.64,2.212197662809679,0.3924222966207701,0.21729378814824335,0.2702287704477806,0.03247180505879616,-0.12434146152356822,0.6574655897121253,0.9985246646116127,-1.7177798303225082,0.0
10.66,2.2172405379936957,0.39496992847692924,0.21459110222523164,0.23749719712701362,0.17513287487976348,-0.14142971273750998,-0.6527589622667584,1.072657644556943,-1.7358526681223203,0.0
10.68,2.222447108472114,0.3958511389661971,0.2119565903813658,0.26644496214027175,-0.03720535869169584,-0.11699117155654849,0.6154785761092154,1.1861327934246604,-1.7063699528564018,0.0
10.700000000000001,2.2271260977795366,0.3982179557324423,0.21115936706881464,0.19991921641757632,0.19969801580593777,0.009019961389714982,-0.7002553510229657,1.1944244257414693,-1.712524868645104,0.0
10.72,2.2309742335504286,0.3999331266417571,0.21192827197740452,0.1888316348202546,0.0007994116110373456,0.06273210370239361,0.4646366305156662,1.1971076120334565,-1.6538010867578081,0.0
10.74,2.233966114346056,0.4013808096095789,0.21460354734823694,0.1255803736807015,0.12045604349369372,0.18419415935527922,-0.5851469541359869,1.1842084318411712,-1.7228857704345508,0.0
10.76,2.2369991977690624,0.4021383016031403,0.21819216205377082,0.17041845029205732,-0.014028977718339102,0.17767858620475904,0.4504661474894944,1.1665661845695958,-1.7205473463907848,0.0
10.78,2.2399763401124693,0.40383247480415063,0.2212282909366047,0.13116231829282887,0.13901119056647712,0.13450840779871048,-0.568594000169032,1.1571608630459214,-1.7968786837243895,0.0
10.8,2.242851304104091,0.40470201954969637,0.22291535746079746,0.14961462146172094,-0.01413004985159903,0.04786052922062499,0.47506291227399206,1.141331070797821,-1.8932690613496908,0.0
10.82,2.2457080125044544,0.4064132842816374,0.2224927463980145,0.1379129089062077,0.14495738752705584,-0.06886878641660654,-0.6309905630653109,1.0680781065648548,-1.9065204174608972,0.0
10.84,2.2485203944443155,0.40722787006916367,0.2204562048600025,0.1450821307725808,-0.027328757822866145,-0.12013485071488583,0.47589200729882936,1.0034314068320074,-1.9690883108674269,0.0
10.86,2.251524963993978,0.40906512679138873,0.21697032393898755,0.15299138566340864,0.16919544667996753,-0.21042230167289133,-0.7042687983830127,1.0559299529921053,-2.006735697669808,0.0
10.88,2.2547870386010302,0.4103156640113165,0.21259747270971766,0.16473917772502344,-0.0010841435364995367,-0.22024163558018633,0.48764476738222945,0.9638380894331745,-1.9879289829342217,0.0
10.9,2.2579220990216946,0.41235751628388806,0.20750002601528542,0.1418257875240354,0.16153776706606582,-0.25985966224616913,-0.7544679437417291,1.0152766647477296,-1.980303656496325,0.0
10.92,2.261983313027288,0.4118164854176291,0.20418472525748788,0.2230215947775617,-0.12905800539563175,-0.1143811648244352,0.5867648496053196,0.9214763315552331,-1.9459953452792478,0.0
10.94,2.2657964244022493,0.4114828655840293,0.20263479057508865,0.166025857413883,0.07354722243815141,-0.04267198123884045,-0.6556505775660686,0.8897034576334117,-1.891547526575756,0.0
10.96,2.269209648954065,0.41134338489148614,0.20346871437759523,0.1799564358266324,-0.053529541808693765,0.0967360471528914,0.36487145992681386,0.7945257272696867,-1.840486149897102,0.0
10.98,2.273036018020206,0.41204745082000216,0.2062688832073587,0.2011084758197818,0.09627334468083548,0.17168886673785239,-0.480188428304482,0.7558948622107957,-1.7831909520937577,0.0
11.0,2.277579458595696,0.4119617368348446,0.21158532079103104,0.24097467924017849,-0.06404406794131659,0.332323234825533,0.3600682217412883,0.7467793701618255,-1.6853394786796256,0.0
11.02,2.2818453319321055,0.4122329798166034,0.21881700344465083,0.1864066123908313,0.06890830678762593,0.3873483195969771,-0.4805866993097005,0.8402872516555028,-1.6922856079502915,0.0
11.040000000000001,2.2853968238950686,0.41203108885996037,0.22604225817362456,0.16899009678270752,-0.04858178284582844,0.33836000630817925,0.3688803701468722,0.7744058503646308,-1.7035672829835482,0.0
11.06,2.2881866252024277,0.41275297661828,0.2320720769707668,0.12229552526636099,0.08465492256588673,0.27183432374021893,-0.4894184760252826,0.8173710475175219,-1.7042182228057057,0.0
11.08,2.2915168766177567,0.41268231948479034,0.2360871323884913,0.19537894810477469,-0.05307911804291369,0.15060928002153273,0.44217428001892356,0.8382096005589965,-1.6957823485825003,0.0
11.1,2.295185683584648,0.41360366062206017,0.23743701557162375,0.1786840362837768,0.10461134882540839,0.012377926677101636,-0.6647023738277266,0.8757447712832493,-1.7060572563917296,0.0
11.120000000000001,2.2997395828363927,0.4137456878166161,0.2365528580872354,0.2611771369263594,-0.044827854101477785,-0.09806412595735264,0.62561277050552,0.976837258407324,-1.7171951276410877,0.0
11.14,2.3045964418590033,0.41471687068470653,0.23335290303675058,0.22829661803377915,0.10318170437418789,-0.2047322860529327,-0.6145095248199649,1.0004796069062938,-1.7182490566350546,0.0
11.16,2.3098018153813884,0.4150140177781606,0.22785782302979024,0.2822730728725909,-0.03287612874401777,-0.33647650021442077,0.6293449188319227,1.1012038179210144,-1.718538662806,0.0
11.18,2.3148634883149,0.4181923503596261,0.2225885865356677,0.22664622919629182,0.3420465009155242,-0.1436989866789033,-0.6579379981840254,1.1680462619602556,-1.708687315875829,0.0
11.200000000000001,2.320035973959913,0.42231568678733744,0.22002310347427279,0.2772645984297592,0.11594113301930244,-0.11386115883994567,0.4921786579449525,1.1778072043644745,-1.6966895177647163,0.0
11.22,2.3245106717771775,0.42724890203375937,0.2195057917989759,0.18638124016869123,0.30851319480187267,0.026271617780558504,-0.6547481009854208,1.1441419369791104,-1.7051013474733472,0.0
11.24,2.3289550757198825,0.43144005932582863,0.21972395093884012,0.24892293103795252,0.14236550002702794,-0.0030887612926291503,0.5444122270946735,1.1944812458973262,-1.715039229743902,0.0
11.26,2.332555002763007,0.43676631382324066,0.22019976649600598,0.1285515965507296,0.3340097570068161,0.047875601580452024,-0.7459246514992548,1.112534506525522,-1.7043212508982002,0.0
11.28,2.335323959228142,0.44131983154015747,0.22075569693092797,0.14091273543970564,0.15416007673796214,0.011416058088969195,0.4969222203331756,1.1746052261364828,-1.8039257486155653,0.0
11.3,2.3369484184321276,0.445915151156441,0.22031190913765,0.04684056016178866,0.27021232683810675,-0.05128754735722266,-0.6328969210196321,1.0890960005960928,-1.870474808444152,0.0
11.32,2.3382282499293625,0.44919093825511053,0.2192016634592245,0.0681505125764546,0.09693256589301362,-0.04693308758065472,0.439440720863471,1.0862522221938238,-1.9290730328877665,0.0
11.34,2.3391989608797354,0.4532695108229288,0.21711915105163446,0.03827685382119861,0.271332718742914,-0.13603053522730213,-0.6163331020973918,1.035792407004708,-1.9860765711139152,0.0
11.36,2.3409087495629834,0.4565245782179509,0.21441540210543802,0.11529002331394425,0.09584400069562969,-0.12713216406352507,0.5206862517451648,0.9686772100699953,-2.016656246937639,0.0
11.38,2.343099951242111,0.4606989735714398,0.21084690766554412,0.10909532965094353,0.27896271693105934,-0.21362520754569328,-0.7239347294141585,0.9969150515938321,-1.9976660798244243,0.0
11.4,2.346193408571375,0.4641199887164462,0.20759444110686115,0.2278376570602079,0.05809991762853788,-0.0511671721967275,0.4596149162001597,0.9539815031450722,-1.9583288331617092,0.0
11.42,2.3492274959352724,0.46742095072280254,0.20717871780723401,0.09570186596894212,0.2307030329767576,0.007822187835604566,-0.6765572385628922,0.9399008129631202,-1.978767752330038,0.0
11.44,2.3524655347357286,0.46914533549612875,0.20956530210708368,0.19063890687803814,0.00706518020604871,0.18356304595755507,0.42903525083115945,0.8169189448114524,-1.9049992234886826,0.0
11.46,2.355694025518339,0.47115798679663656,0.2137090231341185,0.14240767334359308,0.16342684998491255,0.22126278483106285,-0.6162218070346501,0.8406478772399725,-1.844223753911522,0.0
11.48,2.3593046299011475,0.4723468955318325,0.21875332662797076,0.2045336710818553,0.0022050218625636678,0.2677090663805219,0.4767330575032769,0.7922815286248651,-1.7487999996256591,0.0
11.5,2.3624974769550935,0.4748909585586388,0.22375453383997732,0.12200768674726804,0.21130830141045767,0.23562973910930313,-0.6702980362331603,0.8387574523536828,-1.6919331872122787,0.0
11.52,2.365374547299729,0.477038044428245,0.2279865073927013,0.14677015045827513,0.04245114083697876,0.19542888756142074,0.45230374782978466,0.8324994836199371,-1.677647365141088,0.0
11.540000000000001,2.3669980379498705,0.4793329410381515,0.2302803302553207,0.04348368940895289,0.15722164171458827,0.056088383567076995,-0.645669599605858,0.7847580681797397,-1.714092758567089,0.0
11.56,2.3688036365457767,0.4807825319053281,0.2301681994986969,0.12165582210424189,0.024329278666153,-0.05721207418305578,0.4242333108140311,0.7958337588560531,-1.6877472138418033,0.0
11.58,2.3706398759998946,0.4832327316746947,0.22733552668146392,0.07933678656416972,0.18131016026863936,-0.20106576445085175,-0.553355125492321,0.8756220913037761,-1.7376812177526508,0.0
11.6,2.373613947579751,0.48469515909436917,0.22233458958898022,0.18906272186353842,0.013313166223168834,-0.28970985962899465,0.5747565859888029,0.8733226504202286,-1.6905476838606943,0.0
11.620000000000001,2.3764358730505926,0.48695110818793164,0.2157791037446145,0.11245079946970402,0.1667981223537541,-0.34887500070039135,-0.6769793696818567,0.9477412882420003,-1.7280282779864786,0.0
11.64,2.3800038607877676,0.48802400502611165,0.2089432646254312,0.22729573657524257,-0.03478717093599208,-0.32442459777021415,0.5892768751013395,1.0434760574307251,-1.6701685611948474,0.0
11.66,2.3832506264546005,0.49148907448893353,0.20593158992077873,0.115051483910037,0.2739010530974465,-0.03535230663047813,-0.639369988900943,1.094628332993279,-1.694898510196145,0.0
11.68,2.386691248564335,0.4940790007160508,0.2059978964673111,0.2149876716444736,0.040789971677300266,0.025303631063772914,0.5778859412566536,1.0597093602879197,-1.725386624607891,0.0
11.700000000000001,2.390421442027885,0.4972753928128147,0.20728434710811613,0.1744089767899158,0.2174948719973458,0.09358214693715142,-0.7100485254615546,1.0964543938045455,-1.6991939540964578,0.0
11.72,2.3954106455229054,0.4989498333878755,0.20976360677204664,0.2972110696286973,-0.014806893860722654,0.15010045275937864,0.5243153540134351,1.1774508890502162,-1.6864323305108169,0.0
11.74,2.400384098784619,0.5007460581936751,0.2140709110506022,0.2121680740243259,0.14775299089673835,0.2676629284453521,-0.625676561740042,1.2178331054978768,-1.6567910472631189,0.0
11.76,2.4046563202506617,0.5015114023537792,0.21993523040657192,0.2086150265339123,-0.033649751496984216,0.30896106226183245,0.44924715845370217,1.2292065100223322,-1.7578941556130858,0.0
11.78,2.4078093780365974,0.5022295077880636,0.22528018297167957,0.12732231572557579,0.07301704951833744,0.23706844276378636,-0.5388168782401717,1.1710677044037314,-1.82072854399739,0.0
11.8,2.4107030197217987,0.5021223385979917,0.22978857255051002,0.15802795959062102,-0.05009046711992794,0.20941132331481482,0.36094998725010724,1.1142259377382298,-1.9093351634200275,0.0
11.82,2.4136672321295243,0.5024851973210813,0.2330224671904428,0.1513353636488055,0.05788451711039195,0.12579871805466666,-0.39483093366548627,1.032733238568026,-1.964437411481603,0.0
11.84,2.4177919512286414,0.5023764119270769,0.23503612097378707,0.24251823125368602,-0.036376023545553804,0.07817519955055824,0.27999966503243306,0.9866279146943947,-1.943246160958467,0.0
11.86,2.4220842632090576,0.5039875908650109,0.23525550484280358,0.20109295583314932,0.14728333537375224,-0.03685558310652873,-0.6609113899230702,0.9236040470343911,-2.0275293520040445,0.0
11.88,2.427246760489754,0.5050846459684717,0.23377532968019438,0.29422371466251407,0.0029817101144412,-0.1052964544034213,0.5829346770898081,0.8967461973298573,-2.0235600206467987,0.0
11.9,2.4327209475041665,0.5075739439044739,0.23075802145049676,0.26613755120867255,0.1967512878139543,-0.19556532000350973,-0.7630197912757438,0.8971585382281821,-2.016676383762737,0.0
11.92,2.4387141637071927,0.5093870641029169,0.22650097067247135,0.3199286642486519,0.022909605991453755,-0.23714755640686952,0.5384894317081039,0.8695511258740483,-1.9786271592448925,0.0
11.94,2.444505480427329,0.5118132407458966,0.22067608089798663,0.26632445376781444,0.18255044325601633,-0.3260321984739232,-0.7616842156932228,0.9034703448203082,-1.9163845681416445,0.0
11.96,2.4511841904574956,0.5121746814452927,0.21594607149786027,0.39496348032096024,-0.11671945111493948,-0.13647497322939958,0.5398921388210345,0.8664387251181669,-1.8338512075787854,0.0
11.98,2.4576032773935697,0.5121850834692947,0.2138153313251878,0.26222759528225037,0.08390506331868613,-0.07446374499894856,-0.6770174152239348,0.8205095245389511,-1.8015554556407447,0.0
12.0,2.463229790533677,0.5108302122311715,0.21412463552553268,0.2927197773118242,-0.1569407176112525,0.07563471571645243,0.5348801082998866,0.7482620278875513,-1.6729573371703468,0.0
12.02,2.4676290374627015,0.5093795639409312,0.21545784858931183,0.17056945585306985,-0.01958003371316732,0.055902321545696104,-0.8036488742865503,0.7742885409744392,-1.7038097780269257,0.0
12.040000000000001,2.471448049198399,0.5076654237553742,0.21545705483252903,0.19857172906601425,-0.1277800502929306,-0.04382552992023245,0.5137405672416889,0.827534995124024,-1.6904243455791685,0.0
12.06,2.4742633991441525,0.5063433282582054,0.2143951609838492,0.09887059539469474,-0.02438897150546953,-0.05935819424529733,-0.6163446601127862,0.8575127842866386,-1.6969391903537683,0.0
12.08,2.4767483465737175,0.504187113082259,0.21266397267183546,0.1349479363576913,-0.1619914240364485,-0.09844975974823719,0.47278327068485354,0.8836299920156216,-1.685046531356294,0.0
12.1,2.47845250937467,0.5023638419332361,0.21077867695166366,0.05327751082150256,-0.043808853610778194,-0.09064139454612224,-0.5656967747307045,0.9268243736807504,-1.7060749501598582,0.0
12.120000000000001,2.480206805151708,0.49986979538770304,0.20842943190148755,0.11180904203083603,-0.17854598252953774,-0.13377117911402112,0.5102837279994809,1.023078000545615,-1.6689506430442613,0.0
12.14,2.4821916307126175,0.5005085681252545,0.20805846590961577,0.08618932085263119,0.1572918067027566,0.06521058421890169,-0.5338408222033186,1.0699349679309946,-1.6712482159111364,0.0
12.16,2.4847429598484023,0.5012976662546896,0.20982530565014973,0.15373919583739806,-0.03250647300787543,0.10400018468741769,0.47697156725350937,1.082111868925139,-1.6890324925782376,0.0
12.18,2.4875856399952267,0.5032146323119974,0.21236097716747776,0.13643334094744458,0.1675782490446983,0.14402967494859248,-0.6510676735263847,1.0547423711356916,-1.6551689380101087,0.0
12.200000000000001,2.491344985039247,0.5044406584448913,0.21537648381059665,0.2216535789992312,-0.012147639569603064,0.15973166960561486,0.5254310642863599,1.2077003561071513,-1.6584554888066108,0.0
12.22,2.4955654385827986,0.5057197201218755,0.21821357968579,0.20409467178190965,0.10295905934054049,0.1288161905725799,-0.7044873890767956,1.2077813890012483,-1.7196716531959653,0.0
12.24,2.5000849737662163,0.5054973407589565,0.22087025637172686,0.23382346796871767,-0.08478043210528177,0.12516503342556878,0.48666014725518164,1.2078888798086425,-1.7025912223922541,0.0
12.26,2.504116674766779,0.5056630528440809,0.22284027358132263,0.18120869577854712,0.06327712625569755,0.07696486263923613,-0.6168841334811607,1.1761841447783725,-1.7572247842570066,0.0
12.280000000000001,2.5082419527061672,0.5051501908411614,0.223512455295083,0.22190348187365627,-0.08030898918429132,0.000686711737270365,0.4899793251756936,1.152572721042028,-1.7945621489286008,0.0
12.3,2.5122419404368372,0.5055388565229358,0.22217154909695436,0.19059915804621735,0.07656004050281671,-0.11127940227618163,-0.6472811147398875,1.107596539004866,-1.9327991504249848,0.0
12.32,2.5166296927317444,0.5055656423679811,0.2190787353363242,0.2415895585234881,-0.04108391383300567,-0.1908265497269955,0.451412506322337,1.0161921518319166,-1.9372744871808139,0.0
12.34,2.5214056382581687,0.5066055053273933,0.21376429147570486,0.23563346353655643,0.11092167173372713,-0.311863880590838,-0.6539725192215221,1.0049190714509955,-1.9742908368621888,0.0
12.36,2.526764092726841,0.5070896093138356,0.20728702214577913,0.2886561504525723,-0.03057620532099376,-0.3247627311365024,0.5346850054734551,0.9532502895727618,-2.000791278174375,0.0
12.38,2.5322512171798013,0.5089544969402208,0.20055510188031325,0.2610920612061161,0.18112323962248708,-0.34027499448483545,-0.7161952065949557,0.9712555109466371,-1.9863435973922323,0.0
12.4,2.537538718559494,0.5107663301263524,0.1946572004520806,0.2628446886782886,0.032428608786573714,-0.2560407107315874,0.463653309688417,0.8818589557915708,-1.975768777329472,0.0
12.42,2.542465397697054,0.5133297947227933,0.19021773018789445,0.22535232090369473,0.1884201776894988,-0.17843940511806375,-0.6738663585102345,0.8982706623294981,-1.9373572129628507,0.0
12.44,2.547723800144678,0.5140633177376912,0.1895987891048005,0.27963833167379815,-0.045939896279295345,0.0619525830337007,0.4763245969415618,0.8046766514377097,-1.886524923756147,0.0
12.46,2.5524511976942232,0.5156359636516865,0.1924875356638647,0.20029395534133024,0.1680153153335331,0.20889522266973048,-0.6484461535452754,0.8094484262920313,-1.8138846134151598,0.0
12.48,2.5563302973610904,0.5171253614397332,0.1983588942794763,0.19481330082477466,0.024763560766438084,0.34348386978879547,0.4210930155078822,0.7194338880460338,-1.781882877343805,0.0
12.5,2.559886204846485,0.519210536729748,0.20639478990652535,0.16997959767438017,0.16516872864813514,0.4370118630740064,-0.623755737661715,0.7372841965332775,-1.7086753579085743,0.0
12.52,2.564400518717644,0.5208716368132142,0.2147041528559299,0.2553913249127331,0.03996638224753879,0.4028312902762092,0.434139208728216,0.7602298393780462,-1.6840519341546083,0.0
12.540000000000001,2.5690989406050737,0.5230495082872008,0.22133801151072002,0.22129936560925567,0.14914428187980672,0.2812315655436122,-0.6141681788936413,0.7747478147736032,-1.707559703835243,0.0
12.56,2.573981946345464,0.5247089022075367,0.225646436644589,0.2579102667141443,0.04527412637679507,0.16350171591893786,0.4972727861119305,0.7842519918546164,-1.6736913023915363,0.0
12.58,2.5786383094165997,0.5269722999443632,0.22719723305479567,0.22032438746536273,0.15500381096241553,0.01493464589009933,-0.6234581378750147,0.8044811418876807,-1.6999235439662912,0.0
12.6,2.5838081661887977,0.528667119784303,0.22602802077008385,0.283205292570541,0.04538645030092264,-0.11645520290474883,0.5229374606628854,0.858366350124936,-1.7095895257271077,0.0
12.620000000000001,2.589213504208526,0.5310128388192409,0.22202774959473756,0.2602402533060813,0.16350800882475203,-0.25739204116242476,-0.6338193419575601,0.9023737882984108,-1.7161897812104836,0.0
12.64,2.595070629356301,0.5329337286216675,0.21547306037018443,0.3134759316341987,0.05580805208960128,-0.3805697828415521,0.6228642338455526,0.9932115553545784,-1.7029424263620496,0.0
12.66,2.600718675786053,0.535715045713894,0.20694314693919574,0.2570150744589109,0.19329152528777982,-0.4638124183831573,-0.6503998562271661,1.0203725489675255,-1.7175111122078133,0.0
12.68,2.606194488687773,0.5378240592929242,0.19762797022561865,0.28280773072186133,0.04593848955527408,-0.454962658210616,0.5937455102798908,1.1054729408428652,-1.6853035763300515,0.0
12.700000000000001,2.610256931050394,0.5426526542319264,0.19099971943283361,0.1496245060050246,0.34128814623253506,-0.26940974623167474,-0.62640148374739,1.0885546119067007,-1.698471265011359,0.0
12.72,2.6139258996065853,0.548792924503639,0.18720831995039636,0.22033291131763283,0.27810158082014164,-0.13652962329080529,0.42255055624600807,1.045701010647883,-1.6670620574984247,0.0
12.74,2.617961003628813,0.5560905730895028,0.1867117585628541,0.18503059305457392,0.41067868208740704,0.07783608383453486,-0.5472746085152982,1.0456074183311328,-1.7021225565264255,0.0
12.76,2.6229599556359404,0.5626319585707019,0.19064680568310108,0.30227061484761636,0.2782599684698043,0.2816025558283607,0.3626654821235295,1.0715668490988317,-1.7029152783534642,0.0
12.780000000000001,2.628509059341534,0.5688928664184064,0.1966757598834266,0.26195235977169123,0.33438469438668983,0.3135574981271456,-0.5518341934212516,1.0695111956562195,-1.811438263923543,0.0
12.8,2.6342357551413498,0.5745246139477438,0.20357346715384825,0.2988781363874774,0.24162247935921352,0.37035619066264747,0.3544317249603503,1.0129305419741341,-1.8581787254005242,0.0
12.82,2.6397408339160706,0.5801705780863112,0.21129460885323506,0.26867463365419386,0.30689950241725245,0.3989417145818059,-0.40933439156944823,0.9627874607678873,-1.9429259200597162,0.0
12.84,2.645924006694944,0.5853699692921761,0.2191979265520704,0.33854781379826576,0.22720488769217378,0.386284922706897,0.26438669810893023,0.9410717358411806,-1.9386132696937977,0.0
12.86,2.652424690167972,0.5916071322194694,0.22491933537023556,0.3166307837811085,0.3640727889745958,0.21673565666543196,-0.5350736910488921,0.8997142532355434,-1.9692581877621909,0.0
12.88,2.6595367704451713,0.5970391803015067,0.22806102065397704,0.38066138646396785,0.22114488598008866,0.09499458706088051,0.5386194345481619,0.8601060773552165,-1.9625029174613626,0.0
12.9,2.6667501159196707,0.6029638610269078,0.22801995428769922,0.35149136281160875,0.3383275149372878,-0.07917749292442006,-0.7028247042761153,0.8517788045371225,-1.9816405567750994,0.0
12.92,2.6745090048367026,0.6082317814934199,0.22505974626603867,0.4087815542337245,0.22041136267227046,-0.21525617783171364,0.5530912558723726,0.7812548543989436,-1.981189426742239,0.0
12.94,2.6817776529124893,0.6141786438694162,0.21937495662340406,0.326891975450434,0.34641839662028845,-0.3319114834672255,-0.6658108092957424,0.7568517776005912,-1.9231963139189179,0.0
12.96,2.6891713794874943,0.618257546836555,0.2130141991731195,0.39263706362264644,0.10176304577222538,-0.2972173928212872,0.5397990173347127,0.7601479940383084,-1.8738789882162088,0.0
12.98,2.695181285654149,0.6217226770606001,0.20794616473138144,0.23866072680539327,0.21647877269275523,-0.2210372801036443,-0.7390618545315389,0.6537662921091069,-1.7847500814015902,0.0
13.0,2.700150494451827,0.6239360195717492,0.2048352715407637,0.2485199057077657,0.04673730979371848,-0.12106318353220105,0.5606039647990666,0.6897379114049973,-1.7074191762978677,0.0
13.02,2.703596269613097,0.6264699196570634,0.20338764913754656,0.12411300873819077,0.18408646116034252,-0.05562165823603009,-0.7002505632829643,0.6803616426779896,-1.6572327007816865,0.0
13.040000000000001,2.7061632080728684,0.6285548857721984,0.20253804407535056,0.13380416136334614,0.04772303889181649,-0.030644351901061045,0.4408790470234655,0.697012268763948,-1.6860131371422964,0.0
13.06,2.7081965457173602,0.6308446414593949,0.2013131369000928,0.08764613860210406,0.15807857862964347,-0.07211805594586773,-0.6109732696822718,0.7159783747884596,-1.6696356889689727,0.0
13.08,2.710865056167888,0.6327752117123081,0.19940225400071934,0.16663270919310516,0.052360020913691185,-0.1099257103802699,0.4732342156871587,0.7481578046147146,-1.7099809254562752,0.0
13.1,2.7141738707667704,0.6349644095900999,0.1967010121248068,0.16490154431452314,0.15379492680432305,-0.14923476877087566,-0.6168997315431346,0.8465096453039592,-1.6994746086190826,0.0
13.120000000000001,2.7181285630149894,0.6369980320444186,0.19371190943928912,0.2242605515021641,0.061138524374062655,-0.14272385306908172,0.38239210001113094,0.8993946760307039,-1.705901915782419,0.0
13.14,2.722233837257087,0.6394413802295293,0.1908934397691226,0.1940749358048998,0.1619916129939307,-0.12513940284329417,-0.5916882153788932,0.9381995655692553,-1.6928391768423268,0.0
13.16,2.7273104894922917,0.6410696849193257,0.1886855131132699,0.3001023438246459,0.031229704895440552,-0.0949250076726419,0.4751091986229711,0.970852625167434,-1.6884936061692275,0.0
13.18,2.7335041670625664,0.6434598884235097,0.18703393846000047,0.32350325526783263,0.17119553381496658,-0.06958907260459395,-0.6311438416532669,1.0603955985703912,-1.6362850817983285,0.0
13.200000000000001,2.740990329065363,0.6452499932062148,0.1863918701796773,0.40215737131700546,0.020660624065525136,0.0022162748666237197,0.44872991847314186,1.0848389370717981,-1.6867977190587786,0.0
13.22,2.7481435593995,0.6464999848955839,0.18820836577308067,0.32664465250836694,0.09230801101710853,0.16051852750067547,-0.5234827899131309,1.1078476901779255,-1.6847023964203376,0.0
13.24,2.7547265725115304,0.6472085100562474,0.19345133402033432,0.33332936223603254,-0.0013678466021186395,0.3305988456332038,0.39407106087705873,1.0928748346914532,-1.6591083484408062,0.0
13.26,2.760391190343869,0.648603649242811,0.2011115253087155,0.24753878080050598,0.11490094648875251,0.4203227331306572,-0.5129434214981232,1.0420590011272022,-1.7308879052433284,0.0
13.280000000000001,2.765373290648611,0.6500391721344502,0.21045280365575575,0.25282880798988694,0.04612010717890825,0.498421792201966,0.3013059693689999,1.0665778888372592,-1.803978760592406,0.0
13.3,2.770150987107281,0.6514550393118047,0.2211724187794962,0.23116493126728738,0.08665204763638529,0.5608534101265334,-0.34022294656068375,1.0118375281962213,-1.8740775169272683,0.0
13.32,2.7746978288540105,0.652691821447166,0.23329320698505782,0.22864431257702467,0.04177315587567345,0.6263455440683446,0.14527763979662578,0.9671206470672873,-1.9028919274719176,0.0
13.34,2.778976554784629,0.6543786858917244,0.2450392717115208,0.2110449838553089,0.11804578390106561,0.5542256396129704,-0.3220462320843267,0.9158573404516038,-1.9897641360677552,0.0
13.36,2.7843632906034697,0.6554002972226811,0.2539371668553313,0.3060125659520137,0.0143260024529763,0.36407877346592016,0.3350601284079471,0.856486091611871,-2.03258719444323,0.0
13.38,2.789827350841418,0.6577066184621407,0.25887598003978857,0.25539099481640026,0.17054989363882286,0.15273047766629247,-0.7691203027976574,0.8594260473995369,-2.0521976172732384,0.0
13.4,2.7959293700383863,0.6593603123851606,0.2601764959886488,0.32949922326777237,0.035826828990118756,-0.014004983135111372,0.49058109754448004,0.8285840124182337,-1.9916403891629297,0.0
13.42,2.8014323714686116,0.6618083202819118,0.2577053957895347,0.24608146095224334,0.16736138108731696,-0.2141882363910226,-0.7528643558061286,0.7773075476315123,-1.981650702097518,0.0
13.44,2.807381833735558,0.6633381919224515,0.2518426635439067,0.32679249418152856,0.02339775382669637,-0.36238399839967683,0.4660379026405451,0.7692843883679419,-1.9218160529861286,0.0
13.46,2.8126294841489208,0.6658604602144533,0.24323367313615984,0.21404164990690713,0.18960424784076507,-0.46995816047381006,-0.7833818813570107,0.7198083582185725,-1.8689323863823644,0.0
13.48,2.817852956473967,0.6662434741678276,0.2359121540496129,0.28532933979014896,-0.09605100344654618,-0.2819052068931904,0.6212908841996739,0.6918482598331359,-1.8007049063854912,0.0
13.5,2.8209482041490634,0.6663467192033055,0.23294825625430698,0.06427841191231241,0.06989154556989535,-0.05483209441300286,-0.7559928877997298,0.6383264349205445,-1.726169321532725,0.0
13.52,2.822765788027602,0.6654673939446757,0.23391405724637418,0.10955198481253207,-0.11496687035650936,0.1142911774196856,0.6401033597636032,0.6815497851028521,-1.695220287543712,0.0
13.540000000000001,2.8235315937013787,0.6648622872412322,0.23637187185006997,0.005015974547225347,0.023698112378899627,0.12245887767033728,-0.7879784777454485,0.681060014538003,-1.743485687455935,0.0
13.56,2.825099393118562,0.6638290499728104,0.23887158988178944,0.13287390141198963,-0.09786238219019937,0.11081535476466321,0.567523586026321,0.7528939157572979,-1.7007984945694514,0.0
13.58,2.8274204916454533,0.6634614232339766,0.23968202597416294,0.11236705182869398,0.03039425409602394,-0.01739985141497106,-0.7504126905422318,0.7786659099992399,-1.7314933227813034,0.0
13.6,2.8311001834161735,0.6628463075691499,0.23866114545571332,0.22930804624657175,-0.06858255168712402,-0.08859600400261435,0.5567425596827349,0.9107500840090983,-1.706710746036871,0.0
13.620000000000001,2.8350662860028812,0.6626487491968917,0.23529638851313991,0.18439623249706752,0.02766948576858216,-0.23280918254769087,-0.6713922716989421,0.8888395295100876,-1.7234381581176539,0.0
13.64,2.8402373451315004,0.6617291711825108,0.23008916946508612,0.30512747082354386,-0.0885708628165505,-0.2971462139776437,0.6759207952063079,0.9953547302744761,-1.7253986513049544,0.0
13.66,2.8457026164175225,0.6614004301204038,0.22281582681428394,0.2524448517800727,0.028071207315054164,-0.4085530534181742,-0.5687916748570079,1.0324830735558757,-1.7001013660853865,0.0
13.68,2.8517221690632155,0.660272708427816,0.2139675755421867,0.319477718114291,-0.1112629921750849,-0.46607276098643385,0.6476403187524505,1.1155547096384768,-1.7575085499554088,0.0
13.700000000000001,2.8565299215358557,0.6596552284640781,0.20498506402595426,0.2054168924905108,0.02180010288145595,-0.46440137170532003,-0.7095548390827331,1.1183025263758293,-1.7020219971994988,0.0
13.72,2.861383937445609,0.6589223099345525,0.19578694717215583,0.2609931627671185,-0.0831376517003054,-0.4518006959243401,0.5694616897669353,1.1371307725623243,-1.6695064093366818,0.0
13.74,2.864338192391416,0.6595356391679054,0.18831224129160723,0.07584901258991758,0.1112349870405533,-0.3094645191843588,-0.6441948195069958,1.0915680932936183,-1.6544939278835509,0.0
13.76,2.8664241116194,0.6606280409401998,0.18428648726129265,0.13079119096151176,0.001902077549025506,-0.10281299764400942,0.4152088231745345,1.1415256413030885,-1.7200777171563502,0.0
13.780000000000001,2.8682114341406133,0.6616095406304116,0.18382933170312626,0.06193435315578801,0.07839593183031573,0.042561707757503765,-0.48181811357774623,1.064802686744116,-1.8014348763406016,0.0
13.8,2.869332743445902,0.6628358579535679,0.18706780466494224,0.057080222281706346,0.055288669902470194,0.25344632497325537,0.21995304401222385,1.0641332040815674,-1.8622765292871815,0.0
13.82,2.8702054509568837,0.6638044744529781,0.19499659674991948,0.033150049204258396,0.04144324974102799,0.5102975605643302,-0.15135689035808603,1.017205066825204,-1.9092974106937766,0.0
13.84,2.8707750828887217,0.664529726192074,0.20768900219961212,0.031499239290248206,0.036971689446190545,0.7265260440940328,-0.07774592316373477,0.976245456627162,-1.9656995478800594,0.0
13.86,2.871579849844608,0.6654942253369351,0.22360546210311905,0.05250606952560753,0.06272022270406394,0.8301496591319529,-0.06790628450660156,0.957044078668312,-2.018306847865086,0.0
13.88,2.87371907720924,0.6669822454904462,0.23955061899512212,0.1454343066111249,0.09132727682585777,0.7500331665597353,0.07348760856114732,0.9345807743086456,-2.0044115852875017,0.0
13.9,2.8759505919013484,0.6704439448421088,0.25321336941662254,0.09269567876659499,0.2220928966362994,0.6269218337848632,-0.2943880728370691,0.8638387516652584,-1.9876761008112689,0.0
13.92,2.879511138000224,0.6733314594902622,0.2636861421283239,0.22592944624120928,0.10478474890364298,0.441039641486885,0.36888282839346087,0.8240077736670094,-2.0021503670951035,0.0
13.94,2.8822620511385635,0.6776360397682931,0.2707953315674557,0.09053817708328618,0.27120525135898665,0.27296403049716855,-0.8936225446404296,0.823515098929131,-1.9448985957539544,0.0
13.96,2.885441117196697,0.6812221987923087,0.2746793230925047,0.1944738599228219,0.1316817530546298,0.12133414273793239,0.28633398214305233,0.7927016235808209,-1.8988606829655148,0.0
13.98,2.8875625095815094,0.6851999818996783,0.2749525167153122,0.05793595952872946,0.23199447001759785,-0.07197742897221977,-0.8671513657603902,0.8147716183341778,-1.7961020844514641,0.0
14.0,2.890298658171275,0.6878593427562305,0.2735592238895521,0.18332862057247712,0.06745462718552275,-0.0695196423745291,0.3676198108800741,0.7751573557351246,-1.7267896412068513,0.0
14.02,2.892330221049293,0.6904659897869543,0.26989942928338617,0.05897727740054254,0.16826150340884335,-0.2603038703499462,-0.8520038363808045,0.758842868079919,-1.753502166653718,0.0
14.040000000000001,2.8957400841749568,0.6922416382425346,0.26541631357881884,0.2434783245274126,0.04601938033872347,-0.20800034572463916,0.5268540799807848,0.7642675185714942,-1.7313428476993131,0.0
14.06,2.8993453363219266,0.6950049120183059,0.2592328832763158,0.1531316994293867,0.20031397364231346,-0.37461011545045725,-0.738740852861698,0.7464569197208074,-1.7654515817891527,0.0
14.08,2.9052743053840833,0.6978165340171469,0.2530696605668177,0.4018661673870797,0.11682826831974873,-0.23255338230054143,0.606002755155255,0.8313030227302894,-1.7528136529049005,0.0
14.1,2.91200654296395,0.7020072367040018,0.24674161468017575,0.3033290786531523,0.26881045621622573,-0.36624832182091716,-0.5319812794076001,0.826651954825048,-1.741238953669863,0.0
14.120000000000001,2.9212674582705977,0.7062690315450733,0.24068349166060674,0.5683830010564771,0.1783828392711663,-0.2563118451676376,0.8049907529375004,0.9096049400170652,-1.709489418793261,0.0
14.14,2.9300042656807483,0.7111863860435108,0.2364295914491993,0.3474203583351414,0.2818019371233911,-0.1584554125767963,-0.5731330084591284,0.9792862561906351,-1.683307789403283,0.0
14.16,2.9401576574216057,0.7152018377683206,0.23542864569098998,0.610807337919069,0.1469144060419221,0.028642214775023187,0.7604258501360048,1.0820655096467822,-1.7028847866133952,0.0
14.18,2.949828986914669,0.7191489764359535,0.23706328495238274,0.4186852263069961,0.22939789234192967,0.11314095581830383,-0.6803462172166044,1.0798986424160328,-1.7317658943739083,0.0
14.200000000000001,2.9615621466676356,0.7225281798518469,0.2406772726277481,0.6935007173438771,0.12689217664866728,0.21997775425026764,0.747302368609837,1.1872310937581192,-1.680544017520781,0.0
14.22,2.9727598623115203,0.7260414076220053,0.24559953474877677,0.4822304085186693,0.20724037299000683,0.2567290380766604,-0.578558448813493,1.1281903408146572,-1.7010239151537976,0.0
14.24,2.9848188774964157,0.728970406544053,0.2511341443859053,0.6707296350010196,0.11018102931873,0.27252384272229685,0.8073268876440527,1.1654078746393715,-1.703579515256556,0.0
14.26,2.995336754829011,0.7321106027377788,0.25599546714668225,0.44660836954859723,0.18835632044077813,0.20751694827830977,-0.5617822775613441,1.1392317558628826,-1.7761906966958796,0.0
14.280000000000001,3.006308351573154,0.7351643781708326,0.25879599161590394,0.5997326098576375,0.13296910114171231,0.0789955917282424,0.7002121668984146,1.1574733316254577,-1.8445868790545248,0.0
14.3,3.0155985110697388,0.7386181035780801,0.2593320471061669,0.3941010355561803,0.19512500033865068,-0.01825750847549757,-0.5874195625819213,1.0885293293918183,-1.9216461935243456,0.0
14.32,3.0253596675615753,0.7421722564315348,0.257406076640805,0.540000258097732,0.17403767524044206,-0.16257395200204303,0.6084430943931826,1.0131456065772493,-1.9350199259768412,0.0
14.34,3.03368139941016,0.7466964953036338,0.253159709506355,0.34102672345874246,0.2611446555212434,-0.25370394318612793,-0.6671667290019769,1.0615680431550585,-2.0160369546363146,0.0
14.36,3.042029716741325,0.75168465625221,0.2470277109398447,0.4528148691009138,0.24910085907166366,-0.34823133192651357,0.5420568148524189,0.9365845927525773,-2.016116688919917,0.0
14.38,3.0483600272685965,0.7578850056544031,0.2393045719069728,0.2342493330258141,0.3512059812342262,-0.4188989980348843,-0.8223687650229976,0.9449005467008229,-2.0525144594852525,0.0
14.4,3.0547260005320203,0.7641868537530706,0.231462196493018,0.36332943861772615,0.2843914590912653,-0.36511150611715903,0.5223810496364267,0.8031756861842622,-1.9968215260440103,0.0
14.42,3.058863241598365,0.7710818773583638,0.2242530559837349,0.11147755338834703,0.38182417495950816,-0.35849507530085944,-0.8030962261819443,0.8946175575896603,-1.930274370759866,0.0
14.44,3.063128854913535,0.777787721791319,0.2190046837058643,0.2673206650730008,0.30114867794701417,-0.19592678331210905,0.5692555397908532,0.8165198492369403,-1.9014386851689582,0.0
14.46,3.0659336101074657,0.7842783464010541,0.21570082864868684,0.06379831801040832,0.3281722337484511,-0.13848693493366712,-0.7158723588221803,0.864997208680644,-1.8725373212294825,0.0
14.48,3.0706612003131757,0.7887254855829088,0.21589228691393245,0.3222444905287101,0.1726024032504938,0.06628561800665328,0.6485655487156159,0.7462928511362619,-1.8176140920978814,0.0
14.5,3.0746816411417064,0.792932465943937,0.21782584899336077,0.10748170190896252,0.2312646911410607,0.1257020793073933,-0.6056137588724403,0.8128389406183526,-1.7186855218076271,0.0
14.52,3.078712854917506,0.7966044070168959,0.22031982380138368,0.2583814930871105,0.14823894450336647,0.12685166620598418,0.4117547339885942,0.7463527537401722,-1.6964796469627201,0.0
14.540000000000001,3.0820823051903403,0.8000512244235821,0.22164800799877324,0.1131483265140959,0.18314530053717565,0.024641053238511564,-0.7144019477455308,0.8542240681878821,-1.7263518004267786,0.0
14.56,3.085801323007315,0.8029889998255725,0.22076225376749634,0.22579892293164847,0.12458306105356118,-0.09815163629550769,0.5089616092463312,0.8223358942171339,-1.6900602931046922,0.0
14.58,3.0886809637749213,0.8058385580048508,0.21769528332343432,0.08559817698700281,0.15725511663206793,-0.19273978764058994,-0.6654821867629421,0.8670894124239805,-1.6928244794703011,0.0
14.6,3.092231543246894,0.8085257619665621,0.21306899795482406,0.24539633811456713,0.11147797155330345,-0.2553412164615446,0.5303659193821838,0.9433710813689755,-1.6804017818375234,0.0
14.620000000000001,3.0952166968412405,0.8112348727871653,0.2077784166146108,0.08262723189096538,0.14548551649334057,-0.26570177431280806,-0.6021237831312758,0.9639949491656078,-1.7130093348815325,0.0
14.64,3.0983965313497537,0.8130327864145257,0.20276707764700994,0.2056356171052527,0.051476484572177364,-0.22703052097316043,0.575717214450435,1.0339788060935229,-1.6971777112031243,0.0
14.66,3.099343301917002,0.8161373269698702,0.20010682206814934,-0.039241942339758536,0.20611103319414065,-0.07636236503926838,-0.6548197017894868,1.0429579463302303,-1.6920191000277771,0.0
14.68,3.1008821842086176,0.819575669519154,0.19946668800599066,0.16243215749037582,0.15395909081400225,-0.004129441191990241,0.4652719264129286,1.0844098684902823,-1.698477366349876,0.0
14.700000000000001,3.1026377750546,0.823854142297078,0.20087177134957654,0.04527667600220575,0.25154285583792474,0.1269217180024638,-0.5705542787507994,1.1109509323450766,-1.6974126788824142,0.0
14.72,3.105282694750498,0.8283406416649737,0.2045099946923709,0.19591888178259023,0.20993638676517185,0.2188545628007614,0.3871549588996002,1.128840840624526,-1.647124486092856,0.0
14.74,3.107787565524852,0.8333896649406572,0.20950765940381352,0.08698915568527237,0.2741205487734085,0.27000592415874325,-0.5575909218648282,1.160949935970991,-1.7272116782074398,0.0
14.76,3.111568932443042,0.837623192021555,0.21563415345087197,0.26116122647282386,0.16422558030575332,0.33245130786383653,0.4775399336525376,1.1286038725449867,-1.7390641351596727,0.0
14.780000000000001,3.1150961927695566,0.8420063152940119,0.22095915929245538,0.12704732345405528,0.24879096576374232,0.22403422252097582,-0.6149869211302319,1.1136575209202642,-1.7972477121119625,0.0
14.8,3.1189634712414587,0.8460838582533831,0.22421059209439492,0.23148193228080827,0.1748554190139503,0.11852037410937048,0.5595018516633448,1.098253927414825,-1.8828112235333205,0.0
14.82,3.1223302795901717,0.8501891266921792,0.2249795034778559,0.13197330710384794,0.22632257047319504,-0.01787487873004638,-0.6529932815118571,1.070185998733651,-1.9468160575465725,0.0
14.84,3.126367963898315,0.8539708165459846,0.2238320273667078,0.24891339437830048,0.16462710434595282,-0.08933450017257903,0.48575291518119773,1.0095825702112982,-1.9578654433539073,0.0
14.86,3.130142884686839,0.8587031966361818,0.22020262213345224,0.14760188726084805,0.2793257072017424,-0.24339792173447938,-0.7294611122815553,1.023819295298605,-1.999315475531806,0.0
14.88,3.134558090161891,0.8629138230687439,0.2151046584066443,0.2691083171197604,0.164381377698167,-0.2639932829853481,0.4754177528600171,0.9490179928307414,-2.0120326524876395,0.0
14.9,3.138428140451476,0.8676720049312299,0.20904758056297146,0.14234110507716044,0.28730685576929627,-0.32459970036648883,-0.7280274951344996,0.9759434995006524,-2.0111843497581465,0.0
14.92,3.1445230681479845,0.8715382144305815,0.20480368639655125,0.40619970934722427,0.11706789724776394,-0.12462159868654912,0.4955927692101577,0.9795900696460607,-1.9631115204766332,0.0
14.94,3.150099912715432,0.8747871427750827,0.2027989192317537,0.1983318222138445,0.1931222190212236,-0.08306402682945206,-0.6742270121247328,0.8593252447502536,-1.8989748209181065,0.0
14.96,3.1559809027024075,0.8774374561194194,0.20222892779739066,0.3560688179821696,0.10025852663924442,0.0017360841924699546,0.4275409672192576,0.7351132534543054,-1.8430829316749002,0.0
14.98,3.1613893321583704,0.8807244100209141,0.2022016693854019,0.20804571588544354,0.209448377466941,0.0010947109491148555,-0.6355332254861407,0.7704943174818745,-1.7766337782138881,0.0
15.0,3.167445325429298,0.884196310906242,0.20293523282593057,0.3556905553983908,0.15930463276021073,0.05577837730980885,0.5195449668508236,0.7256559112998631,-1.6743091215653423,0.0
15.02,3.172683099707513,0.8885204885641192,0.20450973828227578,0.18688964599385502,0.25483060409087777,0.10083851242392473,-0.6029507231838073,0.7628089290049096,-1.6979276328330468,0.0
15.040000000000001,3.177436454702349,0.8929277962840184,0.20590933364545774,0.2636869986846583,0.19801719731004797,0.055072595002918175,0.43322801045264936,0.7657361706635599,-1.657293435364546,0.0
15.06,3.181013863606982,0.897671447479033,0.20666187643586514,0.12527491275831693,0.2627593074536136,0.02333755971421059,-0.6299429732993986,0.7872282300607227,-1.6729673666785738,0.0
15.08,3.18448646881125,0.902607601940383,0.20639490241828395,0.20029625012301283,0.23722674332399643,-0.03981059451996646,0.4293615228797202,0.830083978673393,-1.6905591633165722,0.0
15.1,3.1870704612621834,0.9082836803978876,0.20542308097679363,0.08569323686970479,0.31395025680842886,-0.05490867865982954,-0.5799260153853549,0.8615913792400066,-1.666558020939826,0.0
15.120000000000001,3.1903958649719133,0.9137255805646254,0.20415247538518744,0.22146572238602796,0.24412720076801384,-0.06704426932309314,0.43277371936292164,0.8846312256288256,-1.677835204202436,0.0
15.14,3.193972161369619,0.9198642316358632,0.20250483069945757,0.1554726026025135,0.34039897741068553,-0.09045851877430125,-0.5932049274721947,0.9752576331547982,-1.7003743759664034,0.0
15.16,3.198430812583668,0.9255170439709568,0.20080972260270274,0.27251437123163536,0.24834791377507517,-0.08185597959405533,0.5045365074668071,1.0205938926730238,-1.682770002642059,0.0
15.18,3.202984424317185,0.9316012150708496,0.19857661219828546,0.2109848244802668,0.3346096025633961,-0.1240166122713854,-0.6213862740900041,0.9919507258761776,-1.6894053294477251,0.0
15.200000000000001,3.2089745264659673,0.9376132329557724,0.19606693200395914,0.3632845691227823,0.2730089119874731,-0.1332676564545126,0.5516337336695469,1.081522630739908,-1.6866241054344437,0.0
15.22,3.21459725265561,0.9441295369566879,0.19421099093170807,0.2177305106223473,0.35781261887897864,-0.05424304113109575,-0.6092751095231604,1.0953966193236793,-1.6884442918223035,0.0
15.24,3.2203634272976167,0.9492671057755955,0.19511706722975558,0.3483369072778242,0.18593049955685495,0.11508320777489085,0.4445975018354271,1.0456591100453716,-1.7176142864164015,0.0
15.26,3.225884385927324,0.9542005613958119,0.19842325485850457,0.22676787687304975,0.2907782063290875,0.20397712607186264,-0.5991395770243918,1.0251012519094909,-1.7233685075810856,0.0
15.280000000000001,3.2316039499660145,0.9594386328411908,0.20243167862347833,0.32444659872868725,0.24993262576974795,0.19360849674820385,0.45539479110444364,1.0251296803524221,-1.7744760783028253,0.0
15.3,3.237182452113143,0.9653814614780547,0.20494960858394867,0.25210562478578896,0.3205825739414666,0.08886895087504874,-0.6340621974801234,1.0378106214105163,-1.8509391317975954,0.0
15.32,3.242808558743789,0.9711073544081583,0.20589748023417875,0.3058907509581396,0.26669109151685416,0.015262710355062454,0.48940993288407864,0.9545264226796147,-1.9310021223788447,0.0
15.34,3.248322661244017,0.9772886449114466,0.2049173246344244,0.25496226046067855,0.3461418463477271,-0.09415673388874982,-0.634541105879124,0.9254082181265959,-1.9764828462742277,0.0
15.36,3.254676247373658,0.9838388207326073,0.2024204928099233,0.36304726156218325,0.3091991137106202,-0.13832009086931793,0.41821678294281567,0.8390469514305449,-2.0013248883887345,0.0
15.38,3.2609375316652685,0.9911594992570072,0.19846161036060636,0.27610240797639535,0.40297512420941467,-0.23101134109031618,-0.6474850629913144,0.8838339406728153,-1.981505348598991,0.0
15.4,3.2677364977222725,0.9982613225218453,0.1932013489843002,0.3733883326385246,0.3254361307838362,-0.2853243675322651,0.5470271410967896,0.808901562066423,-1.9392858206259012,0.0
15.42,3.2737779344329554,1.006039588061463,0.18755007768551274,0.2503858989339528,0.4303071830729257,-0.29169067639529767,-0.717147529601423,0.8285896827441648,-1.9148310014130467,0.0
15.44,3.280084566034321,1.012919975205233,0.18305373740137898,0.3651898809422315,0.27752338365983426,-0.17453032249618836,0.3989898699019076,0.7295511440860821,-1.889156445231771,0.0
15.46,3.2860121379663854,1.0185637344479959,0.1821501614709222,0.22694420322477477,0.28461775864373445,0.0626529598980909,-0.5039727030003119,0.737904107420982,-1.8057692969809276,0.0
15.48,3.2899695613887867,1.0234360139219167,0.18737149053256305,0.17539385989548675,0.21446640093741387,0.4061839356858557,0.18845582992099336,0.6815445579311273,-1.7619119134284014,0.0
15.5,3.2923191796420594,1.027231950528794,0.19966049950129375,0.07695066815446201,0.17753548095167934,0.7603942167631743,-0.10766883326279174,0.6661862125736223,-1.6741833374488269,0.0
15.52,3.293294536860229,1.0304050721860578,0.21713822906027141,0.029817826696760336,0.14806785133499303,0.9608941571817915,-0.08513807229739334,0.6594084265843384,-1.7253450197268867,0.0
15.540000000000001,3.2935962486618835,1.0331539161156587,0.23790278987346675,0.008700044521930354,0.1306928658277094,1.0966383997139033,-0.06430552331828607,0.6661189365759301,-1.7103738751348412,0.0
15.56,3.2936553070800882,1.0355522050031503,0.2600961463976446,-0.00021807007191314986,0.11438346818689489,1.0815370358134073,-0.053608332156780875,0.6915244956582085,-1.7608667869661905,0.0
15.58,3.29359470113667,1.037808176311377,0.27901704377781295,-0.003162392598379589,0.11257885066875277,0.8166531981469505,-0.05811398409296446,0.7516246385292042,-1.7233038135947525,0.0
15.6,3.2932919530681324,1.0403193593586306,0.29186327223708436,-0.014342420284157078,0.12939031823389333,0.509947294286229,-0.13952157048802244,0.7823494117949229,-1.725433345724807,0.0
15.620000000000001,3.2935848612148173,1.0423776190041378,0.2996683924206737,0.02520333824831488,0.09576100236237217,0.3007296507339581,0.016155750226185036,0.8822244786238108,-1.7621177221125663,0.0
15.64,3.2929814047007566,1.0455334784232972,0.3035065767514749,-0.052241278987940946,0.18384127872601283,0.09931394762194308,-0.3897861148737307,0.9032354731723554,-1.7706648864944243,0.0
15.66,3.293506624729731,1.0476751793779506,0.3039756290245872,0.06609762832484577,0.06678344652125008,-0.04970414564394551,0.5104853473941283,0.9880752175987537,-1.7275257654812344,0.0
15.68,3.293292603263206,1.050488802184757,0.3005312405006195,-0.04947628131347782,0.17970032028987792,-0.27096283605208926,-0.7246879675392599,1.0339374990908132,-1.7814940084150481,0.0
15.700000000000001,3.2938418222622263,1.0526676207574042,0.29349122725797183,0.06719534108011588,0.06972801832910684,-0.42568898639886815,0.4626270337792938,1.0581461469613738,-1.778059415016509,0.0
15.72,3.2937323684139344,1.0556654690939467,0.28259017474644477,-0.043338404981733504,0.19207742441250128,-0.6381106601285161,-0.7482697407066278,1.0769041677421354,-1.7372304134517234,0.0
15.74,3.2947631499226038,1.0573300525258305,0.2706008750959332,0.11587378788081822,0.014056056762894958,-0.5723842224110969,0.5314377477351765,1.126144294729544,-1.748928140775235,0.0
15.76,3.2954993816924105,1.0588408441280666,0.25791485218010907,-0.01797038468253953,0.09499701113527957,-0.6373782234277331,-0.6534176313855679,0.9953371229469958,-1.7897583799150043,0.0
15.780000000000001,3.2967133009925527,1.0565438286288489,0.24857977339039536,0.10487093052862828,-0.26480007136650124,-0.33046631307392993,0.8282087857479885,1.0002232133413356,-1.8616795012516774,0.0
15.8,3.295980765658423,1.0527122037469205,0.2433481478667067,-0.11823167346497787,-0.1446148595638627,-0.22293385575270305,-0.6572899649099085,1.0093366922665503,-1.8976318960477574,0.0
15.82,3.295459770053281,1.0474406662004183,0.24009780173602674,0.035172635268973365,-0.33807911627914405,-0.13109792679325222,0.7237456487153436,0.9876114086974621,-1.9552300810486802,0.0
15.84,3.2947493524036364,1.0430210865509437,0.23724961094028005,-0.06997694449674861,-0.14136893734997702,-0.15271716762331047,-0.6176863493652354,0.9606776153688016,-1.9880390258162506,0.0
15.860000000000001,3.2955609553439307,1.0388046357269018,0.23443114606195947,0.10468047743565534,-0.24511686425359897,-0.14853130522403335,0.7290115677846714,0.9850270109742121,-2.0041038112586405,0.0
15.88,3.296046815168366,1.03622378055209,0.2313912943351411,-0.027430373198409165,-0.05517267780638922,-0.15011081587173356,-0.5858556205128385,0.9760571719528666,-2.0171109633746966,0.0
15.9,3.296847497984509,1.033793070068981,0.22809238924693426,0.0817402499439897,-0.15584499272737998,-0.18262986024034147,0.5354478765470645,0.8820294741266816,-1.9917628217681238,0.0
15.92,3.297266251588819,1.0326913115488034,0.22350596141218002,-0.0151387668128503,-0.0018405890576014567,-0.2625019220823568,-0.7178798562783146,0.8452210735508144,-1.9514163615117197,0.0
15.94,3.2982442948294564,1.0307857051702902,0.21875258004241316,0.09188953665422736,-0.1459521658170305,-0.23686895950663336,0.5718145344608074,0.809260787609806,-1.9125032566351188,0.0
15.96,3.2986475821449064,1.0300410930802484,0.2145813401227382,-0.025200276550331316,0.043165845797540306,-0.18909493593510096,-0.6717019909877273,0.7059108443594018,-1.8743507925396314,0.0
15.98,3.2998907936400914,1.0288298833123997,0.2123137042830293,0.12466296753437411,-0.12207146047042092,-0.06836550077689087,0.5249410276653412,0.699400483718901,-1.7918127135418436,0.0
16.0,3.3015401493428516,1.0284598351504308,0.2120128409312623,0.06342354470969686,0.041233987077156094,0.017226817967490794,-0.7439179717557195,0.7143129077150872,-1.7229881162148541,0.0
16.02,3.3038795415665256,1.0272468947204791,0.21266440524948885,0.15490216713030902,-0.12130131604935368,0.022161346501976185,0.5809329368297206,0.6953098992942573,-1.7098262465872998,0.0
16.04,3.3065465216170695,1.0261142477389968,0.2125162070663152,0.12375168691623753,-0.012903749194500597,-0.0332911148868152,-0.6821041025299615,0.7216171814321062,-1.7136321953432732,0.0
16.06,3.3101067836062925,1.0246052569423918,0.21097628813166383,0.21062742757775435,-0.10980264600267126,-0.11640941642929221,0.49943358158080825,0.761156576320566,-1.7082029635757705,0.0
16.080000000000002,3.31384860261566,1.023520742440304,0.2073780348158651,0.17930401883584282,-0.02089807473152286,-0.22741538086747945,-0.7045906601085025,0.784516528486279,-1.723112638674359,0.0
16.1,3.3185633446652836,1.0222655098000901,0.20169572351890705,0.27298340906168506,-0.08738212521288938,-0.3299788588102003,0.49635367942007913,0.8314209082821679,-1.69543352666916,0.0
16.12,3.323315950829588,1.021646058059648,0.19446241190913152,0.20245293473191317,0.0172888146405294,-0.3739595981415042,-0.6146356916360439,0.8975376927784667,-1.69010979309025,0.0
16.14,3.3280463843839363,1.0212913523458524,0.18685685347637118,0.2579844150888271,-0.0438300629408435,-0.37176054731587693,0.470859344080666,0.9390260790353632,-1.6922419049122568,0.0
16.16,3.332123640176548,1.021707044351001,0.18020664214419024,0.17526482680914354,0.06125374334259975,-0.2947712024482253,-0.6322720243148344,0.8951626072603648,-1.6882805805734695,0.0
16.18,3.336971612332824,1.0217386442185545,0.17565819093699075,0.2908606502360408,-0.04025763995915032,-0.17559803868233329,0.46831659777715506,1.0308324192767944,-1.6920627294019845,0.0
16.2,3.3421366245563853,1.021839556524959,0.17493462374041369,0.22386357033301663,0.03900128039899287,0.07503154358443376,-0.4852727402847915,1.0691411563770306,-1.7151873047979287,0.0
16.22,3.346379537882493,1.0224298052380814,0.18059701421904845,0.2112744754221235,0.02336277639085158,0.43742684315563624,0.22300215537536566,1.0622821764465682,-1.6678897635075332,0.0
16.240000000000002,3.3498299610631252,1.022897576854901,0.1937852622254197,0.14900533398472096,0.02791902922896875,0.8152350044947033,-0.2470844762803625,1.1067147939965447,-1.6717730104229873,0.0
16.26,3.3524240283061726,1.0236068333041615,0.21295348142483397,0.11912372859859625,0.035942805933438085,1.0595971189567235,-0.10139654917589641,1.1289526924270683,-1.7391935889708043,0.0
16.28,3.3543957539756715,1.0239887015632618,0.23553807851119402,0.08347387139991949,0.00838791011940754,1.171489870529653,-0.10533641568508512,1.099840185996182,-1.806812947253115,0.0
16.3,3.356050626493954,1.0238179724388545,0.25887810438736963,0.08905738739250144,-0.016702176251202065,1.1290747411326811,0.0351526644161817,1.0808895968729486,-1.8950485477795413,0.0
16.32,3.3576165931586783,1.0244982142814036,0.27881405354453426,0.08252519600505719,0.06349585134191689,0.8800187534230541,-0.22419048895940855,1.0334250717539415,-1.952261575802543,0.0
16.34,3.3603696692487146,1.0241725377677053,0.2936332151731945,0.16662131815743692,-0.05676814687584133,0.6274256590117413,0.18857077903407043,0.941196442878051,-2.0320944975815385,0.0
16.36,3.362661862858585,1.0253202278205094,0.30357983968547425,0.08653493974566241,0.11715691536006514,0.39405660669205195,-0.8701115757866499,0.9247731586442233,-2.0802167896911268,0.0
16.38,3.3654457294367552,1.0254056997810923,0.3095798181308903,0.16491362919084546,-0.05466577874552707,0.2189385551330449,0.32828587917469554,0.8843607829499132,-2.1017170973375934,0.0
16.4,3.367633047928612,1.0265708031856484,0.31135539224798076,0.0808840001636744,0.11601598456788698,-0.015478073241582985,-0.8513383459861266,0.829527190524134,-2.030594380713618,0.0
16.42,3.370206232551571,1.0266452210101353,0.3094666193731619,0.15416748897596727,-0.05418813786825707,-0.16985528105460482,0.322482691089108,0.7719049510661408,-2.0228653200748377,0.0
16.44,3.3723578407947996,1.027764071345279,0.3034521145131628,0.08423360393409259,0.11291014610667793,-0.4080147844290037,-0.9390262731538758,0.7362552553311212,-2.024222489745456,0.0
16.46,3.374943283060605,1.027804104876195,0.2942281318464594,0.15273297130727437,-0.061242700701009525,-0.5035204186689171,0.27250744328642146,0.6421022038569875,-1.862811158389962,0.0
16.48,3.376802157241143,1.0286791400040034,0.2821370088145023,0.05567346740809298,0.09588728386330027,-0.668181491590623,-0.9449146879320451,0.6740032328662393,-1.8288690278008832,0.0
16.5,3.3784601329191,1.0276108470023053,0.27304393038918484,0.08848175698845592,-0.15558539970517996,-0.26865429070098895,0.3988900738669337,0.6683940567236987,-1.803818749206965,0.0
16.52,3.3786527901741406,1.026169336134286,0.2668904184158258,-0.03485928882967297,-0.02676012477475948,-0.3309162826646725,-0.7763203974285386,0.6761286176718845,-1.7517497781642304,0.0
16.54,3.3790327159065363,1.0225351920854622,0.2632002927205663,0.053767860007282536,-0.28241013420383587,-0.08540381766377453,0.7272869970220972,0.6905319072431091,-1.7506341235710563,0.0
16.56,3.3788583227591715,1.0191240927917824,0.2604048745161191,-0.04923105456144972,-0.09795213521071161,-0.1471798954839481,-0.5758681510714687,0.7017704153106267,-1.6972155686152137,0.0
16.580000000000002,3.3791333927220615,1.0141379086231712,0.2595749627601777,0.058230399226887775,-0.3378118978487515,0.023873767199993456,0.7901465106483367,0.7508091421310239,-1.743254358332036,0.0
16.6,3.3795126858374838,1.0102259879541882,0.2593427362328816,0.010634761830653133,-0.11229435390048172,-0.0425212459539694,-0.6306285747414331,0.8122574671796436,-1.73576112342647,0.0
16.62,3.3815325784617998,1.0054042402603773,0.25970954489799003,0.15539020363535028,-0.31698230666664023,0.06404751569615716,0.5758935381596245,0.9322869582018204,-1.7793199883954802,0.0
16.64,3.3841342711479103,1.0021152180386335,0.25976288230804595,0.12401171511709355,-0.07995758396418061,-0.03730411227213797,-0.6542936344787027,0.9193553899088591,-1.7783101719997478,0.0
16.66,3.3883532946484887,0.9977011135474573,0.2601758515369876,0.26247684625002526,-0.3038475076382429,0.0627116704394745,0.6624933114331215,1.0126157714661495,-1.737977191892097,0.0
16.68,3.392467734734017,0.994254041138906,0.26085220284688543,0.18069509467622466,-0.10011699431194157,0.013242849136736942,-0.6306370444098265,1.047060320554194,-1.7673190215946235,0.0
16.7,3.398031988351845,0.9894416232906404,0.2624858440845252,0.340905276185947,-0.3219928686490459,0.1295397659425142,0.6456368767709224,1.0970965248169144,-1.7569156662638687,0.0
16.72,3.4042515367663775,0.985898426777341,0.26504646036147317,0.29920701213724,-0.09271946879456983,0.13744054925532978,-0.6006535859253306,1.0857733866290527,-1.7507183577240149,0.0
16.740000000000002,3.4117679715548994,0.9811578270984779,0.26918773582899563,0.42892031504362005,-0.3184841924985329,0.2427962307969745,0.6563686149814946,1.0997300249302158,-1.7369826593719275,0.0
16.76,3.419567420838367,0.9780321750052656,0.2742656906877962,0.37207639012574606,-0.060492598902772435,0.26405931897772683,-0.6693632905276458,1.0716053119260107,-1.8050726661094185,0.0
16.78,3.428671257420551,0.974315227591436,0.2790781619844171,0.5072415605170706,-0.2541442119381619,0.21368959457829118,0.6714953063036574,1.0171916205097398,-1.872874567903977,0.0
16.8,3.4379273164022783,0.9721183022959864,0.2822218014661743,0.44469155480731287,-0.028771559813754056,0.11700812541059184,-0.7026916488014447,1.0000951140641463,-1.9354797396133103,0.0
16.82,3.4481803145700147,0.9690241604279641,0.2831937438546367,0.5529662727259751,-0.22118206245396194,-0.009411883940676095,0.5976410612785378,0.9475123232944356,-1.9945094891926953,0.0
16.84,3.458677034471453,0.9675572839628944,0.2818299908624318,0.5165028543228051,0.008491362045241741,-0.10701332320979025,-0.6151330516249004,0.9152451911532526,-2.032396902148117,0.0
16.86,3.470138443489171,0.9648961254489614,0.27899470967105383,0.6054442740076218,-0.21405575829431958,-0.16720869313118775,0.6272217667002546,0.9025820245176813,-2.0649403892258302,0.0
16.88,3.4817205247728142,0.9635827073079624,0.2754812099396148,0.5711108790422621,0.01858129361253602,-0.17932862797994292,-0.6952321525062662,0.8497252068787852,-2.032885895483308,0.0
16.9,3.4943329791153164,0.9608745697850684,0.2718354212156376,0.6647947933449744,-0.23001254709090652,-0.18547473959131577,0.6701728577112298,0.774182403947307,-1.9949387201204025,0.0
16.92,3.50716306567235,0.9591239394790357,0.26789981885824,0.6331366641826482,-0.00999182341482552,-0.20117590525310716,-0.604242712741208,0.7741030714957319,-1.9947332885685995,0.0
16.94,3.520986699530615,0.9553981661372777,0.2645022100002001,0.718471993527359,-0.2982126095960509,-0.14457666785722553,0.751172634544107,0.7236468533245695,-1.936168614730821,0.0
16.96,3.534242117957792,0.9522655466542981,0.2631291327568841,0.6217323157412308,-0.07728739151103002,0.004728647201680574,-0.5933593589762877,0.7505276487964784,-1.8979458143487644,0.0
16.98,3.546804002145545,0.9470109629879983,0.2643941253465024,0.6172483992436257,-0.374599771730252,0.09956035956395827,0.7588060996518039,0.6980668432926569,-1.8376441977911282,0.0
17.0,3.5567898719423297,0.9425398590401447,0.26851965413299556,0.40588179869177254,-0.1431230141862819,0.28862265248124136,-0.6497392696949542,0.720718614932777,-1.7481611779278816,0.0
17.02,3.5645925878875286,0.9364171435961988,0.2737189858073447,0.37296844685660074,-0.3935619061695233,0.22682927809656725,0.7429849682388164,0.7348840652716385,-1.7974553839497587,0.0
17.04,3.5699731480396855,0.9313732410090224,0.27878540403968577,0.19847205902619391,-0.17840702983945234,0.26662852012394983,-0.5329292065306885,0.7369135951180601,-1.7315558640611892,0.0
17.06,3.5740131308368084,0.9251900279360467,0.28210247102737407,0.20381373358455684,-0.37487383853489614,0.0847348394327159,0.6696277864768797,0.7615180274649753,-1.771842710134846,0.0
17.080000000000002,3.5771087933638426,0.9203799113610394,0.28319690469448716,0.12895097488357024,-0.16925156418909426,0.013311271559053555,-0.5304393928338488,0.8285361972913091,-1.7720308605273036,0.0
17.1,3.5808296161864326,0.9142306103864479,0.28078646114536004,0.21744814809899718,-0.3805639720767886,-0.21678715853603284,0.6308672720082593,0.9470871828798534,-1.7674453737959157,0.0
17.12,3.5842259620674097,0.9093453158951634,0.27565726552437664,0.1414795433323718,-0.1716101355156155,-0.2953591781760565,-0.5577530805849426,1.0113289660222906,-1.7274204837686578,0.0
17.14,3.587979522115791,0.902707897967444,0.2679742204788885,0.21411010488473547,-0.4260764272416235,-0.4427323152689825,0.7019271565401357,1.0615318846026274,-1.7274445375851024,0.0
17.16,3.591765904044051,0.8969380679410698,0.2600547116460475,0.2398139835676069,-0.2109410212407649,-0.19084513637476053,-0.4913070044499467,1.1266888725125854,-1.7688471308073561,0.0
17.18,3.598132380994529,0.8894857276032863,0.2555426637785394,0.361963605408696,-0.4607986227930969,-0.2695469608767049,0.7354060569803101,1.0503002119706522,-1.7571369379035364,0.0
17.2,3.6058442252279668,0.8828740235693794,0.25411998674501357,0.4090853368410776,-0.2550582935035718,0.03932104571846024,-0.5351395354926826,1.08914638845118,-1.754538590911335,0.0
17.22,3.615224445638843,0.875087536225919,0.2530273354234204,0.4985756002062227,-0.45455869726985687,-0.1365417317040605,0.7657378464829758,1.0391874257810194,-1.762762605420002,0.0
17.240000000000002,3.624212747187296,0.8681035617530397,0.25054541471436254,0.4204298573779889,-0.30408645190576367,-0.1148400403494582,-0.3879839030449848,1.0534081722619542,-1.7496149340090303,0.0
17.26,3.633215230511353,0.8592425501638892,0.24575333472678676,0.4652584942847035,-0.5076529317695955,-0.3402050898148784,0.8499176353261806,1.0621222206739824,-1.7606491656026741,0.0
17.28,3.641636871601653,0.8511900670909642,0.23879519470646632,0.3960932087085071,-0.3543849212592144,-0.36639737199767985,-0.2972802889238341,1.0726515773219762,-1.8191434598672416,0.0
17.3,3.6502400362172223,0.8423619811135911,0.22734926292262106,0.4436230699397053,-0.48044912501588133,-0.7154884339991101,0.9114127594304231,1.0603766495392801,-1.8630289967856797,0.0
17.32,3.6580831199333677,0.8346065634061032,0.21258071247923657,0.36705787586681377,-0.34088232573599686,-0.7750807374705333,-0.17279914232115196,0.993184331732061,-1.9342624293301882,0.0
17.34,3.6661710849464915,0.8262147403344864,0.19320121939444532,0.4214928599362333,-0.4505666870231627,-1.1029023380052358,0.931024516568842,0.9823559136168916,-1.936332500963271,0.0
17.36,3.674433120519338,0.8178309737155688,0.17226509983194005,0.4676499310586232,-0.4572995435750089,-0.9593815181427724,-0.09102325139976863,0.8812788113579222,-1.9846115662071486,0.0
17.38,3.684565427217588,0.807513747162653,0.14968282367558283,0.5155128036802055,-0.5130829726855523,-1.2614150551553018,1.0857950710113364,0.813828600204754,-1.914021601380659,0.0
17.400000000000002,3.695892111100193,0.7998099874693845,0.1299553370809524,0.6491815924330587,-0.34036756164371423,-0.5440339126227773,0.17830725879648,0.8448511352534884,-1.9562237609714825,0.0
17.42,3.704009301409044,0.7940562416053489,0.12640781735485507,0.24907151985397735,-0.21479088970075655,0.006721597164743697,0.8953458937620327,0.7418238210659279,-1.8803901746773886,0.0
17.44,3.7065724572934284,0.7898834386113669,0.13265449751739466,0.06239007219889967,-0.20299820837964064,0.42984871077024417,0.016040906802036375,0.7692279991340101,-1.8347139735419606,0.0
17.46,3.707776837457526,0.7864803726879116,0.1369253024174053,0.058061849119935637,-0.14517296543184302,0.07397727790743784,1.1792137319822333,0.7442644445845594,-1.7548762086654262,0.0
17.48,3.7092491117602533,0.7829565498976996,0.1390058068987934,0.10534241726609211,-0.17933147827430274,0.1473184479249302,0.058659516083019135,0.7229532878697194,-1.7036918736903561,0.0
17.5,3.711131143117626,0.7789390898792149,0.13827297687652226,0.08945859100401374,-0.2084912523146411,-0.15867188148933697,1.2632515242648035,0.687336610124324,-1.6083739369692553,0.0
17.52,3.712798079693038,0.775451399208464,0.1390192102357417,0.04342314617120891,-0.14610116928317943,0.18834029207161426,-0.06952228847113177,0.6997917207193668,-1.612828003213013,0.0
17.54,3.7134832732825074,0.772904963020496,0.13886036260787565,0.03236154028652531,-0.11771764479708491,-0.1322426197011544,1.1977082188401171,0.6982642037478259,-1.6209810630549792,0.0
17.56,3.714282876015248,0.7708692928124481,0.14009607407952668,0.02400596350154769,-0.0847102402695124,0.1832390386319418,-0.08046526288052153,0.7215258999858122,-1.672951685024655,0.0
17.580000000000002,3.7148433481215917,0.7696565981357931,0.1396996776513019,0.042344250901478836,-0.05693463023553259,-0.1308188834479807,1.1089071484915738,0.7781994054376998,-1.646505457876874,0.0
17.6,3.7166849616776347,0.7686838781301563,0.13967627802135962,0.062118482372226655,-0.032554006578298204,0.1278276255566714,-0.07182283402741696,0.8211333123801787,-1.6522283129632418,0.0
17.62,3.7169962368083005,0.7688280611545301,0.1390785742248293,-0.01652503104952678,0.03562832412962928,-0.14068665827443025,1.0961573013886567,0.8773953409755715,-1.638011074821764,0.0
17.64,3.715576263509583,0.7692259815931317,0.14033695287528072,-0.052011142082898296,0.036394960393332565,0.18704042163616105,-0.0762250554164366,0.9685579133469445,-1.658209684700438,0.0
17.66,3.714942640221829,0.7703236774172622,0.14047963739417368,-0.02644208208933832,0.06254307815084802,-0.10809745783199866,1.0964400767496358,1.0138172103539982,-1.6595493753747081,0.0
17.68,3.7159273183739345,0.7718285753243534,0.14041206199437253,0.08907979515390758,0.08934553756421063,0.03610280570988111,-0.14773699470670382,1.010931868896884,-1.6432862785416615,0.0
17.7,3.7167660475973685,0.7738747721829667,0.13794730272775582,-0.0006245596623873171,0.11956158931873696,-0.2146207951878211,1.0133591005198954,1.01286131327346,-1.6485375161326674,0.0
17.72,3.7160198040766166,0.7769156223153847,0.1386255318118033,-0.06200373382185209,0.1800705004355509,0.14974248816759178,-0.20910267680571112,1.0828137089548535,-1.631421188080592,0.0
17.740000000000002,3.714846134711557,0.7807441670524564,0.13761066414873932,-0.05533156017124327,0.19773473691437707,-0.16940176706682705,0.9802220405445533,1.0614369846957168,-1.6125226983012158,0.0
17.76,3.715042055815727,0.7853700133262708,0.13666761190689755,0.011968790099652089,0.2677063475593584,0.04935511373143987,-0.28076371904387465,1.098983020353313,-1.684423808377745,0.0
17.78,3.714583576253467,0.7909491899680532,0.13377877570240257,-0.04103565298848261,0.28360297306475557,-0.2626528447077286,0.8815795429713983,1.0723939858418654,-1.7441028292099205,0.0
17.8,3.7136364119192007,0.7972873810449865,0.13354142940762795,-0.016778035213050407,0.28036288818132876,0.17581661447669775,-0.4068219183742857,1.063573349732658,-1.827884675003388,0.0
17.82,3.7131760388650097,0.8029687644815071,0.13404011581133046,-0.031241952619451112,0.2819451707991211,-0.07270964504648639,0.7754579600894959,0.9169848902432116,-1.8333636027690048,0.0
17.84,3.714197242890501,0.806707851649038,0.1352968475996106,0.058906911959584946,0.1270088702204939,0.09693222809991882,-0.28974376220022807,0.963871487806343,-1.9054445284074075,0.0
17.86,3.715266736769017,0.8093121975990593,0.13296548300055974,0.04814612500283424,0.1530888564165796,-0.2600266442334144,0.9122857684110901,0.8986674331839356,-1.918949785487978,0.0
17.88,3.7162182459387223,0.8128329744695233,0.13075981171114565,0.05873802103319602,0.1419234419658778,0.18189433042047162,-0.13471417687053777,0.8587700983973611,-1.9313698666984136,0.0
17.900000000000002,3.7170380804050818,0.8156520103292013,0.13063157391604013,0.0289181557653343,0.15134627284595178,-0.13946186265199198,0.8521520388781476,0.8208070474090932,-1.8949321259995764,0.0
17.92,3.717587663657219,0.8169223038605532,0.1314510481389728,0.06558653275889115,-0.06804593814629657,0.2549865927353825,-0.2434242217615888,0.7602217538899054,-1.8793848277556353,0.0
17.94,3.7184648593607474,0.8160155870429208,0.13233790306789578,0.03127506257570052,-0.02131377741513615,-0.0969594163888078,0.8049425684999352,0.7672114787246638,-1.865104592574237,0.0
17.96,3.719633401859804,0.8142558454673158,0.13256257753089998,0.11125375849023647,-0.2020121355739247,0.18835873197863007,-0.13091432427258182,0.7053717854995776,-1.8010563061762233,0.0
17.98,3.7216551875076362,0.8100031634110917,0.13192273514555,0.09476720959743994,-0.1986143488979563,-0.18070454688546717,0.8943115379914464,0.6939688570184996,-1.6988693700320536,0.0
18.0,3.7231068664993034,0.8070330131333001,0.13160850546698197,0.05498136752281561,-0.09848968301746183,0.23463749104408768,-0.1452616230404355,0.7262978480397058,-1.6051765211645406,0.0
18.02,3.72381365857684,0.805265843271294,0.1319748348903892,0.02436777459005421,-0.07064330112878817,-0.12003207150872754,0.9809576926855712,0.668504786768601,-1.608505293220694,0.0
18.04,3.7239456698924074,0.8049569024845882,0.13272207845077685,0.01041086220014836,0.028765860605543828,0.2325700993563906,-0.18597871542626493,0.6733902860728908,-1.6259927801513059,0.0
18.06,3.7242801319939796,0.8053218261986306,0.13273750942076334,0.02108949267876448,0.018615462585010116,-0.15237704221325232,0.9360963548802075,0.7523912629441433,-1.6324702659865926,0.0
18.080000000000002,3.725240220158734,0.8060752835263478,0.13188652056008746,0.09924008550016726,-0.008280378565234309,0.15312545539450956,-0.22880624343129968,0.7595258770388957,-1.6218691432626278,0.0
18.1,3.7262039180648308,0.8057281505921988,0.13126007269214185,0.014951418676330128,-0.0037557483820961166,-0.1494885908714909,0.872314878714751,0.8037767329953465,-1.6448673407014767,0.0
18.12,3.7253648229974137,0.8067444338891718,0.1324284601062145,-0.05322488957885442,0.053579964965658824,0.18457806359177556,-0.21642316498348396,0.8318990595459362,-1.632111664796806,0.0
18.14,3.7245187850484327,0.8075441235440526,0.13193712047992817,-0.04187243086293786,0.041127210617584176,-0.16096993795589698,0.8378013718879868,0.9126440979005502,-1.6062502339040499,0.0
18.16,3.7247249362680472,0.8071667786306017,0.13185081988043318,0.0794995136526259,-0.10606494725826722,0.17963790469098986,-0.23044691919314847,0.978632554794026,-1.6219940035240814,0.0
18.18,3.7256924881344617,0.8048961809927737,0.13135039978382848,0.015671427977141265,-0.09471123948309272,-0.14655029641421327,0.9072524909292825,0.9656209452656057,-1.6124862879167792,0.0
18.2,3.724412371996816,0.8042790719438303,0.13203879689860235,-0.07336918223298013,-0.017087439814942523,0.15317079037681403,-0.1589174593196889,1.0225060103406527,-1.6266613890697001,0.0
18.22,3.7232833987083764,0.804004045765373,0.1307660931537803,-0.04933908665002262,0.011598904290606438,-0.1778183406484827,0.8579847325470128,1.0516900294862943,-1.6344023561736722,0.0
18.240000000000002,3.724136425492048,0.8043276599856106,0.13198004485796924,0.07793761865175765,-0.03272744997208317,0.2666632795175276,-0.174427121558887,1.0713588926822923,-1.619198740228393,0.0
18.26,3.725636861342804,0.8034190128146296,0.13266092658396292,0.07196958289441005,-0.0415048939276476,-0.11820096718095784,0.8614375609389072,1.0993257908055716,-1.6658027860469924,0.0
18.28,3.726786850836612,0.8031368619055342,0.13164563500701318,0.04579041926972506,-0.04548830960715103,0.11492346526251505,-0.2038774596551767,1.0881657098380593,-1.7374094923312315,0.0
18.3,3.7271049887344345,0.80193087129043,0.1299851142856067,-0.00150117215330258,-0.04208189503423558,-0.1868180447547579,0.9337847446422208,1.0569091003798738,-1.8086686285467584,0.0
18.32,3.7267524660960953,0.80238182634933,0.1321053353248762,-0.00030204894430440124,0.03721550261154878,0.2704292393642771,-0.1969751053800753,0.9939734660586464,-1.9004576451145951,0.0
18.34,3.7268085859823055,0.8026333596842355,0.13295655363436573,0.00365962870202672,0.009749660812758718,-0.10999127341747895,0.9063963236464113,0.9783106615746978,-1.9118478739726645,0.0
18.36,3.7277437384152177,0.8029678728643832,0.13247096708897643,0.13679029083155597,-0.04165727344940115,0.12370433940152437,-0.1762184761430065,0.9483010187485384,-1.8858823437312555,0.0
18.38,3.7302143688116023,0.801261367013165,0.1312429120827299,0.10878662326996702,-0.10219523911257004,-0.1878532538698998,0.8820393308639499,0.83663185735717,-1.9203262431761776,0.0
18.400000000000002,3.730827859931563,0.8002027763271795,0.13211731504074783,-0.0052222206208276025,-0.05107532676343301,0.1565047234410707,-0.19933088441787386,0.7742966353863786,-1.9258601819121015,0.0
18.42,3.7305842453908133,0.7989687767861876,0.13111767313207334,-0.019482347036596327,-0.04641400019020236,-0.16306302169936177,0.8623569020452276,0.7899808306907578,-1.9112147030141406,0.0
18.44,3.7321373511199085,0.7981397017557317,0.13120197853769772,0.10035771288917306,-0.06690736800055515,0.16321609703870904,-0.19610513027536824,0.7258607983165963,-1.8470274449635309,0.0
18.46,3.7337713508260735,0.7968395021329905,0.13062006857716868,0.05476972789740014,-0.04126836327452918,-0.1459976796756459,0.8630592442916053,0.7295124563556981,-1.7302844458207505,0.0
18.48,3.733678510009794,0.7968459267068941,0.13200606959859795,0.01726598992912459,0.00423240001429797,0.2181657645077237,-0.11192628792789819,0.6900763899524023,-1.6855977070674295,0.0
18.5,3.7343111825229434,0.7966424984490539,0.13179193305845968,0.029997503684797644,-0.004595477105459716,-0.15313202358331124,0.8893865769525878,0.6517886393067642,-1.6581020720665691,0.0
18.52,3.7356799715915145,0.7976102990192402,0.1319389794952764,0.07882056426291861,0.01347634837710144,0.16693300918724735,-0.10965764307803019,0.678140189844758,-1.636416227379491,0.0
18.54,3.736568629486325,0.7973821985627975,0.13127437142807077,0.016791792474030058,-0.008949023401758259,-0.1569224131962525,0.8979730010561747,0.7043002040532792,-1.6372993747354136,0.0
18.56,3.7358603698082566,0.7980528074795967,0.1326530337671206,-0.012357641760823854,0.029335890130213916,0.234206834546383,-0.18177046011416148,0.7441885512480724,-1.6375687371259946,0.0
18.580000000000002,3.7357375204603396,0.7982817047591901,0.13282359344500305,-0.0033474311410648973,0.01014129743217759,-0.14327176791707608,0.9234974684261609,0.7766362408903863,-1.6188953625815232,0.0
18.6,3.7363260383728067,0.7990268519078356,0.13221948727720811,0.09443836373254424,-0.0011347804067937603,0.15853529881853468,-0.19309454679900193,0.7893846140820463,-1.6680791511700417,0.0
18.62,3.7374636232780136,0.7988681827841623,0.13166981651260284,0.025927298830635707,0.005848315886226019,-0.14611102474341417,0.9104221455669533,0.8438125236412298,-1.6237014376900953,0.0
18.64,3.7367515146297086,0.7999012196127094,0.1328229279463094,-0.05220406919648268,0.04856901292303334,0.18160770866203857,-0.25699443625886387,0.8533222966135126,-1.6463979404544866,0.0
18.66,3.735874407793913,0.8004961506841985,0.13233717970487419,-0.0412601973484506,0.030146673683969394,-0.16074354254365733,0.8170160698119504,0.971650721802136,-1.6194501452639753,0.0
18.68,3.7360651986221036,0.8000874833041612,0.1321543570865186,0.08169810782276296,-0.10536009120282053,0.1782308026875267,-0.15475872818328598,0.9667460431639208,-1.6479470492519437,0.0
18.7,3.737235003404299,0.797566217354594,0.13165503341717527,0.034901239316873084,-0.11791503987063051,-0.15343305889095188,0.8622465377259587,1.028444379436327,-1.615462221128795,0.0
18.72,3.7365337317712877,0.7967383596468146,0.1315177152151168,-0.07531132269984944,0.0006546150407597939,0.12479398690095136,-0.1731386605427526,1.0754749046556589,-1.6242820833064644,0.0
18.740000000000002,3.735532219228586,0.7969697619412818,0.1307858310911575,-0.03714187503248961,0.03335274621242858,-0.14370274389259177,0.8917483475335543,1.0712115239169477,-1.649565847805006,0.0
18.76,3.736484627219307,0.7976003136420912,0.13208241481908825,0.09063266083142033,-0.02548258179312142,0.26852343325365946,-0.17455952337081249,1.0513005797248405,-1.6841042702327973,0.0
18.78,3.738167920420335,0.7968972122160615,0.13272061606960212,0.07954438998596206,-0.03365382519507385,-0.12068728114841097,0.9188499255805174,1.0357721959553703,-1.7566783124247034,0.0
18.8,3.739090429423122,0.7966607837710378,0.1323824975111151,0.010680372564178852,-0.03673053156009943,0.1697175682432805,-0.17543829604879874,1.030723089075016,-1.8066467448055126,0.0
18.82,3.7391628001379926,0.7955892461864575,0.13113682833878879,-0.002849462265631049,-0.05068108113723364,-0.20240932268612258,0.8844232971346084,1.009145194422659,-1.9039793674681482,0.0
18.84,3.74027809272383,0.7956697073081815,0.13164009655801287,0.08486612859421719,-0.028875314893543596,0.23113721260505476,-0.21138200802572382,0.9738977701628216,-1.898951965697333,0.0
18.86,3.741607489392194,0.7945441017761753,0.1321648017661323,0.052824413535486066,-0.057551650142979964,-0.10995591034109395,0.8231483131695876,0.8867884647009787,-1.9115427550441764,0.0
18.88,3.742478245255674,0.7936164055793467,0.132224225244509,0.044757929458734726,-0.10451231275181942,0.18216768957396356,-0.18119315104933037,0.8878470517688971,-1.9110999979577383,0.0
18.900000000000002,3.743126845354255,0.7906762859795088,0.1317427207775667,0.023816810623527678,-0.15039049457230175,-0.16421135693041836,0.8975702989676013,0.7929416836048468,-1.9205960392064234,0.0
18.92,3.743633892282317,0.7885587470634269,0.13130653172290316,0.05069699934976795,-0.10619614796377223,0.20592045230193548,-0.21313450749517224,0.8105620298531842,-1.8554211224166772,0.0
18.94,3.7444024277942365,0.7861778836628246,0.13142765442640975,0.0281745951924647,-0.10264326216859966,-0.11830277844446391,0.8969614275909242,0.7430447811093353,-1.856285992336665,0.0
18.96,3.7446612125728542,0.7860121449908936,0.13202560847708097,0.005893986288473861,0.07280667004705008,0.20385656043100936,-0.1353511195655481,0.6583382623568399,-1.8068149632776835,0.0
18.98,3.7447319814896147,0.7868615414524999,0.13165423142395874,0.0021354706834819997,0.04021647834483333,-0.16661519013905107,0.8526995116565941,0.6448217498189922,-1.7205254782446526,0.0
19.0,3.7459029939532473,0.7868054703628072,0.13167501090831385,0.10699375574169061,-0.10842323694593323,0.23438392619469978,-0.1939077380320846,0.6996538614269928,-1.610403097363624,0.0
19.02,3.7475527730208342,0.7846315733502103,0.13202654104214057,0.05793749226251345,-0.09198152203377172,-0.11122703264418499,0.9059563459079004,0.6658492361697623,-1.6048482279604177,0.0
19.04,3.7472117812217163,0.7841456223070097,0.13360591804724567,-0.06320949403317011,0.02017522982288984,0.15635919374870522,-0.15705755674398827,0.6965361009143358,-1.6179955847939063,0.0
19.06,3.7459688374267723,0.7839748365503884,0.13237478918437437,-0.04921345149695823,-0.00963977297739337,-0.1706673028983536,0.9740833706582717,0.7314562864625015,-1.6339328457342799,0.0
19.080000000000002,3.746918732595124,0.7844674351718209,0.13253295595980807,0.10045180828615978,0.007586923281638715,0.15150021906002575,-0.2124951259918059,0.7855992047650308,-1.5979516476630562,0.0
19.1,3.747956433948045,0.784188011947756,0.1317434456245812,0.019782708378774994,-0.010699386218278319,-0.16112282278830592,0.8921987432359365,0.8077589585985336,-1.6412631207297936,0.0
19.12,3.7471923980947053,0.7850307754899648,0.13235766709967864,-0.03175618890719908,0.0286401271136024,0.14848938198337075,-0.19639490376390467,0.8381219368280199,-1.6553275228678015,0.0
19.14,3.746615413532504,0.7848424356465779,0.13110384758640276,-0.030426674418174243,-0.0205143885644577,-0.20275981034497706,0.859672253511877,0.8957238807528716,-1.6095417507360397,0.0
19.16,3.7466223248896653,0.7838044375195523,0.13067843601181872,0.049823288160156125,-0.1371657964147871,0.2088224522408794,-0.20793751076300382,0.9622737746824355,-1.625288860697523,0.0
19.18,3.747092786524167,0.7810864245595995,0.1307095527819797,-0.0009798328817312843,-0.1138358317799412,-0.12541341985715193,0.8552434647170369,0.9593174415631008,-1.64811252875871,0.0
19.2,3.745943308331599,0.780263271276456,0.13130786636361735,-0.046593706417352436,-0.03453452349355409,0.13923247727873933,-0.1425091015236738,1.0062256026911804,-1.635837088077682,0.0
19.22,3.7453735001487893,0.7796575781662094,0.13046479768661778,-0.02884665391468289,0.005317264365438947,-0.14445365075345104,0.7766999725062851,1.0194932406927775,-1.6153096691585214,0.0
19.240000000000002,3.7465877070613,0.7784141308063356,0.1330620077061456,0.13469138587753213,-0.10040555887278901,0.2700854883838936,-0.005948056793418881,1.0647868811603487,-1.6316455349408774,0.0
19.26,3.749360068322552,0.7763699605335579,0.13416127171283518,0.1350017434492589,-0.08907535937600691,-0.08308976195440067,0.8921827209130132,1.0613085941618488,-1.6809547939088991,0.0
19.28,3.751671142067541,0.7748224337155887,0.1340678028075348,0.07268649050648182,-0.05320670385485801,0.15358015443518774,-0.020495388708444067,1.0488142771810578,-1.7364621804224871,0.0
19.3,3.75265644691999,0.7732270949085455,0.13369056966704426,0.03650769223224855,-0.08487943301019137,-0.12147347043969368,1.1258693144619287,1.029347692862252,-1.746558692142852,0.0
19.32,3.7530447259442306,0.7726156596273905,0.1361980767195692,0.015891019631651435,0.010545257004736021,0.2395708674587363,-0.09322994126929626,1.0059910868484712,-1.8666837043000664,0.0
19.34,3.753424751115485,0.7727125185802678,0.13632086473911678,0.019744140581547272,0.00515523158737931,-0.14583088600592203,1.1170293285258026,0.9123559875442596,-1.900045167475647,0.0
19.36,3.754165493086222,0.7735221408594938,0.13639325856325646,0.02695036997065237,0.08380275415909777,0.15073931628562925,-0.15749180581185282,0.9194899844577057,-1.9462811622110918,0.0
19.38,3.754552572306693,0.7750055682817908,0.13546506533092845,0.010662663915367042,0.07028250631924371,-0.17744180755645864,0.9993201294483604,0.8725864589753681,-1.9648439573298133,0.0
19.400000000000002,3.754351905069078,0.7771840592211081,0.13600688711354103,-0.027485378706519483,0.15901437168521332,0.16723172674695333,-0.22731849256164344,0.7733500011675115,-1.9366867588945549,0.0
19.42,3.7536446634206166,0.7803150258561063,0.13516577396739438,-0.03619867237178872,0.16202752335354093,-0.18788934232706264,0.9462623935671169,0.814788799620373,-1.8705227577356516,0.0
19.44,3.753116340593335,0.7840644949515607,0.13344588949415534,-0.02812035162332616,0.2429800642107249,0.0820386756051576,-0.2753107258954051,0.7328824063026674,-1.8470858676560133,0.0
19.46,3.7525985086643097,0.7883809490434285,0.13126470755603661,-0.024457617170121227,0.21382845607120682,-0.24343270318963026,0.8861902178373691,0.6920178670538188,-1.7990198121932124,0.0
19.48,3.7522370267744236,0.7910722118364543,0.13203512163007194,0.05210803276322912,0.034993978285813854,0.24951196291062333,-0.40534863543997485,0.7126423028742761,-1.7424365467569807,0.0
19.5,3.7527432867127324,0.7921516864939956,0.13371977947902233,0.006816731610051472,0.07558120795684531,-0.029093986543390713,0.6891710643609592,0.6985834255769654,-1.6399488567183085,0.0
19.52,3.7545643361859375,0.7913923331171444,0.1363680676239016,0.13955134906799888,-0.1417165535382735,0.22900048805531087,-0.051060234872853646,0.6775720879911991,-1.6141852137741792,0.0
19.54,3.7571185600974855,0.7882369484746284,0.13630946586353096,0.12092256641329663,-0.15364466927632608,-0.15217673602598014,1.0113905423771274,0.7457343890781157,-1.6611633949757612,0.0
19.56,3.7594172505850967,0.7856269100673634,0.1341204713031488,0.11443847808733423,-0.08923932622028254,-0.018183554207849506,-0.0899940091910397,0.7658119069663508,-1.6495058823108215,0.0
19.580000000000002,3.760915966423143,0.7841271985105528,0.13224379637314704,0.050392547134541214,-0.05392766971925329,-0.15367162441236687,1.08986207169818,0.7459147716175567,-1.6972667855048225,0.0
19.6,3.761206384498802,0.7845281181406839,0.13473337370052194,-0.01176656867078013,0.06811697821212231,0.24909189467992962,-0.16294363931024491,0.8013837006632413,-1.6469422709084827,0.0
19.62,3.7611952795520898,0.7856596025685403,0.1350668648949344,0.00408950666510303,0.05942239176234515,-0.14059093240267298,1.0023673169831386,0.8700514618949277,-1.5906069555014535,0.0
19.64,3.76253115693621,0.7878400093654016,0.13481540931034006,0.10584571004400614,0.14499631877379682,0.06312985153925527,-0.1706800191136368,0.9570813539699768,-1.6585483568888233,0.0
19.66,3.763306213933982,0.7903484601564186,0.13289918008323562,-0.01131000960791645,0.12811713513171102,-0.20055410986939506,0.9661449460437455,0.988296621566072,-1.6286479791722155,0.0
19.68,3.7620800435593758,0.7935161935352942,0.13305217904744152,-0.050376591397268924,0.1366901849292201,0.15241648652410314,-0.27811351082855656,0.981390571301664,-1.6487885344740572,0.0
19.7,3.7609441304069593,0.796111601063016,0.1317547109259584,-0.0618728781092215,0.14797493283265375,-0.2000701504375829,0.8587572522536386,1.0282493585597676,-1.6475380913040847,0.0
19.72,3.761315518790572,0.7976468894655214,0.1315681178240483,0.08503557107930543,-0.028300745299378278,0.22861453519048516,-0.29597879444452435,1.072308484114912,-1.638397916681982,0.0
19.740000000000002,3.762727615962208,0.7973350961377976,0.1321911035232699,0.056815427591614724,0.011343216202703668,-0.09780908466681244,0.8009357175346997,1.0405896170460995,-1.6649203957433423,0.0
19.76,3.7634318986927644,0.7970832552186561,0.1327677253535442,0.037429656038668574,-0.10745139191956768,0.21606158745473455,-0.13111161713832437,1.0471036748494684,-1.6943539986335845,0.0
19.78,3.7640541069322677,0.794932050102391,0.1326586115019945,0.02765282144544318,-0.0969092643136292,-0.1498659613655262,0.8055740678635624,1.056709428693392,-1.7141356203339748,0.0
19.8,3.764599568190169,0.7930915479259072,0.13150206863744865,0.04789382690655693,-0.16230558555925875,0.14493262922448397,-0.1076154464846647,1.0801481441618086,-1.8116117870060315,0.0
19.82,3.765202304705706,0.7897783420797984,0.13116867816709635,0.017927614654679225,-0.14373098852738286,-0.10905199942995708,0.9125860105418435,0.9815628586867504,-1.8590246710891127,0.0
19.84,3.7656192851800707,0.7887709966409849,0.13346883977675955,0.023027229968198337,0.0017893843399584292,0.20585916441230356,-0.16775843438971802,0.9749966445252182,-1.913637802235309,0.0
19.86,3.7659629594670996,0.7885036770369408,0.1330569022008933,0.007815783105050229,-0.017075249969165332,-0.16134770954424982,1.0298159452122198,0.9045011640342713,-1.9552665652745163,0.0
19.88,3.76639389003895,0.7894134589644135,0.13337757041486206,-0.00866400669099099,0.09465845627975952,0.17896285733777723,-0.14063802695270924,0.8578548470779954,-1.917779280047317,0.0
19.900000000000002,3.7662378089204704,0.7906385032291645,0.1324912552730869,-0.015923671969693895,0.04950985737360708,-0.1811022882383263,0.9953227242954054,0.8248676046080641,-1.9134063599795776,0.0
19.92,3.7663911089634308,0.7929391421689629,0.13307834389708698,0.03885424244888538,0.10908610573566618,0.23760817335062875,-0.265242094140795,0.7858641446807136,-1.8675814180877315,0.0
19.94,3.7668373023111434,0.7944373360303505,0.13329815458846328,0.013430755973483473,0.0722462522510092,-0.14026614070368978,0.8658433333380251,0.7090648985277789,-1.8117851409759076,0.0
19.96,3.7671649692769056,0.795969064649782,0.13162762751463314,0.03501525294721601,0.0036710857942423986,0.046872208707257265,-0.2828493331474847,0.6712521743089455,-1.7909303351922916,0.0
19.98,3.7673344795692167,0.7960719657454413,0.1290629798198323,-0.007031228513894384,0.03962297540323666,-0.22045824891717414,0.869816517432569,0.7053846619726052,-1.7280619253899825,0.0
