time,x,y,z,vx,vy,vz,ctrl_abd,ctrl_hip,ctrl_knee,ext_force
0.0,-0.001244870910501687,4.990671988506434e-05,0.2723747675921974,-0.1123027609235957,0.0064460882429779424,0.2055496535169218,-0.065,0.64,-1.758,0.0
0.02,-0.004730494525194142,0.0005181125688901557,0.2765408559298472,-0.22536457324131565,0.04249340064428301,0.19460546798256184,-0.06411785164823623,0.5942722128006923,-1.7271455818116788,0.0
0.04,-0.010409875293576213,0.0020493067160116977,0.27989900689835373,-0.3231500581650497,0.10081944314342946,0.14554361082149728,-0.0802485749995326,0.5947834542947263,-1.7002117291485221,0.0
0.06,-0.0174322707249421,0.004511834381561321,0.28214067610731725,-0.3658543365098612,0.1405322692347584,0.08054483003065614,-0.07602476540678531,0.6259817788479956,-1.677417631435702,0.0
0.08,-0.024643635688983194,0.007958798736105485,0.2827524724475205,-0.35018962232273126,0.189707639234807,-0.01747773900831332,-0.12274530032377445,0.6936223278436237,-1.6604515699877023,0.0
0.1,-0.03095002718581453,0.01145537465378153,0.28114336892245406,-0.28432036799793914,0.16936366384472817,-0.1332257992261044,-0.04858990211277639,0.7963526877323321,-1.650327507870574,0.0
0.12,-0.03598448418651161,0.016355427563791658,0.2771813271172128,-0.22386652823901768,0.27192303728851913,-0.24590040504503746,-0.27323678649548044,0.9112603893326205,-1.6473786620407826,0.0
0.14,-0.039548420266857065,0.019197979299386915,0.27278745202246507,-0.14392948515133724,0.05601651823854322,-0.2012173242337859,0.29783173398818086,1.0289065261466563,-1.6516255885989768,0.0
0.16,-0.04205009851911792,0.022518151648388718,0.2673822783166948,-0.10565069389702285,0.2217189021147024,-0.3215393045924448,-0.6997801075853758,1.064206317971462,-1.664041923433467,0.0
0.18,-0.04318874602303755,0.0239721834954458,0.26164526014968903,-0.018014278733493774,-0.02102213296742239,-0.27431307255563175,0.4990819198499689,1.1353003465332157,-1.6829541869300033,0.0
0.2,-0.04314437383601886,0.025781199649696326,0.254588197260328,0.023887832458978853,0.15256736115144698,-0.40825020628212694,-0.5595706279717109,1.119323278646275,-1.70714126179759,0.0
0.22,-0.041880845201695834,0.025339276392993885,0.24791699680800086,0.07604486355365071,-0.1505473192979512,-0.25250617939654535,0.6033573457028691,1.150929447013381,-1.7336271520261166,0.0
0.24,-0.04167380701427534,0.025330661225691498,0.24464453878940579,-0.0314315972083069,0.09680216948067419,-0.08460935134375265,-0.5950899766441327,1.1314948410507901,-1.796340976318489,0.0
0.26,-0.042517156969173776,0.02432870041647785,0.24538438681120484,-0.051315865835124,-0.14067955532604545,0.11000704907528823,0.6212194288957902,1.0792855448102057,-1.8775926763598234,0.0
0.28,-0.044129661702108774,0.024311616779659505,0.24813807074011254,-0.08978466363232188,0.09332495590431497,0.15898601681631935,-0.5820514530134018,1.1021428664010342,-1.9514313070279246,0.0
0.3,-0.045251431237944305,0.02397885955061081,0.25201247019547013,-0.02951198298619688,-0.07776688916536376,0.21011910175686482,0.5936674402037088,1.0297901548400252,-2.010695392752735,0.0
0.32,-0.04576207508428598,0.025414840544867572,0.25651289576935893,-0.018418378678852074,0.17277123988710555,0.23344707440172013,-0.588242937064231,1.0525640754816363,-2.0503369486419363,0.0
0.34,-0.04525817996920266,0.027100422828832908,0.26075093173678304,0.05394284932045254,0.04057126190909556,0.18644605583313673,0.5388189291862482,0.9813616792844311,-2.0671850507607084,0.0
0.36,-0.0442030948066716,0.030943047097724947,0.26412964259890426,0.05423253148069649,0.2876283203935259,0.14751856755515608,-0.6333437352024642,0.9878611165340895,-2.059522869816074,0.0
0.38,-0.04248296902459399,0.03488438605762265,0.2658109157549306,0.1084263079250003,0.15024988874057232,0.026090337931126875,0.41811600786659947,0.9137814289141161,-2.027712244061092,0.0
0.4,-0.04029835191727051,0.04052026349045432,0.2651936684068905,0.11448097179469578,0.3563226988421639,-0.08663002189725955,-0.728429153126765,0.9168991965007646,-1.9737038065011245,0.0
0.42,-0.03754660816276519,0.045136823596692584,0.2632969403048298,0.17929954860216335,0.08904709548041492,0.023265831267989867,0.28887300026616275,0.8761327563296629,-1.9012204901243883,0.0
0.44,-0.03340233927336479,0.04902228250212083,0.26284526125473934,0.22502989489975228,0.254164218349988,-0.07828711199623371,-0.7435836567758729,0.8041300580300236,-1.8165447460084738,0.0
0.46,-0.028545336791062047,0.05034562972335226,0.2637163716320799,0.25428423461207933,-0.045841507580549695,0.09574547693139152,0.3998225077629191,0.7827567544999923,-1.7432369923404394,0.0
0.48,-0.022901967877767226,0.05113177020851459,0.2633334017307516,0.3065704718298827,0.08672810682373833,-0.09947814419434131,-0.6371601835733234,0.7013768704775503,-1.7116159465247218,0.0
0.5,-0.016633945059519102,0.050426354074325816,0.2614066161126268,0.32331119076335435,-0.10835467348549219,-0.11019629476211773,0.5118152946888945,0.7601253153280678,-1.6821324911095044,0.0
0.52,-0.009353731169832702,0.049910334012400435,0.2574231625234163,0.3963210189975702,0.01679114061131908,-0.25408266250807204,-0.5615420115519398,0.7716452642838982,-1.6567706810337068,0.0
0.54,-0.001130685087002768,0.04726465915536754,0.25287625740544206,0.4251118088453506,-0.23039053708931848,-0.22507311734492924,0.5675424646334231,0.8499056619145217,-1.636929265198598,0.0
0.56,0.007936200863431093,0.04438855926970786,0.24773286794717178,0.46560903057711206,-0.08217515153578056,-0.24105191694208744,-0.4536762943262119,0.8730866660221537,-1.6250676486619526,0.0
0.58,0.017280061395360275,0.03951199992521288,0.24411807468900223,0.4646786412314129,-0.3486772606491225,-0.13309385843429805,0.6581016627742846,0.9716716316934293,-1.6217839810527934,0.0
0.6,0.026589777346274445,0.03534763037695418,0.24278616933871675,0.465682012015489,-0.12566741284599456,-0.016853008608520986,-0.5094843369864053,1.0249635470234595,-1.6287152134552794,0.0
0.62,0.03581462474363052,0.029415031249140824,0.24334507541624167,0.46310204593983306,-0.40265824587630833,0.045798549195220035,0.6467644450430623,1.1268552792969047,-1.6457187697826412,0.0
0.64,0.04543542082810724,0.02448363289409233,0.24505218082850186,0.49546196327337855,-0.12017364959937432,0.14864968327823064,-0.5086382672847161,1.139079817127654,-1.6711087387248813,0.0
0.66,0.054501121448677685,0.019689654868015674,0.24811948677957682,0.42473129770923934,-0.30252606051898623,0.1411135592863752,0.6107365750012841,1.1592880727445358,-1.7023967548735572,0.0
0.68,0.06269736395987102,0.01682779397337432,0.25129584191500615,0.41058284436273096,-0.051739220260613325,0.1421517059813423,-0.5863876934041921,1.1323082634349655,-1.737479977970461,0.0
0.7000000000000001,0.07086467558302008,0.014034151540700012,0.25269875216759546,0.41248708529637956,-0.1875822775449966,0.009324062573468331,0.4905941686091529,1.0962530658124707,-1.822617437424759,0.0
0.72,0.07948448697841842,0.012880064912948715,0.2521407657492705,0.4498643198470086,0.015649848002286453,-0.06810122567814568,-0.656763611552569,1.0779484763412395,-1.9053184262575202,0.0
0.74,0.08844683861139187,0.011371344124746083,0.2501665345351628,0.4351301212252164,-0.13511854758137654,-0.09140870521005089,0.4014935164059153,1.0013329668447535,-1.974211500563547,0.0
0.76,0.09744201235939212,0.011095860186889663,0.24810299634682775,0.46176017408056086,0.06157143589649241,-0.11045814661773606,-0.7069995339752242,1.0060978846085593,-2.0244664200873155,0.0
0.78,0.10628181894707495,0.010162516188880309,0.24672106185304363,0.42298902939409705,-0.11265395534575906,-0.04389804317757555,0.46984439404596073,0.9563883286613876,-2.053208196619284,0.0
0.8,0.11542037118151292,0.010409640834438124,0.24519970596332086,0.48567183510010803,0.08738472588693891,-0.10868262860090498,-0.6671100342881677,1.0019183996276382,-2.058745402579482,0.0
0.8200000000000001,0.12493094252211806,0.01018727669457619,0.24286006834807,0.46494779585015056,-0.0691170931079776,-0.13554867436763268,0.448463612774677,0.9574402096328334,-2.039916736256373,0.0
0.84,0.13489579425139941,0.010915327981522555,0.23877649724223118,0.5201626065658277,0.09491922063755112,-0.25513138902530896,-0.6974492290432777,0.9902058520324138,-1.9975166149079548,0.0
0.86,0.14456462506405066,0.008276981436340989,0.23683197159780317,0.45026075171912416,-0.2968430802734952,0.022159166673062978,0.34540950894798506,0.9641803469541619,-1.9338824334068088,0.0
0.88,0.15382101277753976,0.004277280665280939,0.23656914650480998,0.4660949416033586,-0.1419315892046556,-0.04514191180755825,-0.6036191829340374,0.8197335990871988,-1.856705150666147,0.0
0.9,0.1620330764209928,-0.0015514382507608787,0.23630546510617353,0.3860870305158815,-0.3759442630608405,-0.012064976670007051,0.42338839535969297,0.7612977568814123,-1.7713619519444246,0.0
0.92,0.17032696207674927,-0.007412437146816938,0.2349062436855722,0.43628222244957243,-0.23764931784992432,-0.11308757507009724,-0.6162115406734225,0.7427327726331008,-1.7130173013904477,0.0
0.9400000000000001,0.17849679934379847,-0.014394127262095288,0.23194533796938405,0.3963022293650795,-0.4093420103907311,-0.18057144688506577,0.47066124156490813,0.7419295858166766,-1.6801999252292634,0.0
0.96,0.1869710903523519,-0.021057817934404283,0.22738974149281202,0.44006628664167063,-0.2756505032003939,-0.24708673596582206,-0.5444984387303746,0.7458343536270908,-1.6499095549871738,0.0
0.98,0.19533062694133344,-0.028332681960740173,0.2224792268895152,0.4035790478118348,-0.4117738209098635,-0.2267770345718937,0.45978297414395314,0.7790292669819097,-1.624240285290752,0.0
1.0,0.2038455852912835,-0.03408699849445555,0.21875366003454993,0.440191996904795,-0.2088486489970878,-0.1506530494724661,-0.5832616208135588,0.8213136994540323,-1.6058565995561935,0.0
1.02,0.21261809232021034,-0.04036801827606728,0.21629312584183977,0.43642044199045726,-0.39015451476541435,-0.10361008797990695,0.4607309389849022,0.9587531664075537,-1.5970881913107693,0.0
1.04,0.2217414413244306,-0.04632555313330656,0.2149669648915267,0.46302927791117654,-0.2359220990345894,-0.03185639014965938,-0.47980021151419977,1.009772526008624,-1.5984386927237109,0.0
1.06,0.23064539971995257,-0.05316374926730273,0.21456143502212532,0.4345642850941418,-0.40951497833317835,-0.012810929148864057,0.5190361139389803,1.1156432261215767,-1.6095515213528786,0.0
1.08,0.24020404894842057,-0.05772397023197039,0.21569577337417686,0.49585075258165723,-0.09782795281606191,0.12270077105279006,-0.505555178842518,1.1537138159752232,-1.6293311516418385,0.0
1.1,0.2490750100444808,-0.060980547336152255,0.2185214806540731,0.409628323955074,-0.2028161406899146,0.14475503942109022,0.4650269056609329,1.1325358139394262,-1.656746177807136,0.0
1.12,0.2576585135510327,-0.0625028751590537,0.22124542379516554,0.4481080314607193,-0.007969135917520274,0.12661253867840544,-0.5211589384444211,1.1031594365981898,-1.6899046932093331,0.0
1.1400000000000001,0.26650257164662666,-0.0641202385825265,0.22358144723662532,0.44070498831560506,-0.13276567036213396,0.10551799146049604,0.41064517097519165,1.0984913419411266,-1.73507452085366,0.0
1.16,0.2758096818187785,-0.06463863086743427,0.22494656532832963,0.47875556770063077,0.03405016671071087,0.05672507315116608,-0.5377150909762088,1.0640349643817089,-1.8235671129276074,0.0
1.18,0.2849778011693139,-0.06572975169316371,0.226327420523457,0.45083240988608975,-0.11314571604214951,0.07438317822566098,0.45173112956660405,1.0198290827642225,-1.903483315983226,0.0
1.2,0.2948869700488438,-0.06636850295206265,0.22705240855204867,0.5308854110528645,0.022514082001626082,0.010999876679464327,-0.5597168861766035,1.0310185221265686,-1.9696261741070187,0.0
1.22,0.30541357533560765,-0.0676572692037767,0.2271678748331659,0.5250967066802641,-0.1186270959887154,0.002714192715169148,0.4087535092813081,0.9713640269719784,-2.016519102080333,0.0
1.24,0.3170094899538743,-0.06815861211104651,0.22618493930396263,0.6174326652231983,0.029242676640657047,-0.09089803648580108,-0.6617335374372437,0.9983284542476045,-2.040681956089461,0.0
1.26,0.329091579315063,-0.06928406810842858,0.22376778508832953,0.594101559981164,-0.10501651890901226,-0.14810465600966807,0.3839786606794799,0.9597103138473528,-2.0398956076660983,0.0
1.28,0.3415862298005179,-0.0695889885732195,0.21980634115782763,0.6395011397285977,0.04558698006104037,-0.23107795205147103,-0.6775643050864999,0.9683812034849981,-2.0138914033093567,0.0
1.3,0.35316463478570836,-0.07137070351474349,0.2167746856206021,0.5169839230154689,-0.20490929395627655,-0.056008293466201675,0.33334390343812115,0.9119651898104792,-1.9644093106145144,0.0
1.32,0.36294160196078307,-0.07405554350615544,0.21572129148916622,0.46982310305408986,-0.09061752793140553,-0.04456498569486943,-0.5524034262929032,0.8239389232021158,-1.8969458122170433,0.0
1.34,0.371234172300883,-0.07844885593144908,0.21593066915672474,0.3927426104340973,-0.29542431973714267,0.03986421890474004,0.38238119055450354,0.7193969018229254,-1.8172789883296394,0.0
1.36,0.37969857923756317,-0.08319429794585974,0.21657135390747356,0.450334233911276,-0.19596956931940235,0.02544592480578381,-0.5190785116476184,0.7135071326934994,-1.7308227171429051,0.0
1.3800000000000001,0.3883223245626491,-0.0893103426059219,0.21718976809396667,0.4226820937733242,-0.3720895666582602,0.036068713989827965,0.40861018611648675,0.6759297356742212,-1.6883445918120525,0.0
1.4000000000000001,0.39709271697804094,-0.09492055858249049,0.21834924390758062,0.4464507050066822,-0.2089453951483129,0.08436520073816837,-0.4943539243654597,0.6845464052722561,-1.6579413735829671,0.0
1.42,0.40571734956152766,-0.10047747175005796,0.2200864169480505,0.43010157486488493,-0.3196669483797252,0.09222255857019125,0.3976872565720818,0.7218515311227139,-1.6323613987502026,0.0
1.44,0.4150944101070037,-0.10514098756308286,0.22151948136659033,0.5014277023215017,-0.18427424010317198,0.055530370888811034,-0.5447189490231872,0.753003312011366,-1.6136470829980971,0.0
1.46,0.4255571351423693,-0.11054983312418921,0.22225025771698012,0.5435534266750656,-0.331027884798747,0.01347525684637755,0.44770945144309854,0.8575643903654184,-1.6026197771435113,0.0
1.48,0.43735396618885103,-0.1157866622396885,0.22163516964308666,0.6175303287816812,-0.21617795605775456,-0.05157724826520569,-0.511370001938116,0.905029598496476,-1.5998854694567135,0.0
1.5,0.44974690785071725,-0.12212284307247132,0.2201817321073799,0.6192277978204768,-0.3860840224645852,-0.08980202100766588,0.4682985146719139,1.021946245450687,-1.605181353759051,0.0
1.52,0.46234963757558983,-0.1280989950521805,0.21805172153271035,0.6274825624763316,-0.23926565933357644,-0.10539070714846525,-0.47894960555854743,1.045793025076441,-1.6184738777824066,0.0
1.54,0.47416207417969314,-0.13456425389843932,0.21595751326619447,0.5591064213643144,-0.37273553546141724,-0.10180448425083029,0.4503804348671589,1.116768189717444,-1.6387946618378353,0.0
1.56,0.48519075198889705,-0.1393061954873796,0.21434366640282976,0.5461695318878332,-0.15017203017431502,-0.06434786997958505,-0.5072700505656991,1.087983659499441,-1.665040940893762,0.0
1.58,0.49534838267207604,-0.14332789805384244,0.21339689428800512,0.47335507546508926,-0.23417975995720264,-0.023283153797776093,0.4068782204581752,1.1077542888874787,-1.6954478624277733,0.0
1.6,0.5041360130830844,-0.14498624319851464,0.21412829908133416,0.4130937269936208,0.01273910414955541,0.09291027777355977,-0.5212015547738875,1.0583623045535555,-1.7528241501709825,0.0
1.62,0.5115761668732675,-0.14635990306530972,0.21693134788242624,0.35927448645189153,-0.1170626886877204,0.1551520406229478,0.42904643456601366,1.027408740928149,-1.838542212652973,0.0
1.6400000000000001,0.5191808284778143,-0.14689958006645665,0.2194799803607245,0.3998220752705398,0.029047225373899435,0.10789253900235392,-0.5625794451848661,1.0098794674135128,-1.9164063139189662,0.0
1.6600000000000001,0.527308873160244,-0.14767333223719,0.22158273875864007,0.41359609623955124,-0.08862333525699417,0.10454583530823154,0.3772757967555222,0.9574469766670863,-1.9788125445180793,0.0
1.68,0.5365400637397022,-0.1479761534518555,0.222842372156913,0.5014165341316817,0.03623570897922165,0.03816924293862636,-0.5327522544766343,0.9482077547491956,-2.021023162492629,0.0
1.7,0.5469609015655675,-0.1487832136339781,0.22305871682793652,0.5348980473803805,-0.0855600140055073,-0.005707444981448729,0.3851154458685126,0.8893215213391696,-2.0396424508225777,0.0
1.72,0.5585937244346895,-0.14854824479058926,0.2221890435234987,0.615066862650276,0.07523585757103904,-0.06961736452816296,-0.5908736186331591,0.9162563297663884,-2.033172773004171,0.0
1.74,0.5708792940654847,-0.14862784213399183,0.2203708832445567,0.6091240777140079,-0.05108270656945785,-0.10602431182250847,0.3927090083712807,0.8569852815885248,-2.0020844272779836,0.0
1.76,0.5833797578942428,-0.14760844491416125,0.217683880735913,0.6279841520587266,0.11914604874105372,-0.14766476041665408,-0.6008305032849188,0.8706670270236148,-1.9487955945597748,0.0
1.78,0.5950319008967087,-0.14743689490344197,0.2152028818704197,0.5512672298887897,-0.06360256209852537,-0.11082034324472928,0.39253097375478657,0.7912402114770413,-1.8773065291121727,0.0
1.8,0.6058417241623644,-0.14730006696107942,0.2127783835578582,0.5233876644740065,0.05531211850206344,-0.11537081360177762,-0.5585960042458744,0.7748363036894607,-1.7937430693890877,0.0
1.82,0.6145837085197514,-0.14898526585827004,0.21217402833964955,0.3776859096572173,-0.16796540316843486,0.038771550459223765,0.40929376743014123,0.7002961521851803,-1.7092070953930854,0.0
1.84,0.6218484054663712,-0.15044524701424372,0.213570650351539,0.3620381861131679,-0.020337076901511677,0.07593444300177771,-0.5745340106971153,0.6729054264648784,-1.6760942328824748,0.0
1.86,0.6285991204408974,-0.15261249823637435,0.2152703602806396,0.32768398462074944,-0.16720569005800828,0.08817086609212756,0.4259802535312749,0.6916040199027611,-1.6472891986731186,0.0
1.8800000000000001,0.6355977755187853,-0.15474197613540544,0.21716473887152551,0.3675675533936551,-0.05546575900055199,0.10372353226698618,-0.4884649130899478,0.7112351355288679,-1.6237061225361789,0.0
1.9000000000000001,0.643213557522379,-0.15706040919905936,0.21944718271259311,0.39439794601308925,-0.16251195048283368,0.11943442651951121,0.32608976031589565,0.7892589429084933,-1.607152544801298,0.0
1.92,0.6519146797492866,-0.1590264960016108,0.22144573382539776,0.4613080328390852,-0.061571390294640975,0.09558204897034003,-0.4597440056805228,0.8411923427319639,-1.5991554328651303,0.0
1.94,0.6613768776392261,-0.16255971614453796,0.22339456589692128,0.48298236282439616,-0.2556855920618304,0.09786281737872812,0.387554300691021,0.9635677140034002,-1.5999232297979173,0.0
1.96,0.6717607356955199,-0.16638309625051856,0.22449337073945067,0.541192089052901,-0.15922975652133828,0.026751442073953583,-0.5296145308066851,0.993073177970247,-1.6097063878974023,0.0
1.98,0.6824340639294102,-0.17184163836040045,0.2244389197424976,0.528692984380455,-0.33842225497288414,-0.03207794241064288,0.4956323021580185,1.0813946202730904,-1.6272400847351665,0.0
2.0,0.6931948200316993,-0.1765148522780668,0.2231356566158458,0.5407336819551585,-0.1624436095619334,-0.09230009808172511,-0.5283473897536276,1.0958667748284712,-1.6510169055189017,0.0
2.02,0.7031360274066798,-0.18142353634712505,0.2211928337384573,0.45416316542990354,-0.3008692873447223,-0.09033416268204734,0.4548224314143872,1.1267335554158193,-1.679151374511735,0.0
2.04,0.7115337092463199,-0.1841792189394897,0.22024814930463726,0.394775097387559,-0.039384967436533226,-0.014446604151349414,-0.5570560947749403,1.0932502634034138,-1.7099150503274145,0.0
2.06,0.7181922369568714,-0.1867321936579438,0.2210359134064964,0.2971919616397608,-0.18273506907096412,0.06535703842453179,0.5257466288158077,1.0654944147446102,-1.7821057132083216,0.0
2.08,0.7241560718477804,-0.1882986167961906,0.22219755403451294,0.30537493551457234,-0.015307693748193392,0.05005119706192597,-0.5643603203766978,1.0773858679906831,-1.8658942861240748,0.0
2.1,0.7301835042216888,-0.19008251423916944,0.22310863677459206,0.3081612722086348,-0.13764059900046755,0.027533700553997825,0.4130611256059177,1.0206884287609714,-1.9388131171247922,0.0
2.12,0.737140302744444,-0.19103883701229496,0.2227215245843686,0.3783604881101068,0.01498721295589767,-0.051103254773761216,-0.5791626378000234,1.0152235120549087,-1.9948954394016436,0.0
2.14,0.74497168610646,-0.19225548641815238,0.22112803585954743,0.40533935884601274,-0.1048791459480505,-0.0992176129029323,0.4198113019104533,0.9493812490574549,-2.029099344094143,0.0
2.16,0.7540423573402175,-0.1924838892594765,0.2184311364498487,0.489211356651363,0.04980847529297869,-0.1607155076506971,-0.6185375300734779,0.9532000357319595,-2.038877162832859,0.0
2.18,0.763996904179761,-0.1928723179051124,0.21503334963849988,0.49915805663894547,-0.06001846760211247,-0.17040714160594547,0.3830968793332685,0.8915290097363462,-2.0234718816454387,0.0
2.2,0.7745205861497148,-0.19199101463363966,0.21146728173224313,0.538298431768806,0.11838987031866927,-0.1732289754181326,-0.575147507797418,0.9063802042762614,-1.9842116158714436,0.0
2.22,0.7846518230003754,-0.1911756848727886,0.20910201906309667,0.4827061554828107,-0.008713397825609448,-0.07576512493034379,0.3470629434040587,0.8229084121894673,-1.9242976229647535,0.0
2.24,0.7942560878249887,-0.18995685473231247,0.20783296875990645,0.47023740993492286,0.10434274913487208,-0.044354734310126785,-0.5108596587053125,0.8100115889776811,-1.849158660578774,0.0
2.2600000000000002,0.8025435042827259,-0.19067156286477785,0.20886089657485585,0.37913329602260615,-0.130892365381257,0.11658175625214443,0.3481046029268692,0.722984634183632,-1.7642737538800113,0.0
2.2800000000000002,0.8101020259349893,-0.1918920848408067,0.21220685608984935,0.38123516351802905,-0.009841845810565256,0.21314168212145856,-0.4690121759785668,0.7044545683077812,-1.697045311477738,0.0
2.3000000000000003,0.8171280420481519,-0.19412095736949808,0.21712011408205004,0.3376622005970447,-0.17246364672142292,0.2708998447449862,0.35201976762479203,0.6899664282836884,-1.6675905385497172,0.0
2.32,0.8244105781405242,-0.1961811772725413,0.22198334182675075,0.388860249179181,-0.06553415874862972,0.2222000426861293,-0.529222311928822,0.7118179530164053,-1.6427444555422872,0.0
2.34,0.8323884777534002,-0.19922305430844503,0.2256614392497894,0.4108312719660916,-0.20703302085062122,0.1495041979428592,0.4226241184842733,0.7628135200909548,-1.6233986352768954,0.0
2.36,0.8412921994647791,-0.20210059774928288,0.22749670145155962,0.46950366767334484,-0.10323670446908349,0.058896833649738314,-0.5243177354855604,0.8054130678502215,-1.610409678305038,0.0
2.38,0.8509796627168995,-0.20599571578329354,0.22774646775799123,0.49938184139499603,-0.25011872749903785,-0.026563236608571156,0.48479392841126073,0.9051789391935355,-1.6044613280640672,0.0
2.4,0.8615706883420904,-0.20960987473017922,0.22595097439361048,0.5479991664733951,-0.1372454442885659,-0.13735079021339955,-0.5338618796362737,0.9533848266778051,-1.6063227041189505,0.0
2.42,0.8725380986810329,-0.2141886108424564,0.22253390948197121,0.5456869545781285,-0.2922018858021099,-0.19639192298306146,0.47662668311276485,1.0555361111372474,-1.615499808616737,0.0
2.44,0.8833809293574106,-0.21818631927573195,0.21829610540844674,0.5291271368278232,-0.13428769060839868,-0.20582949638930026,-0.47956043420188116,1.0658039157356405,-1.6315255535025965,0.0
2.46,0.8931742228800473,-0.22229740332341258,0.21432348701919512,0.4569125402882054,-0.24557219984310855,-0.18788689328760513,0.43191992639935317,1.1259951207403638,-1.6536159287314023,0.0
2.48,0.9019645115142878,-0.22412747958584958,0.21153754476665051,0.43435153124155323,0.00410305443919106,-0.10948664871513114,-0.523574958607303,1.083799155246474,-1.680704557353278,0.0
2.5,0.9101217106246233,-0.22530957352372127,0.210333019470571,0.3793051797593056,-0.11335859467460777,-0.0032096149041717197,0.37789417076364057,1.0902166460159541,-1.7112300358133214,0.0
2.52,0.9169797116935826,-0.22525727730340678,0.21145797160707958,0.3188029160578284,0.07472202265015405,0.11052809280009049,-0.5123756976761148,1.0519328613929264,-1.7976110349420034,0.0
2.54,0.9228788514997585,-0.22545784812065453,0.2144550503086879,0.2937979454387158,-0.05684461558502559,0.16763433349757667,0.4060145950846783,1.02733689705611,-1.8792222588732794,0.0
2.56,0.9292971163439644,-0.22495321772902754,0.21726805206019884,0.34415963773341757,0.07968945011984699,0.12154967079751627,-0.5479844348355332,1.004353995895658,-1.9495682378015677,0.0
2.58,0.9365135970140419,-0.2246547803736671,0.21979092343684983,0.3740982245457134,-0.03266605360146626,0.1296489494358279,0.36298114074358784,0.9501589862197191,-2.001843697376564,0.0
2.6,0.9449991531500499,-0.22385432817247475,0.22175673905132873,0.46371167593553,0.09127216188306925,0.08157849561537145,-0.5044169448414545,0.9470755584774612,-2.0321646589826603,0.0
2.62,0.9547503464883595,-0.22339056467180207,0.22295553851947653,0.505268712867387,-0.012780648678792281,0.04672322500074288,0.3636173062771328,0.8898845967907676,-2.0381681461668784,0.0
2.64,0.9656911693042753,-0.22157464661279355,0.2230972823408337,0.5757799933441748,0.15700698675038552,-0.020839547564383172,-0.592381381959179,0.9152362293281341,-2.019349692401697,0.0
2.66,0.9771316387386678,-0.22009503634596325,0.22218398018395571,0.5648558406160589,0.024563585586867887,-0.06527394840622597,0.38356920281370016,0.8596006093221116,-1.976979261031346,0.0
2.68,0.9885221414490393,-0.21763195230391028,0.22015227837942017,0.5641997884084056,0.18800057248896104,-0.12161646000178078,-0.6175939736048859,0.867998059769894,-1.914284879409437,0.0
2.7,0.9988661410791799,-0.21619992882694364,0.2180311550856813,0.4870101638325667,-0.00241729372111109,-0.10056021602156402,0.3946042342341201,0.7940292868601146,-1.8359216795626305,0.0
2.72,1.0082597451415787,-0.21497410930128086,0.21573415762534745,0.4499724334497077,0.10266902029023854,-0.11583357986264185,-0.5802236996469758,0.7744092105293925,-1.7485406728209318,0.0
2.74,1.0158964489955897,-0.21576241163425924,0.214416118870684,0.3380057718349452,-0.12450536767877353,-0.022288458554220222,0.419846481912736,0.7090807571147504,-1.6935845590232437,0.0
2.7600000000000002,1.0226205417720613,-0.21666217082723735,0.21437078592296654,0.34465766244931917,0.001104471233579686,-0.0013798358016090615,-0.5911074021172817,0.6884163751435745,-1.6610790030984344,0.0
2.7800000000000002,1.0293513389402038,-0.21863414553859595,0.21459726286100902,0.3366449433313718,-0.16872115728821185,0.01811490272091937,0.4203023216616885,0.7290262806210299,-1.633575204646262,0.0
2.8000000000000003,1.0368078605203956,-0.22079304188498983,0.21496842329952015,0.40215342891409095,-0.06497035641010648,0.026460517332931494,-0.5069975711101341,0.7558629531089438,-1.612358459228565,0.0
2.82,1.0452895400851274,-0.2240558641423243,0.21552593914386253,0.4422458048516975,-0.23493572293602888,0.03348618203329812,0.38942099227364846,0.849151889532418,-1.5989521239575306,0.0
2.84,1.0550145709667982,-0.22761833843513055,0.21589104541279003,0.5172416154602233,-0.15087238427404412,0.017890907105247406,-0.5268230514633017,0.8927654216065093,-1.594430226010632,0.0
2.86,1.0656986938271171,-0.23297123118935922,0.2162176797061662,0.5493960576206627,-0.34602383279450494,0.01015574418604976,0.4627005777924696,1.0049702464701216,-1.5988670396702394,0.0
2.88,1.0773479430191009,-0.2385977936236655,0.2159474863534739,0.5984283523612236,-0.24290503644562056,-0.02187609935577376,-0.5074602049844192,1.036853585110084,-1.6120709450216948,0.0
2.9,1.088964511193915,-0.2456144134343776,0.2154961832007523,0.5613217794580229,-0.42135943547359667,-0.020008101538992688,0.4635592626496298,1.1215481082812884,-1.6326123363713365,0.0
2.92,1.1001867038565396,-0.2518485714705593,0.21521161974846598,0.5595015695670438,-0.2416937924349068,-0.007028854588794036,-0.5050182005766879,1.1056779681313988,-1.6592473632860238,0.0
2.94,1.110631289636781,-0.2579375961167526,0.215122839211691,0.4889241797218209,-0.3395553932558331,0.0005273052839316144,0.4322783305303108,1.131727629385167,-1.6902040981370443,0.0
2.96,1.1200796218018982,-0.26157397741227534,0.2159058496124345,0.45930678141867926,-0.08312519947186749,0.07368391793225346,-0.5310512378605712,1.0783174645701312,-1.7382028491382933,0.0
2.98,1.1286500302440339,-0.26463753270462426,0.21797850610108965,0.41722491529262457,-0.19699263826829194,0.11007340834840326,0.43687119302417016,1.0450657359620656,-1.825010415105794,0.0
3.0,1.1373221991565199,-0.2665685550363716,0.21979785642490657,0.44990573130815315,-0.03443963375188347,0.08149313721737152,-0.5477339782591769,1.0225073075965248,-1.904474085614465,0.0
3.02,1.1465615262479556,-0.2686352067804725,0.22120124309375241,0.47884700380216044,-0.14708954158951854,0.06112870474185731,0.4017265165824006,0.9642117223755793,-1.969450583423644,0.0
3.04,1.1571559866634977,-0.26992428163949,0.2215427639237885,0.570071692306992,-0.007065048200996064,-0.014089935983875283,-0.5590731854197333,0.9509904690920947,-2.0149857006620295,0.0
3.06,1.1689556371649341,-0.27153357582521054,0.22084505267656906,0.6018141364613657,-0.1267450809992268,-0.04338187571316048,0.394736014194483,0.8907574208021963,-2.037189830505434,0.0
3.08,1.1818981772036763,-0.27205574580672837,0.21934980481459632,0.6797600684981353,0.04179585192726361,-0.09437220872598837,-0.5944802727985274,0.9149910574175775,-2.0344155442877727,0.0
3.1,1.1954568504278398,-0.2727610158743327,0.21736886551657275,0.6713224310382665,-0.08180093044315075,-0.09949449640586,0.3931804811245751,0.8531643892116066,-2.0070245006408025,0.0
3.12,1.20925777720562,-0.2723044036101326,0.21501268305179774,0.6957892610659557,0.09385715913060204,-0.12424301666220072,-0.5859110795862004,0.8672130720335969,-1.9572555342488092,0.0
3.14,1.2223651443028414,-0.2725537380982935,0.21319331572796452,0.6266999635574096,-0.08158011147041448,-0.06771610798003726,0.38893636244014523,0.7841721298830256,-1.8888563373964022,0.0
3.16,1.2347467769164515,-0.2727474514830457,0.2117621841159123,0.6039792695687528,0.04131289811214823,-0.059605241517964,-0.5364795647274992,0.7723637146778105,-1.8076079586870215,0.0
3.18,1.2451228001958603,-0.27456951448930816,0.2124065249160793,0.4574082578238057,-0.17204434911875227,0.10671659364461325,0.4002318949183081,0.6983930868422936,-1.7194513778345952,0.0
3.2,1.2538872342484,-0.2760539364058438,0.21512784747082597,0.43357071011988335,-0.020082933320269083,0.14202004718038233,-0.557077822883236,0.6711857340840269,-1.6820824334730802,0.0
3.22,1.2620397593385517,-0.27807494058018306,0.21799868466637265,0.3958846603685607,-0.15393863333484104,0.14053887504727697,0.41974757938438123,0.6807698433588134,-1.6536674937803686,0.0
3.24,1.2702092488594026,-0.2798746197346775,0.2207881644621107,0.41733859982382454,-0.03645365876813538,0.1426117282119976,-0.4836047837225855,0.696478616698139,-1.6299618647465488,0.0
3.2600000000000002,1.278696567696438,-0.2815892647655626,0.2237564765576325,0.43513161234571957,-0.12320552299155219,0.1473205004320892,0.3148323512777636,0.7678137544485621,-1.6127555843974937,0.0
3.2800000000000002,1.2880556965598204,-0.28264257330347203,0.2259412717154554,0.48711536673560824,-0.01061282615871264,0.09210049111050911,-0.4549755000491125,0.8155412429354001,-1.6037330064179227,0.0
3.3000000000000003,1.2979631727734913,-0.28511040694995804,0.22762451959480487,0.5040917740289934,-0.1992389004420557,0.07646472460352911,0.38703617336378704,0.9414376112880727,-1.6029898099609716,0.0
3.3200000000000003,1.3087145248893555,-0.2876764388420003,0.22796624664613985,0.557851228233827,-0.0926678894074742,-0.02402999288528547,-0.5521420393187344,0.9661644114714844,-1.6109407513687006,0.0
3.34,1.3197708671881159,-0.29175085427277586,0.22674724840507485,0.5498332610848817,-0.26806456324625005,-0.09789969999700424,0.4838091981307618,1.0535949139637781,-1.6264122872308504,0.0
3.36,1.330864216316428,-0.29498475452190365,0.2242042799638306,0.5505977335681986,-0.0835605662742467,-0.14311435704583275,-0.5268498823967442,1.067176326012926,-1.648074835369176,0.0
3.38,1.340743298687428,-0.2985729832909113,0.2217001157973766,0.43999351092910477,-0.24788929744969984,-0.09165223562185144,0.44064284859573527,1.0954233308602375,-1.674398583950601,0.0
3.4,1.3484675226700678,-0.3005895432068702,0.22111340933032597,0.34793420786215973,-0.012798069691287552,0.02068557279326105,-0.5893023259668495,1.0740798002004788,-1.7043201046101852,0.0
3.42,1.354022287773524,-0.3028681210584625,0.22293534229273204,0.23717413033331003,-0.17774856929902985,0.12575283537778434,0.5304940809542773,1.0545316535248355,-1.7669629159829057,0.0
3.44,1.358634305202384,-0.3044329994379965,0.22543745815848565,0.23337454249880296,-0.016869864303707134,0.116701375118403,-0.5578537223628677,1.0812378462484695,-1.852948459752038,0.0
3.46,1.3631038385923289,-0.3063776292347001,0.22748673907342726,0.22645903050837352,-0.14839712482623146,0.07516060642351569,0.45475859941330016,1.0271598268435496,-1.9294078742290113,0.0
3.48,1.3683716289183878,-0.3076906156080204,0.2279901855961329,0.2938728153631778,-0.011919698076148618,-0.013163530252412958,-0.5679258014028641,1.0221236787644479,-1.9897800790014029,0.0
3.5,1.3746133237152456,-0.30928406510241163,0.22668371676285326,0.3282412239518039,-0.12115495839246153,-0.10062178113254026,0.42088554554323326,0.9559247789356178,-2.0287302336913555,0.0
3.52,1.3820964719305695,-0.3099090276207644,0.22360520556748884,0.4081288518548125,0.02368800947425136,-0.19343102606127963,-0.6242825720576024,0.9601037279189288,-2.043119604655271,0.0
3.54,1.390503963236261,-0.3107685494960666,0.21905804022569703,0.42663250742834,-0.08089342331210687,-0.2519424722039271,0.39356640692228,0.9017265701739555,-2.0318063189866864,0.0
3.56,1.3996520590628256,-0.3102957990962537,0.21357156015246256,0.47151923517917604,0.1006355424421026,-0.2794168405631576,-0.5911919748882777,0.9181900021964386,-1.9957052336748042,0.0
3.58,1.4083485649135101,-0.3097230267535601,0.20901002517979153,0.4074313125879093,-0.01632206301668123,-0.18652869327047308,0.33941362242093304,0.8363695432435941,-1.9377052384576006,0.0
3.6,1.416442327529248,-0.30862465465240213,0.20562985353901825,0.3935808928241808,0.09945651498822485,-0.14425668665055041,-0.5080258687887902,0.8161621539782293,-1.8633691958563792,0.0
3.62,1.4230749212622127,-0.30942618550275724,0.20496866875038428,0.2919957293645229,-0.13434986569706484,0.04504159174556384,0.33556229001884846,0.7220152755010223,-1.7782705263350145,0.0
3.64,1.4288332836038196,-0.31072642090711144,0.20759889499958217,0.2916541715038757,-0.017638917014020872,0.20337865684877798,-0.45032542807389125,0.7011986402339759,-1.699945616818734,0.0
3.66,1.4340790572235513,-0.3130952923479626,0.21279696360415026,0.2476451229720456,-0.17892698043182664,0.2994230229420902,0.31586317060948094,0.6826855037032554,-1.6695658828227997,0.0
3.68,1.4394590572398074,-0.3152926624035447,0.21883246406177279,0.2875993721049048,-0.07253843307764175,0.30746760461574696,-0.48073451523621014,0.7085750228463291,-1.6441652969881082,0.0
3.7,1.44523017878289,-0.3185024090014369,0.2245164115331614,0.29645531402083736,-0.2136572304517866,0.26953533048203643,0.38218550061757167,0.7484924519109514,-1.624604382116323,0.0
3.72,1.4519880331414359,-0.3216089274783887,0.22873432219966583,0.3706971120353543,-0.12425461444781055,0.1731010798875898,-0.5318138977979524,0.7927781917559634,-1.6117841885120188,0.0
3.74,1.4597951279290329,-0.32587607103431904,0.23122126133654164,0.40803530801778054,-0.26650910085024465,0.08036545349539953,0.47029152729907037,0.8903175986003629,-1.6061320866761344,0.0
3.7600000000000002,1.4686255845793488,-0.32994388066898855,0.23135107381867795,0.46268716818424604,-0.1652503239254829,-0.04576944680201967,-0.5301088499639335,0.9445225017202515,-1.6081216379856353,0.0
3.7800000000000002,1.477945974851923,-0.334973013442525,0.22945638112951253,0.469307069528577,-0.3073599358569325,-0.1346772589486242,0.4883594101719641,1.0433239208546097,-1.6172519183404326,0.0
3.8000000000000003,1.4876489837945543,-0.33957529670726994,0.22553772767663194,0.48840858266513165,-0.1781084135004453,-0.2319110661006784,-0.49006525787254096,1.07031357139884,-1.633103515770516,0.0
3.8200000000000003,1.4967241146251045,-0.34486691487205956,0.2203908327864411,0.4197397506280313,-0.3167663023595585,-0.2664162567215901,0.4885538434965114,1.1487698041164118,-1.654357908246096,0.0
3.84,1.5047590875812908,-0.3484462271243741,0.21534502899654379,0.3936557909159757,-0.0954836574470532,-0.2480103942063033,-0.545711742866401,1.1246713942649744,-1.6797994330522878,0.0
3.86,1.5120498295719056,-0.35128442955462735,0.21065906377677496,0.3404749307635169,-0.17077480840285658,-0.2191733792184821,0.4328810495874073,1.132917937468144,-1.7082467050156633,0.0
3.88,1.518341805008285,-0.3516663229751912,0.20739074527286555,0.2915639744801473,0.08263457767017823,-0.09968540330979786,-0.5299996606846233,1.0725360176074432,-1.7822938945252231,0.0
3.9,1.5235419822250793,-0.35149425253412797,0.20690402904736532,0.25520734616982305,-0.03197743882225747,0.019864790778715315,0.4050879374173579,1.0330997941314688,-1.8620737719308436,0.0
3.92,1.5291226378316645,-0.3501789519933989,0.20770844871319588,0.3026706803927521,0.13061618956432125,0.0557345236948541,-0.5254634041012689,1.0076479724752452,-1.9323712135735251,0.0
3.94,1.53556634669012,-0.3488748706966376,0.20994513035326373,0.3391059919378647,0.011181248372944902,0.15387393509008634,0.33781272238744137,0.9527661675710326,-1.9866255604648064,0.0
3.96,1.5433758545414484,-0.3475165651087469,0.21344425426979385,0.43061998745472396,0.11189883727876335,0.19458263064084874,-0.42764570209983743,0.9445019674202267,-2.020878258815307,0.0
3.98,1.5526393762979582,-0.3465040190018256,0.21782648581664424,0.49135183427929946,0.018251854171322055,0.23592361852764226,0.3060256224511882,0.8993810683801703,-2.032528034660823,0.0
4.0,1.563443773678559,-0.34392046879393495,0.2223988783417218,0.570975414964853,0.2070296559868384,0.22792824557240185,-0.4988847174090131,0.9187972522264717,-2.020599273867764,0.0
4.0200000000000005,1.575027034508656,-0.341177876995812,0.22658960604767892,0.584650658027453,0.10261096947028116,0.1937819159360069,0.3614884872621161,0.8627916070530874,-1.9857097904160352,0.0
4.04,1.587088873032409,-0.3369543136672994,0.22921492533711624,0.6103561754287402,0.26805714489955973,0.07913814811683574,-0.6681062286870538,0.8727048398879993,-1.9303295925403634,0.0
4.0600000000000005,1.598637980221912,-0.33359477629676404,0.23025665363157477,0.5534363352453179,0.10672191582137287,0.0196048122955179,0.3966104944021,0.8360472336918188,-1.8579721261875404,0.0
4.08,1.6092342448197445,-0.33000228166194034,0.22969873698129592,0.5020365222154882,0.2255162448225536,-0.061761741283471575,-0.6145458036504428,0.8099430819419835,-1.7742775114238991,0.0
4.1,1.6180799140921835,-0.32841792744765275,0.22867183985186829,0.4076475953252942,-0.007773785580288767,-0.04585854711395674,0.42053378158455595,0.7524764766474475,-1.7107190015573204,0.0
4.12,1.6260831614736615,-0.32695301018367434,0.22767054958262517,0.3951074064113257,0.1290383412897645,-0.04460429315695368,-0.6509761630478637,0.70995833463165,-1.6779726318610293,0.0
4.14,1.633606769566995,-0.326700496801192,0.22693270716583575,0.3709796169809553,-0.06413927875358265,-0.031036839720825514,0.4255870616020596,0.7606061943067087,-1.6488134763112159,0.0
4.16,1.6414646903753372,-0.32653970831995743,0.22613671201025728,0.41075066540876715,0.05073869415369457,-0.04355888274858681,-0.6167422071788613,0.7680894925245785,-1.6255854556466056,0.0
4.18,1.6499390242022505,-0.32799596323516694,0.22534714879806003,0.43938856207044424,-0.1535301760067266,-0.04413883033029251,0.4732708935484788,0.8789648166770253,-1.6097505053010621,0.0
4.2,1.6595105000766897,-0.3298472987411192,0.2237764155393002,0.5037667669791149,-0.06073006183850694,-0.1019189099828793,-0.5637050442855456,0.9232492821596099,-1.6025145116270552,0.0
4.22,1.6698826200798293,-0.33341370138842324,0.22141327516158313,0.5331636150432183,-0.24882430023705873,-0.14174908947801607,0.5354403576478286,1.032710265342376,-1.603748957603257,0.0
4.24,1.6809645729810294,-0.33712211788229096,0.2178541275898745,0.5579332468083364,-0.14143815298978998,-0.196439223974582,-0.4752751921550459,1.0762563747980465,-1.6132556729570728,0.0
4.26,1.6915125461972156,-0.3419764423302248,0.21400227184441942,0.49430534129752934,-0.30493315285323513,-0.17068481040888103,0.5024171952447762,1.158094682382556,-1.629846219085351,0.0
4.28,1.7011988285132194,-0.3440281328066287,0.21292394067771372,0.47534338910916246,0.009844880544283046,0.006019832225918913,-0.5150937557344706,1.129535108586204,-1.652767033279245,0.0
4.3,1.7106263242318607,-0.345036502215356,0.2135997068527188,0.4767563090536738,-0.09048306735548534,0.041682531264944984,0.4270418425017353,1.093759068685402,-1.6824963660823888,0.0
4.32,1.7206267243991606,-0.34402855199639343,0.2150087961240583,0.5236129207654934,0.1318901773968868,0.08751949943953038,-0.5367961815115893,1.0463815958509237,-1.720921396024046,0.0
4.34,1.7311538382837017,-0.3429295801180262,0.21716669777000516,0.5200920613972138,-0.008769724555354295,0.1351191993042915,0.3698340126447268,1.0386311950925864,-1.8090603430038996,0.0
4.36,1.7415922258396184,-0.34138586808667065,0.21959543119108696,0.5271707274102487,0.12518300632716434,0.12247572088892834,-0.5317016886364025,1.009332433897575,-1.890579549170973,0.0
4.38,1.7521813259376875,-0.34059602683567525,0.22198228520920163,0.5420959484818739,-0.01102333386261867,0.10624243190908966,0.4332763516565256,0.9634931886879747,-1.9590367867884244,0.0
4.4,1.7639320903305304,-0.33941490710505406,0.22329857560485133,0.6246296466495262,0.10648123596542515,0.03122057225808069,-0.5544482240174411,0.958215313627144,-2.009130484956489,0.0
4.42,1.7767815217413163,-0.33883204442139747,0.2235153037677968,0.6515165116483663,-0.024261130618200302,0.003573584967141008,0.37387148208192794,0.896971882978503,-2.0363783626303995,0.0
4.44,1.7906180137998475,-0.3375204398469102,0.22266901661428054,0.7205072016182114,0.12634950815311005,-0.07365879406746823,-0.5903948230426532,0.9195155374068915,-2.03876786238064,0.0
4.46,1.8048264420510383,-0.33676103785497946,0.2209701007733916,0.6950459058392788,-0.01848466753602041,-0.08599083839069843,0.37000309242474083,0.8661524331464913,-2.01615991947845,0.0
4.48,1.818913840508912,-0.3351259995746667,0.21868615438359038,0.7043802814389575,0.14712248309661552,-0.12823396254244282,-0.6050007527303798,0.8813559835538178,-1.9703883789024286,0.0
4.5,1.8321390677295382,-0.3344853997090375,0.2165297440467485,0.631257006147071,-0.042750995595190106,-0.09801246591953738,0.3999184745499305,0.8002536038327409,-1.9050402042404608,0.0
4.5200000000000005,1.8445415015842663,-0.33392995152781785,0.2141737681552741,0.6028626155700773,0.07221753675003165,-0.12666892602460006,-0.5662764739519763,0.7879843939150528,-1.8255095306532398,0.0
4.54,1.855060916793245,-0.33544000324860257,0.2131522078315611,0.4703515742123625,-0.16619507152848112,0.010220157449920402,0.40753003572721136,0.7058290644630694,-1.7374435922931541,0.0
4.5600000000000005,1.8640511357610252,-0.33677760646976995,0.21421064944011844,0.4417270449693142,-0.007423240661341526,0.06874552086722506,-0.5617842019303572,0.6746343414712177,-1.6885565686035182,0.0
4.58,1.8722258905110978,-0.3387479386845048,0.21592098218886593,0.3917602741091383,-0.15791342849449028,0.09621508508790474,0.4208290939760161,0.6819052802964449,-1.6582189362775155,0.0
4.6000000000000005,1.880312275972322,-0.34049563255189985,0.21796823933713824,0.41608359478585766,-0.032695339435864695,0.1104166051636323,-0.499147178045212,0.6913899483455239,-1.6325911330396485,0.0
4.62,1.8888566343446833,-0.34241836844255447,0.22028874199523138,0.4414760483874565,-0.14468842740444357,0.11491396404086587,0.3442808239993071,0.7599052891958283,-1.6134713927264719,0.0
4.64,1.898381797258618,-0.3439841349556325,0.22206917391668213,0.497201745941214,-0.03681221954873768,0.08141132945274278,-0.4613153012229969,0.8078581925518631,-1.602385196936192,0.0
4.66,1.9086186012057431,-0.34686304077678803,0.22369172110373953,0.5239272179371639,-0.217484558752203,0.08016117154611356,0.3723355957757085,0.9309910590744493,-1.5996648138288878,0.0
4.68,1.9197621457062917,-0.3499085812978917,0.22449142266771002,0.578466351153101,-0.11864990480723085,0.013767199036041856,-0.5305991136754413,0.956294730306887,-1.6059307622009065,0.0
4.7,1.9313602811944635,-0.35456756982178556,0.22418050118175528,0.5817343279210068,-0.3002762386699829,-0.04440460417681802,0.4802248058703625,1.0502062642728918,-1.6202737870739268,0.0
4.72,1.943172683024576,-0.35852681285818117,0.2226310682768103,0.5912997646729109,-0.12710516065980487,-0.10111476155946239,-0.53370283320391,1.0647867612598654,-1.6414229768532946,0.0
4.74,1.9542400030532634,-0.36280782696228625,0.22050982139575917,0.5164169686572871,-0.27181087399249176,-0.10002793007090933,0.44509901306979044,1.1045945432119775,-1.667650962623338,0.0
4.76,1.9638192653875601,-0.3652683055311742,0.219248327382835,0.4497158619725528,-0.02981531670942807,-0.03143538458161428,-0.5619174847527426,1.0702083471628692,-1.697405090039574,0.0
4.78,1.971578948377242,-0.36779252098303383,0.2198648509362644,0.35046020262543576,-0.18569667530095116,0.06184028960968092,0.5096593932517763,1.0539930859212558,-1.7495144106586604,0.0
4.8,1.9783168243890108,-0.3693701943454489,0.2210383783115123,0.33289701840665087,-0.013399382690426478,0.05052863508099417,-0.5734038750767212,1.0631072479757002,-1.835691737608111,0.0
4.82,1.9847278670570063,-0.37116186973035187,0.2219778075278594,0.32249018252726636,-0.13771509209610666,0.031186804089687516,0.42042788054336255,1.0151264132515225,-1.913368397911485,0.0
4.84,1.991775985674603,-0.37228105063796685,0.221755789836608,0.37849878764142264,0.003068423198604406,-0.03895734451450936,-0.552997497454542,1.0059828980859464,-1.9760836811809688,0.0
4.86,1.9996520944020695,-0.37368225348732337,0.22049957062495748,0.4039247273515773,-0.11854042985124784,-0.07288403783931617,0.4025634000491014,0.9377300393179007,-2.018389893455404,0.0
4.88,2.0086203895470742,-0.3741425642669228,0.2184628051574061,0.4833856646725272,0.0432274748124046,-0.11739836624287714,-0.5722018284092854,0.9502097269001301,-2.037162411425782,0.0
4.9,2.018593903485621,-0.37463248727593684,0.21591157682430578,0.5086282269750072,-0.061006104500057695,-0.1328724319298533,0.4117981965964357,0.8810813444502608,-2.0311021643591047,0.0
4.92,2.029493786894122,-0.3736937403454345,0.21293212666421105,0.5667854038675674,0.12152373980682675,-0.15499340687210422,-0.5860601346720418,0.897692068871504,-2.0007585171878484,0.0
4.94,2.0405262062421685,-0.37288754347318315,0.21038618545306761,0.5389100263704074,-0.009043628810054574,-0.10393240150808061,0.3709086484021983,0.8226733121106699,-1.9483498988859809,0.0
4.96,2.051458116744178,-0.37145526483605273,0.2083345264656359,0.5434153693755871,0.12395823183853238,-0.09336943259873129,-0.5270640836782955,0.8210703222221238,-1.8783648299500653,0.0
4.98,2.061185711210571,-0.37158963768730285,0.2081531581322427,0.4443571941543494,-0.09217256143281274,0.05386055423593993,0.3558860238252128,0.7356768424592945,-1.7960122405380496,0.0
5.0,2.069752600756442,-0.3718427226249187,0.21064352424713018,0.42129373032803785,0.03475946711746766,0.17263210625199785,-0.4962550173825185,0.7134689569557756,-1.7085225265057933,0.0
5.0200000000000005,2.0773777186076257,-0.37324180941850155,0.21502311674820546,0.3565000113403119,-0.1358894812935772,0.2520629076629034,0.3535169332392515,0.6890893615663749,-1.6777605871356231,0.0
5.04,2.0846373549734936,-0.3745458087615452,0.2200448877112793,0.3719675117100314,-0.021651592167377373,0.2540391305629493,-0.49441903536182186,0.6922796827956698,-1.6509975378032071,0.0
5.0600000000000005,2.092026838002854,-0.3766162538845615,0.22468084429986462,0.3746367742672336,-0.15587531675571586,0.21581860503848802,0.3800989097759127,0.7266942670716963,-1.6295343360860415,0.0
5.08,2.1001577538810685,-0.3784636217153578,0.22797294294511497,0.43140367161655085,-0.052267649267871766,0.13281277344035927,-0.5148390222064576,0.7652104248270786,-1.6144837045417395,0.0
5.1000000000000005,2.1091898634142963,-0.38130639009312534,0.22983006291185384,0.4715615705593443,-0.20058387044369638,0.060443234366815014,0.4227723484424553,0.8666767770087451,-1.606503884268649,0.0
5.12,2.1193931395557946,-0.3839321563838148,0.2295369948280498,0.5358261496610515,-0.0926840439347976,-0.0695952260722148,-0.5645020027178723,0.9085459553196362,-1.6063280172323027,0.0
5.14,2.1302639706512307,-0.3876762467802456,0.22742840056056735,0.5500691161404735,-0.24716346208143708,-0.13890551682790742,0.4739784942425524,1.0131916378128774,-1.6135101227676465,0.0
5.16,2.1416296683343345,-0.3911152996457658,0.22346530718741234,0.5737258319245432,-0.12205519468569606,-0.23497928964318507,-0.507331071416917,1.0319472744465776,-1.6277546822639495,0.0
5.18,2.1526292962912863,-0.3955165063740715,0.2183876905474997,0.5216358412997598,-0.2834753231504722,-0.25986728490910876,0.4580783541241911,1.1130814089296066,-1.6478206100265782,0.0
5.2,2.162627417530758,-0.398392648308777,0.21373425713806873,0.48534135310261106,-0.051037079785405476,-0.21325892516081904,-0.534176082373949,1.0835114549403344,-1.672535206115839,0.0
5.22,2.1712018581612096,-0.4011950822148461,0.2109117260434309,0.37577818487356535,-0.2081541946955358,-0.06888512514213867,0.4174373560630989,1.090953843574067,-1.7009439999283096,0.0
5.24,2.17749714381204,-0.4027821266675039,0.2112689841811381,0.2724829054638338,0.003627927619705318,0.09123025196518234,-0.5242669646943893,1.0702694722016723,-1.7667367597068375,0.0
5.26,2.182075722801913,-0.4045302780182347,0.21413597859876737,0.21526246235292057,-0.14067369852058403,0.16408957434895685,0.43242027614257383,1.047702386666296,-1.850892232673212,0.0
5.28,2.186756365639195,-0.40557500192998375,0.21693135789022575,0.25280116651857676,0.005085108966699552,0.1213906625986068,-0.5637978384357122,1.031717255031239,-1.9264325804579763,0.0
5.3,2.192101797576664,-0.4066866754808679,0.21931419819424197,0.2810361080314455,-0.09987708856212013,0.11540031609573441,0.37643439007573715,0.9801292817802286,-1.9857300224728265,0.0
5.32,2.198690291225983,-0.40725160858762854,0.2210300052894899,0.36832623474324044,0.023383794278230136,0.06934193361100752,-0.5037846282538981,0.9688373864295341,-2.024178331040955,0.0
5.34,2.206605084559844,-0.40799726587734425,0.22192753498223572,0.41727883906367746,-0.06781449678369669,0.030030720808096645,0.3604740728063593,0.9080716330826444,-2.0387987383768134,0.0
5.36,2.215886531809222,-0.40723130345272446,0.2219126075286166,0.4970817048696478,0.10974594308170105,-0.019614394999204386,-0.5654765402012212,0.9275903606460314,-2.028464152412435,0.0
5.38,2.2259141880735456,-0.4064509045784411,0.22111217997344418,0.5023890823423839,0.0005926720994550621,-0.05499803617714142,0.382267232538552,0.8638779792235333,-1.9939386160048607,0.0
5.4,2.236352260510291,-0.4043077527649952,0.21930867559031544,0.5295695359191591,0.17543458427120484,-0.11068000423343688,-0.6201273741479318,0.8727594601777081,-1.9379448178759315,0.0
5.42,2.2462374947430277,-0.4029767184356188,0.21723099232233578,0.4712514985927612,-0.002467731906477491,-0.10542849254784024,0.39715353482664567,0.8066593001693401,-1.864512495871124,0.0
5.44,2.255445876746609,-0.40150168501665334,0.2148364336664594,0.44258261919999903,0.1237233225975195,-0.12147118360189207,-0.5859857642551662,0.7951004419684315,-1.7796919876224748,0.0
5.46,2.262934522286478,-0.4019717149201479,0.21358430073382148,0.3299690058534467,-0.1141366450391334,-0.01556062448960819,0.4106063736511774,0.7225531305208812,-1.7048299302698144,0.0
5.48,2.2693641821523345,-0.40263543054703027,0.21376545893407545,0.32227792461268484,0.01389488359970136,0.01651293719072428,-0.5893936865076281,0.6990544647913844,-1.6715102898061127,0.0
5.5,2.275347318022591,-0.40447174426288257,0.21441500744544276,0.29094676757756427,-0.16031952472887329,0.04509187560852328,0.41967047609704927,0.7262863619004948,-1.6424781368721633,0.0
5.5200000000000005,2.281913527564547,-0.4064572931688902,0.21509632286453814,0.36226007990288234,-0.06405277148912934,0.02694259931155665,-0.5338830562362658,0.7446869087829697,-1.6191773940999588,0.0
5.54,2.2896206579232197,-0.4096348648394238,0.2154822488514055,0.4047163812604196,-0.23034370814128236,0.014095941617309751,0.4041792656008495,0.82627520198402,-1.603067793471495,0.0
5.5600000000000005,2.298639201263986,-0.41309812110264743,0.2154807999126885,0.4828991878336025,-0.13897250931068664,0.003453618668930363,-0.5133298611063017,0.8728385099949366,-1.595152441818723,0.0
5.58,2.3086032076633396,-0.41819075695134655,0.21559237673734327,0.5099126164924064,-0.33627543397833937,0.007689045682121978,0.4451458578761744,0.9876789808608997,-1.5959823266252067,0.0
5.6000000000000005,2.3194462451547175,-0.4236753455321531,0.21545908033452024,0.5604136372978783,-0.24194297980667984,-0.009303580641784302,-0.516133456271394,1.0228661936466805,-1.6058946550939532,0.0
5.62,2.330495506252494,-0.4307544761434693,0.21519973120539285,0.5427497696198076,-0.4278363967159796,-0.015666345593127698,0.477808285594649,1.1109605791584438,-1.6238570985792848,0.0
5.64,2.3414992887744996,-0.43732397389632915,0.21488830372046905,0.5519698369327456,-0.2649081646065173,-0.010793147195332881,-0.5041283347723281,1.1105641829072512,-1.648592463356203,0.0
5.66,2.351776279024365,-0.44406524145690285,0.21474106514257882,0.4771950447313095,-0.37856402669065514,-0.0015983229559839531,0.44062051702176136,1.1487529896921396,-1.678265653187132,0.0
5.68,2.3611344092300675,-0.4484943580860335,0.2156026565787306,0.46471745000605347,-0.12256653642291584,0.07121003455546791,-0.5206891784738777,1.0997385640228081,-1.7107772406608632,0.0
5.7,2.3697741632430156,-0.4522238773924814,0.2177158821404705,0.4097584664524167,-0.2340807489802402,0.13193750941935847,0.3977436693149858,1.0711099670269024,-1.794062889155743,0.0
5.72,2.3780984001302063,-0.45473981150473797,0.22033280070112726,0.42606983746924787,-0.06081864241907258,0.13813147450745192,-0.5141685337964349,1.0421062212960501,-1.8773321302358235,0.0
5.74,2.386769722906847,-0.457423495757994,0.22287530886733734,0.45151964058809063,-0.17887097147548395,0.1102742018710852,0.4291772084348706,0.989007553349748,-1.9487651285250343,0.0
5.76,2.396852013544849,-0.4592816835478996,0.22422759523349556,0.5448771970267731,-0.037190246247468306,0.03302234227679729,-0.5678857455915114,0.9762385212638229,-2.002633439553056,0.0
5.78,2.4081526823620973,-0.461423710613412,0.22418389744271744,0.5800382235429182,-0.1507585140730383,-0.02138617515582943,0.39877953767543534,0.9161492090279767,-2.03410787572862,0.0
5.8,2.420741796228544,-0.46247310970746924,0.2227556410790785,0.6644097491990739,0.007231696254306443,-0.10948425734515735,-0.6314701342048312,0.9296150219639514,-2.0407156710512204,0.0
5.82,2.433989908870633,-0.46386463629564667,0.22011970720381668,0.6549840060216265,-0.11772602208967978,-0.14706557679663218,0.386904135831824,0.8789291128829162,-2.021961484348978,0.0
5.84,2.4474664688538774,-0.46411095312649886,0.21670050233312832,0.6791319380878863,0.06263676045881855,-0.17880351044393739,-0.5975030417051024,0.8926686664255059,-1.9793243259925504,0.0
5.86,2.4601079275209123,-0.4647954560418719,0.21383500301226854,0.597056335388472,-0.09636749911484752,-0.1140098988340196,0.37127263261984045,0.8077198581854761,-1.9162216374795218,0.0
5.88,2.4718540640271534,-0.465285130308326,0.21150173391980234,0.5714176279660891,0.01870578479504862,-0.11026905978595583,-0.5455662970290714,0.7912476575952271,-1.8383075757977185,0.0
5.9,2.4818149679941874,-0.46786011662909155,0.21093522793180966,0.44598163971447957,-0.22189848532724463,0.03353449854470484,0.3966535473008565,0.704581973132402,-1.7513080218764145,0.0
5.92,2.4904951494341265,-0.4703866190035695,0.21268704684917572,0.4321152117852063,-0.06718326878225851,0.11466288412791124,-0.5316236304115305,0.6786119849523533,-1.6927211116509555,0.0
5.94,2.498408241239483,-0.4735341775997107,0.21548743741957652,0.3756314019536941,-0.21513862329479966,0.15870387442604245,0.39439324580947277,0.6822437562967332,-1.6624245677601455,0.0
5.96,2.5062258268876545,-0.4763381886941758,0.21878095752361734,0.4057818099274618,-0.08832264074672533,0.1720863219387742,-0.49587101464900335,0.6919705599860921,-1.6367432345473274,0.0
5.98,2.5145263809521357,-0.47954341717654697,0.22198456066284497,0.42884136746030777,-0.21300042915514705,0.14698318576749883,0.36180022190977734,0.7527157061181432,-1.6173532581153953,0.0
6.0,2.5239307756791116,-0.48243792975068,0.22418215400833055,0.49797878813074176,-0.10002144313105492,0.09093095178421176,-0.48107360307776903,0.8000811061533315,-1.6054608665748569,0.0
6.0200000000000005,2.5341714693513526,-0.4864651602074293,0.22568158636501742,0.5242057198930608,-0.2712929783854336,0.06319090989323344,0.39677977294111877,0.9214983610065697,-1.6014309864897938,0.0
6.04,2.5453821413003657,-0.49055781121483155,0.2258447775742497,0.5825994866759504,-0.17087422174379457,-0.02874247131369325,-0.544504579152806,0.9538251604340193,-1.6059494611422533,0.0
6.0600000000000005,2.556994038547468,-0.4961223135599601,0.22458105107427967,0.580869551967864,-0.3418947320975243,-0.09796412816250193,0.4919788057869708,1.0510608491339608,-1.618253771499058,0.0
6.08,2.568793240508885,-0.5010135105328566,0.22195660393500838,0.5873434251843199,-0.17216900512036076,-0.149260095092312,-0.5066838587505211,1.0694768675559712,-1.6373468444835633,0.0
6.1000000000000005,2.579637962644769,-0.506061746901103,0.218857618564638,0.5040718424832736,-0.30081717447233797,-0.1548546332791113,0.4468478307328558,1.119498391585827,-1.6617548422558022,0.0
6.12,2.58937597492423,-0.5090238144878428,0.2163624764924276,0.4712593884961197,-0.05115549414397983,-0.10178472768333197,-0.5508685933876896,1.0763485639350332,-1.690173603537786,0.0
6.140000000000001,2.5975806477803927,-0.5118983567388233,0.2158741662212388,0.36879537209987473,-0.20316578192242293,0.02218907394690865,0.4715283066222154,1.066977508389402,-1.7311681630114752,0.0
6.16,2.6045548359994926,-0.5134651132620022,0.2165958977013516,0.33709187455730266,-0.0038419330165130987,0.051502947084385596,-0.5609609286961172,1.0662615143764675,-1.8174012881153039,0.0
6.18,2.6108947133871783,-0.5151663021901945,0.2179212311915675,0.31519353640140335,-0.13653000264850976,0.0621487863039291,0.4454113402512769,1.0214455434764331,-1.8968027818816438,0.0
6.2,2.6178982940307995,-0.5163651736240653,0.21865736986789994,0.38110635229435535,-0.005102997763593721,0.016559582492012316,-0.5520965716888472,1.010336286937905,-1.962901222641509,0.0
6.22,2.6258501346238234,-0.5177404252602084,0.21891465546788222,0.40588006637292173,-0.11498349550333128,0.015338965978794862,0.35780505328798623,0.9488032040973777,-2.009803071133015,0.0
6.24,2.634858605229237,-0.5182297343612122,0.21877638358089577,0.4823170128194752,0.04016328335363707,-0.011691558043361232,-0.5257251061957107,0.9583456227049681,-2.034079380597235,0.0
6.26,2.6446830671624233,-0.5187992447090695,0.21856883079800937,0.5020662222084675,-0.06384488732989213,-0.01151657280793627,0.40143068537244586,0.8869357403179791,-2.033968763087645,0.0
6.28,2.6556817587954122,-0.51801602194279,0.21774831076173884,0.5834777285898736,0.10534208981382379,-0.0630426257195711,-0.6002226216193911,0.8957526763151082,-2.009732239877099,0.0
6.3,2.6672130137712124,-0.5175928411066919,0.2164016992510935,0.5675228318230888,-0.030754551784506354,-0.06948396081922602,0.38315411006315087,0.8360688647525004,-1.9627628862976412,0.0
6.32,2.6788259466583093,-0.5162693878283163,0.21468590552803393,0.5809297568040601,0.13086275289397598,-0.09040279511912673,-0.5777631625156865,0.8447106189095042,-1.8966474231214345,0.0
6.34,2.6895094521595957,-0.5159721221820195,0.21359101643741174,0.5053148180712131,-0.05877064433803168,-0.03172538437500298,0.3878700968358162,0.7640225455094732,-1.8164506795607325,0.0
6.36,2.6994184602918327,-0.5155075363846908,0.21343463048298886,0.47932060568040524,0.0889862136180638,0.029135492684042148,-0.5394271552554619,0.7496780776491289,-1.7289509949674502,0.0
6.38,2.707484758195372,-0.5159135450564607,0.21520058410040716,0.35405300938625306,-0.08947749423893131,0.13725226889405814,0.3913069012782419,0.7088736597640779,-1.6858352130724636,0.0
6.4,2.7145679653635395,-0.5160943454301468,0.21802357232263167,0.36537680328324346,0.0345818171557865,0.13098022778472915,-0.5676909239783803,0.6930702606232096,-1.6563500263881186,0.0
6.42,2.7217867096607,-0.5171552159098725,0.2203375014273566,0.3641098548322455,-0.11170677063982798,0.1001666552016731,0.42474086635049246,0.7317777097276373,-1.6321008614822428,0.0
6.44,2.729759412251017,-0.5182858464077549,0.22179789812327186,0.4238253287764389,-0.015486561215807245,0.06105926213613324,-0.5028060045302627,0.7650226027589822,-1.613847950581541,0.0
6.46,2.7385249937219913,-0.5204972880309501,0.22255090257333074,0.4536057533861541,-0.17849790144719765,0.024057427257815272,0.4135011846332617,0.8587110866935432,-1.6028425105488562,0.0
6.48,2.7484630776778785,-0.5228352212747771,0.22218876594709103,0.5250152095993718,-0.08514658382073538,-0.04375073751610698,-0.5342198132913514,0.9018215895381623,-1.600125985341794,0.0
6.5,2.7590850023110676,-0.526739514405285,0.22094176661120996,0.5377354191683219,-0.2668032040812268,-0.08075782769898712,0.47442497239930653,1.0143590713018065,-1.6056242308022548,0.0
6.5200000000000005,2.7703685031711385,-0.5305809490488138,0.21870172081452605,0.5754997711740715,-0.1437555588191144,-0.12907791678012417,-0.5154788571761624,1.0376968015282126,-1.619081905385472,0.0
6.54,2.7813579718868007,-0.5354772360316524,0.21609827766131004,0.5244484935996954,-0.310538509856951,-0.1266065395844022,0.45539010958118437,1.1146937870723708,-1.6393146612632892,0.0
6.5600000000000005,2.7918477480572452,-0.539317859748739,0.21386448559049814,0.5252503481987034,-0.11634655849801398,-0.0996590029898545,-0.5232755454174154,1.0866845162766248,-1.6651535524098555,0.0
6.58,2.8017324652143025,-0.542967038135834,0.21216225523007598,0.4653704344010048,-0.2282051854465786,-0.06370186505020398,0.41801232754551404,1.1054976014948026,-1.6950645177779091,0.0
6.6000000000000005,2.8105490801182422,-0.5446058112285592,0.21189300977225714,0.4200341893820873,0.008215118932810423,0.03610864028017093,-0.5429753541817856,1.0550887533897864,-1.7518364389246457,0.0
6.62,2.8182089856245653,-0.5460334595368624,0.2133898156210433,0.3708908636512825,-0.11723776751287537,0.08599115774322089,0.43943117675185156,1.0284028566632308,-1.8367539812057125,0.0
6.640000000000001,2.825965810889941,-0.5466645773740798,0.2148604408448821,0.4049032249943573,0.02522451038133145,0.06470085034370483,-0.5522786568996474,1.0111789200668828,-1.9135730881098634,0.0
6.66,2.8341148553300344,-0.5474439703312354,0.2166552941111942,0.40786920074568184,-0.09153127514092033,0.10981292226181871,0.35398471782321644,0.9536942411284182,-1.9751169129054071,0.0
6.68,2.842984306720871,-0.5482675760276483,0.21887159511747184,0.47230674519678373,-0.0024898408432567735,0.11405265314045461,-0.4489399891739215,0.9452339438074386,-2.017081206774673,0.0
6.7,2.8527058937161995,-0.5497330065484545,0.22118678726796848,0.49631964582519217,-0.1131367638683743,0.12206450259343238,0.32374002336107294,0.8883334560417194,-2.0364658291910245,0.0
6.72,2.8636533944076352,-0.5498513172711177,0.22334027330173187,0.5832375912341573,0.06722991014568604,0.10053246121851592,-0.5162269886708496,0.9084505649360166,-2.031675229356196,0.0
6.74,2.875421172965799,-0.5500272496227827,0.22491988514266031,0.5929593273806149,-0.04945774536773696,0.06188859766335651,0.39224864834981704,0.8405344103143668,-2.0030054111005677,0.0
6.76,2.8878725504509255,-0.5488515171004368,0.22514839107945103,0.6375343630894847,0.1207571143005565,-0.02758700778044134,-0.6274124313835487,0.8503277869789553,-1.9524347960782553,0.0
6.78,2.89990427720323,-0.5485561875723818,0.2243436812519082,0.5746572072589778,-0.05353166121794123,-0.05850722961261122,0.4176678375837582,0.7994681152646237,-1.8832781373870013,0.0
6.8,2.9110263224251027,-0.5476596935326243,0.2231350150143026,0.5271932305664335,0.12147950031973577,-0.04210215795905871,-0.5842427248523268,0.7746708146248921,-1.8010557088942774,0.0
6.82,2.919545354071539,-0.5477548789199844,0.2237080475072837,0.36171880316777444,-0.07887054565277211,0.07896790259567334,0.4295474575992374,0.7243123081098121,-1.717492400558239,0.0
6.84,2.9262770974247188,-0.5471651047720237,0.22569492912012193,0.3248872837245034,0.09577818624925416,0.10607567439148842,-0.6764540644684047,0.6824676377853821,-1.6853214482165808,0.0
6.86,2.932213330820965,-0.5470327292509384,0.2279255803575923,0.2868457029750565,-0.05108447038764917,0.11092783712100734,0.4248806895727699,0.7315520420945829,-1.6569886216879839,0.0
6.88,2.9385291739426522,-0.5466831584859416,0.22948945084033212,0.3426547559533071,0.05881321615048013,0.043297892280766394,-0.5717550166252916,0.7400364428800373,-1.6338302985977404,0.0
6.9,2.9456137842532186,-0.5473660645552606,0.2297801527942814,0.3666962423013496,-0.09935141271388698,-0.011494960568710707,0.43437263135299503,0.8274365005199406,-1.6170123143763422,0.0
6.92,2.9538125686130887,-0.5482117704078103,0.22817178574112795,0.43881754715758786,-0.01039559274505275,-0.11985010568999101,-0.5247829226979697,0.8722426723824075,-1.6074218089304808,0.0
6.94,2.9627623460537724,-0.550570691106736,0.22501320920661713,0.4585956653908226,-0.18154925231116692,-0.19449701087070428,0.5217136573825196,0.9852077165185796,-1.6053040713305016,0.0
6.96,2.9724656828795513,-0.5528628890962834,0.2201461374498486,0.49624757011039233,-0.07040896165688217,-0.2741939905346763,-0.5136246777703133,1.0345890701024036,-1.6110013025451593,0.0
6.98,2.9818509436823812,-0.5564012681091167,0.21464440894075892,0.4424919090665836,-0.25026207960962155,-0.26617828957672474,0.47965199008985965,1.1261117996603485,-1.6237622981034865,0.0
7.0,2.9905430439283056,-0.5593980910714221,0.2098742548952183,0.42753920922294314,-0.08583404908616626,-0.2115009368670226,-0.4983661427027261,1.1110984289630208,-1.643181296877511,0.0
7.0200000000000005,2.9983902176556994,-0.5624047381309493,0.2062181568507002,0.3621409692689151,-0.18531855897671004,-0.15331213406865019,0.4178474820326499,1.1493944945121746,-1.6685422531352345,0.0
7.04,3.005457754057598,-0.5628623653932336,0.20488964281039196,0.3472055386783447,0.08800284056483632,0.0005516307315716288,-0.5055797559931181,1.097305087320137,-1.69793530881721,0.0
7.0600000000000005,3.011749413520334,-0.5624918985272723,0.20667240626972597,0.3007207508918076,-0.029568880287732476,0.15298377450343764,0.3507372588412075,1.0836424109927638,-1.7698189080129276,0.0
7.08,3.0180033991620143,-0.5612041425623948,0.2104551221190257,0.3248768880592467,0.12127645284802911,0.21780069369737268,-0.46389138863506146,1.0550877359037873,-1.8544034804146596,0.0
7.1000000000000005,3.024459208536037,-0.560192420467568,0.2157357206103769,0.32618871824560347,0.002904920242802424,0.29805824305200534,0.32196097295558346,1.0207912962745218,-1.9294191715924058,0.0
7.12,3.031788933062721,-0.5587332506522691,0.22141304616629873,0.40300705095056893,0.11562990582140867,0.2770522712370283,-0.45293143137181485,0.9885184318905685,-1.988997106470273,0.0
7.140000000000001,3.0404276403114667,-0.5579399644658888,0.22648298467028993,0.46115405668068216,-0.005287231450889469,0.23546920518347939,0.35896780249037774,0.9343142439757781,-2.028052561359688,0.0
7.16,3.0507748474495195,-0.556206999835337,0.23016341856991043,0.5576713076185408,0.14607575388632082,0.14481515852691934,-0.5649634573379517,0.9452813177284942,-2.0431611218814534,0.0
7.18,3.0622498902588693,-0.5548333332689329,0.23184473922201257,0.5834313930909751,0.027545966832233378,0.037259927189203804,0.3923318732216355,0.8975170721006243,-2.032857707341488,0.0
7.2,3.0744757805740024,-0.5523235939177104,0.23111637233557836,0.6272847137000241,0.1788625698384475,-0.09686064604648474,-0.6672248087706416,0.9158530819353199,-1.9976607275382514,0.0
7.22,3.086437871507084,-0.5504018522058459,0.22851175409120747,0.5666528310106428,0.03928510231150616,-0.1523739593292588,0.34847981789251864,0.8749328842550891,-1.9400168954474226,0.0
7.24,3.0972426288739396,-0.5477691203914602,0.22461727288636457,0.5109395663006214,0.19442638214868388,-0.21473238866005287,-0.6293705379488868,0.8622320923056852,-1.8646864486012604,0.0
7.26,3.1059959285354597,-0.5468197931716716,0.22115833832607434,0.4013071625620056,-0.03651583356127822,-0.16350863848175726,0.4261786974714096,0.7780501402208918,-1.7777011971811767,0.0
7.28,3.1138030410766624,-0.5464587128465843,0.21767446877345872,0.3796742745656775,0.05495843669240224,-0.17199145795957538,-0.6056695719947096,0.7396250759221185,-1.7068832648787111,0.0
7.3,3.120359785217042,-0.5481962961308727,0.2148788012110502,0.297411822916999,-0.16964656265943923,-0.10580195882067009,0.4405185291491142,0.7074418348712892,-1.671964628696605,0.0
7.32,3.1265212087011474,-0.5499812176227522,0.21331649206372524,0.32498818288764003,-0.043828385726078625,-0.06475929261940126,-0.6333134087424586,0.7040739282489106,-1.6409514052454859,0.0
7.34,3.1332285046874797,-0.552974129677072,0.21260477117323776,0.34809939084259517,-0.22989762542321823,-0.015314975614722195,0.4180814377202328,0.7878747526181845,-1.616465155466474,0.0
7.36,3.140937537745393,-0.5565209413975853,0.21261366803634515,0.41390171428305017,-0.1462905692640621,0.0179953874726631,-0.498367880916676,0.8243189606769694,-1.5999643438437956,0.0
7.38,3.1494136900196654,-0.5618371884821605,0.21317308006773783,0.4343824819716899,-0.3440452946959193,0.03674363295387634,0.46409222450683124,0.9305004098449478,-1.5925549013318951,0.0
7.4,3.1589697776994194,-0.5674342914416521,0.2133991031026198,0.5092005622065763,-0.25421872432150217,-0.0066647528528176285,-0.5677686225497256,0.9748433675308319,-1.594663993966748,0.0
7.42,3.1694029657619818,-0.5746814544675451,0.21319127274857322,0.5309595983380505,-0.4346469433075068,-0.022709198251152977,0.4986385295788241,1.0719408493778837,-1.605458311583945,0.0
7.44,3.180255423646633,-0.5820557815017295,0.2128747089493783,0.5379180911628203,-0.31564132335798123,0.001258884239443041,-0.4524242264357125,1.0944130264489238,-1.6240514441158789,0.0
7.46,3.19021718418656,-0.5897565395300111,0.21333141143843026,0.4668235980475546,-0.42900142527191115,0.04481007098828272,0.3867911822643427,1.1553893615563486,-1.6492788115641481,0.0
7.48,3.199413626648574,-0.5957008359150495,0.21524090850516753,0.4556964719496656,-0.21015527342312182,0.1332657566631118,-0.4552971445115369,1.1165800811224793,-1.6799108968886676,0.0
7.5,3.207956720620244,-0.6008575330289443,0.21832066415228696,0.4132651648146163,-0.2861080098635226,0.16739343700279896,0.39204207742646946,1.1273904134362152,-1.7141927268041397,0.0
7.5200000000000005,3.2166583284737262,-0.603763941238369,0.22147376236934144,0.45016841399918917,-0.0704014599121758,0.1516971807594515,-0.5355280512405014,1.064393144051918,-1.8040011506873783,0.0
7.54,3.2257008943852803,-0.6065812715390128,0.22429584332822036,0.4610963739507136,-0.18873308610042666,0.1262595454766986,0.44619274296768435,1.0299408617436538,-1.887234891483091,0.0
7.5600000000000005,3.2358002999907223,-0.6086486290941332,0.2258578541841664,0.5390289556043283,-0.04942919265784868,0.04638547628552844,-0.5620839426110252,1.007363601598038,-1.9574408722171968,0.0
7.58,3.2467955727969264,-0.6111338998829697,0.22615615106546044,0.5628394899939883,-0.17005692105827613,-0.009817934956213848,0.4123530924098824,0.9503546730732795,-2.0087155390757405,0.0
7.6000000000000005,3.259103136488578,-0.6127909016498149,0.22479178094434837,0.6514665200479847,-0.032407519654061946,-0.11512076339970576,-0.6469195807699308,0.9536692204673869,-2.03725684108555,0.0
7.62,3.272033776309683,-0.6149417627530317,0.2219110955216793,0.6397529961632272,-0.15639574546713014,-0.16402123405312188,0.39046919238586664,0.9051816976802011,-2.0405961796812933,0.0
7.640000000000001,3.2854793046278243,-0.6162183054873742,0.21787676566478598,0.689592082315293,0.0037666841460575213,-0.2212362844974651,-0.6131745978129206,0.9153822711357812,-2.0185141380034564,0.0
7.66,3.2983766925886413,-0.6178340697368404,0.21401087003162889,0.60824235362103,-0.13453961843913545,-0.16508750422719054,0.3601402454035696,0.8410178655107231,-1.972802847690505,0.0
7.68,3.3104943608727675,-0.6190795175450615,0.21072072871136868,0.5949409705801909,-0.017180510995079362,-0.1544514581642502,-0.5448813793928391,0.8303596202937394,-1.9077463912875754,0.0
7.7,3.320974477844697,-0.6219304126354852,0.20920627885768855,0.4783451308857801,-0.22691083418219837,-0.021009818763079925,0.36411380550527017,0.7380606658447912,-1.828376439828187,0.0
7.72,3.3304272968009765,-0.6253167735043947,0.20972939990058218,0.4662595618025692,-0.1174881974843198,0.083989391519504,-0.45439489698141355,0.7148702313109653,-1.7414807718385354,0.0
7.74,3.338233119065927,-0.6294431086270255,0.21322879330676375,0.3402838736376883,-0.2580088336348636,0.24351771456255492,0.34056003625800335,0.6665668126615442,-1.6887807528434315,0.0
7.76,3.3450685669354745,-0.6327278697977095,0.21858700351364627,0.34960171527826334,-0.11628771758407769,0.28197468031323497,-0.4956818328060073,0.6675123918423114,-1.6601291426472982,0.0
7.78,3.351757845321376,-0.6366069494308748,0.22378731523944193,0.3304964932997022,-0.24246733989438773,0.24175964009415715,0.401194008135727,0.69745227873366,-1.6369481787188052,0.0
7.8,3.358948953126475,-0.640171773354371,0.22787991329052243,0.38097095985786295,-0.13287916665090102,0.18277344688251884,-0.5017536895799526,0.7323441147681619,-1.6197105011313107,0.0
7.82,3.3668220872354615,-0.644379524097569,0.23066872408830746,0.4107370851656074,-0.2617817972418083,0.10620375158158347,0.3947786154269742,0.825212379677586,-1.6092813159503323,0.0
7.84,3.375958312565622,-0.6482257035625589,0.2312763404447939,0.4876595897650615,-0.15293306645254945,-0.024664303149093653,-0.5516785197709945,0.8734393188495136,-1.606544453966188,0.0
7.86,3.3857679781992704,-0.6530912830774273,0.22994519258598703,0.49474673870453356,-0.29974951002142614,-0.10422313890095633,0.46354328269686346,0.9872835662192865,-1.6111752756958428,0.0
7.88,3.396231816931417,-0.6575971896751495,0.226495636327362,0.5381184866885769,-0.17646678392617451,-0.22106468303010146,-0.5276880078093655,1.0161305056640808,-1.6230529553255524,0.0
7.9,3.4066067738412613,-0.6630047366543051,0.2214017463624808,0.4990758215158294,-0.33213489150419684,-0.2783694762686658,0.47027593668138706,1.1022354242102024,-1.6410508563504482,0.0
7.92,3.416378741414988,-0.6670073249741914,0.21613379502117575,0.4761978577379995,-0.10396873071450297,-0.24217443113239623,-0.5138979998534485,1.0921271132491994,-1.6639718138154074,0.0
7.94,3.4247150857322826,-0.6703525896863393,0.21217632633812972,0.3626242067715292,-0.2143964212652363,-0.13949661986988549,0.42312200103630954,1.10431194716215,-1.6909418383552144,0.0
7.96,3.4309943367421294,-0.671517387824188,0.21137374668990752,0.2799141201484931,0.033970851373494246,0.03536029538199992,-0.5592276257820962,1.0667592016870715,-1.7358456388394485,0.0
7.98,3.4355714451967634,-0.6726516601246489,0.21310331024729362,0.20974064776808685,-0.11137634457173158,0.10220353598853402,0.48507411286919205,1.05501895839964,-1.8213847327677766,0.0
8.0,3.4401965367242875,-0.6731729400523193,0.21490107853165685,0.25233533202809305,0.031488982169085786,0.0762770255006255,-0.568203356321415,1.0514173169481658,-1.9005739289314298,0.0
8.02,3.445278247104174,-0.6737446678572726,0.21676852582202844,0.2543154112901928,-0.0774920671162635,0.10377625632012889,0.35362597450121863,1.0005088279121361,-1.9655331611090456,0.0
8.040000000000001,3.4511844604063957,-0.6740362527031221,0.21864047505785145,0.3281593209739206,0.03081473353474709,0.09318783198427494,-0.46597781017001966,0.9879697828819458,-2.011439526844652,0.0
8.06,3.458121084436545,-0.674794380378736,0.2203329377250408,0.36658349441955873,-0.0754705390698808,0.08001307329641116,0.3513922004282058,0.9212378880238122,-2.034867999412685,0.0
8.08,3.4666769223515987,-0.6743276386520841,0.22153102955780338,0.4711697893055394,0.09144832074103501,0.048804497514970006,-0.5324629995012466,0.9332503065600687,-2.03400585232655,0.0
8.1,3.47629496115158,-0.6738417962528787,0.22201332559977352,0.4887704120744356,-0.00913520530868409,0.007431500137969728,0.37844787598631735,0.870154834939331,-2.0087694804353675,0.0
8.120000000000001,3.4868431179258,-0.6718555931138108,0.22129810096850094,0.5486318981455921,0.16375228057033722,-0.0672215205898377,-0.6338070821198931,0.8849325338569827,-1.9609711023153666,0.0
8.14,3.4971073603591263,-0.6705898402976256,0.21974254703171356,0.48765549911276096,-0.00042578509874421737,-0.09276681234910779,0.3878972366848975,0.8357153816931259,-1.893884671729761,0.0
8.16,3.50674609260862,-0.6688615888653228,0.2174629134822952,0.46394626465910516,0.1461470846612775,-0.12059992275767444,-0.5975260560979812,0.8250150226009484,-1.8128473437300163,0.0
8.18,3.5142553806828616,-0.6688480231448414,0.21630954824699125,0.3184846092720802,-0.08814897411340435,-0.010827555205305045,0.39519264137729626,0.7513039570443825,-1.7240119613276992,0.0
8.2,3.5202752702311395,-0.6688473076763661,0.2167307326659328,0.29161483941649646,0.053303335018834525,0.03918273651328108,-0.6099120077917608,0.7146033125691695,-1.6852048521378107,0.0
8.22,3.5252088768873318,-0.6700577347188825,0.21779034557766705,0.2250880856151737,-0.13206429529945446,0.06552370396423837,0.4261155133171719,0.7319052822161372,-1.6549498019364524,0.0
8.24,3.5304187214374583,-0.6714303109545738,0.21885002319954489,0.2932769575806759,-0.031776568758145676,0.037937297380443005,-0.5727670821118154,0.7409756209196696,-1.629795193475583,0.0
8.26,3.5364820707221605,-0.6741410171301025,0.21946139644019633,0.31441418768277163,-0.2101055978218471,0.022109699068215128,0.42917307067266103,0.8271590920004064,-1.6112050713874406,0.0
8.28,3.543792678558145,-0.6773041017765077,0.2191817088736094,0.39974624474479264,-0.1321921622991232,-0.030359633138642955,-0.5231516032192725,0.8758355807286005,-1.6002969423239737,0.0
8.3,3.551826130485557,-0.6822746040536245,0.21824289515658607,0.4057703866953028,-0.3206785924957938,-0.0654826618243158,0.5086921373381144,0.9882521597278379,-1.5975821596874953,0.0
8.32,3.5606545308150146,-0.6874197787647892,0.216327751634855,0.4618854976048819,-0.22258247442782148,-0.11352517995507132,-0.5215687903314656,1.039960389633632,-1.603435451818126,0.0
8.34,3.5695418102781225,-0.693974691873993,0.21394548260990057,0.4250699038103431,-0.4021581183760551,-0.12058630786217472,0.48495382248617097,1.1301331204083298,-1.6171014912218225,0.0
8.36,3.578279292522938,-0.6997618410678427,0.21275596805283697,0.44429518998046086,-0.18753340744940633,0.02294986169818989,-0.4647884947558871,1.137274180380321,-1.6378334227330367,0.0
8.38,3.5862683673589633,-0.7045885997732235,0.21388161954174237,0.37374606925733683,-0.2747276971949565,0.07961147737628954,0.39441061859077775,1.1370167535588886,-1.6652399344218083,0.0
8.4,3.594421571907851,-0.7073153990117153,0.21619294750086707,0.43771389724810916,-0.06150800034819631,0.1327119032442143,-0.5169522229760979,1.08898431100406,-1.6980653076056804,0.0
8.42,3.603214454228671,-0.7098358631292813,0.2186549186739311,0.44441008324519643,-0.17214234270550102,0.11118430806838923,0.3974456357368257,1.0912979493067494,-1.7630265465193384,0.0
8.44,3.6128379048224533,-0.7111996967485037,0.22017729098545943,0.5027705614893688,-0.009522967176584879,0.062389186888806444,-0.5521217879293556,1.0419881309719354,-1.8495241208569975,0.0
8.46,3.6226640866936024,-0.7129650023223526,0.22149531206285109,0.4912775063466533,-0.14124291146312679,0.062365572966823886,0.43204611174899427,0.9925620598727766,-1.9251997404905972,0.0
8.48,3.633576624546756,-0.7144052800306678,0.22191524010644229,0.5882144123891679,-0.02594773490705911,-0.008000651469396951,-0.5623050899185692,0.9815381125835707,-1.9849869373929458,0.0
8.5,3.6453860367480813,-0.7165230970575115,0.2214710980712841,0.5947332648731517,-0.15689577090440399,-0.02787599788483196,0.3836865222816555,0.9229544956121106,-2.023870277299604,0.0
8.52,3.6584407653503717,-0.7180078689746309,0.22006416343605117,0.6930161515900816,-0.018759859657307303,-0.0995670463147252,-0.6110125015696852,0.9391161006054939,-2.038949509702016,0.0
8.540000000000001,3.6719691897464974,-0.7200629028779447,0.21796107254986755,0.6623557975875516,-0.15399833482268338,-0.10596679153006014,0.3890652229090592,0.885098164788546,-2.0289734852815338,0.0
8.56,3.6860151448755007,-0.7213047069575403,0.21539617132820216,0.7241574708035583,0.003134186666997909,-0.13857316043047146,-0.5936480369668544,0.8993480135650102,-1.9948276595341397,0.0
8.58,3.699457172367064,-0.7229747622688351,0.2133278627573329,0.6313490354114917,-0.13903613062212122,-0.07224150037119162,0.3606713223703559,0.8253902934085483,-1.9391649273981906,0.0
8.6,3.712072928437161,-0.7243922108856113,0.2118362914165726,0.6200519615382383,-0.02810412850515082,-0.06853510580797006,-0.5365258361356264,0.8149634172196103,-1.8668234659184124,0.0
8.620000000000001,3.722764837062576,-0.7275373170361684,0.212025277985259,0.47970272846413947,-0.2428017669746327,0.05961639217634984,0.3726015545005205,0.727770527430595,-1.783235676637049,0.0
8.64,3.732320224041455,-0.7307188792769522,0.21425715662461312,0.47747167660132744,-0.0943088394413407,0.15824979356530894,-0.4814592331220626,0.6969958346088669,-1.7055909042066326,0.0
8.66,3.7405922643833414,-0.7342279664450823,0.21830046379666315,0.37615984047452605,-0.22516326397571337,0.23585594288195239,0.36345171571573365,0.6775719416225333,-1.6748924921228237,0.0
8.68,3.7485466404677896,-0.7371163908945542,0.22278664971016854,0.41851200152526713,-0.1027310115211323,0.21429614559871188,-0.5213625823807203,0.6810758296171308,-1.6485680971421186,0.0
8.700000000000001,3.756817555981943,-0.7407480577579794,0.22624653023253286,0.41635203184702124,-0.2330829394819398,0.1377104249802211,0.41875844383004424,0.7315746643708386,-1.6277677306350384,0.0
8.72,3.765895474702183,-0.744185398502163,0.22795399819087883,0.4774791828773467,-0.12853892984139467,0.0552342866379837,-0.5098420294934434,0.7727009857910209,-1.6131682834715153,0.0
8.74,3.775407742631062,-0.7485348325098821,0.22825679336557506,0.4802949796897642,-0.27630705686311446,-0.015436053296961672,0.44130065650656386,0.8798951716085717,-1.6055078274691046,0.0
8.76,3.7858762146142837,-0.7526851968099602,0.2266264806715236,0.5497755635138621,-0.16842581971079335,-0.12997411864610486,-0.563469592903592,0.919860803629152,-1.605750063608862,0.0
8.78,3.796661371362235,-0.75789574130124,0.22340558558343204,0.5324436283705962,-0.3220818170958012,-0.18844971179610642,0.4620445983764547,1.0232458373053175,-1.6134722438227092,0.0
8.8,3.80772062863064,-0.7627443430977244,0.2189340041314471,0.5569881323111321,-0.18214924375996353,-0.23312858926629376,-0.4960767215079158,1.0339881871679417,-1.6282628793336527,0.0
8.82,3.8178849104813826,-0.7678696087161588,0.21437965021321048,0.4702871385076541,-0.29780626236133023,-0.2175528677259131,0.4235721421474763,1.102498521181497,-1.6490749294099487,0.0
8.84,3.827465356234639,-0.7709743878612588,0.21076006490736823,0.484434239793119,-0.060403125049178386,-0.15857948704542182,-0.5434832106335222,1.0572554550923756,-1.6749904869937051,0.0
8.86,3.835954338604035,-0.7739342297011738,0.2092232587934836,0.37757860977018676,-0.20976978744221947,-0.013463852101747917,0.40086472256578415,1.0611037462753912,-1.704578733744324,0.0
8.88,3.843040983885894,-0.7758032735660709,0.21018214283916317,0.3355765955216862,-0.017334621078810626,0.10152351263098615,-0.5138951745394121,1.0514845796175232,-1.7811452505385967,0.0
8.9,3.848680704335741,-0.7777553170787399,0.2133345462097669,0.2539407442873401,-0.1490665018666865,0.19736073199381257,0.38232012652193686,1.0193718842380306,-1.8643068899838857,0.0
8.92,3.8541893342934888,-0.779299351848419,0.21722675790478607,0.297418773979761,-0.028482145882083705,0.19132383708147224,-0.5031780535333645,1.002070673698909,-1.9375156273034497,0.0
8.94,3.8601643504254266,-0.7811124008337174,0.2211481684717674,0.3017145361747041,-0.13574313747529712,0.19541813803596783,0.3378513792877957,0.9506255414195668,-1.9942402078180794,0.0
8.96,3.8673263719098783,-0.7827722057319841,0.22463461834904888,0.4017713621672506,-0.04611746073519809,0.16151683274237677,-0.43148876817877085,0.9525245963337565,-2.0298406893101117,0.0
8.98,3.8757161770278503,-0.7849733623028607,0.22719719698198468,0.4358222584315868,-0.1421039729129492,0.1040129763668004,0.33635246884815256,0.889561484555786,-2.041480325924227,0.0
9.0,3.8856676040477556,-0.7857073102481201,0.2285473091883815,0.5399107935649546,0.030255636056661844,0.04223154811123894,-0.550414698764657,0.9129717445397517,-2.0280958428000346,0.0
9.02,3.8962832067985476,-0.786667142791455,0.2284107347564801,0.5236361251775697,-0.08995940267716121,-0.04398266530275038,0.4011949158825192,0.8504463930436085,-1.9906285350933643,0.0
9.040000000000001,3.9073171863672274,-0.7864105223380926,0.22641575551816412,0.5617961827706254,0.07439908122103395,-0.13833546613658004,-0.6361081847891354,0.855260937086439,-1.9317864955073991,0.0
9.06,3.9172654545145877,-0.7870408673526412,0.22373747490585724,0.4535291341618548,-0.1009865343507985,-0.13992432145500053,0.41086097791623927,0.7980751592188432,-1.8557327903323744,0.0
9.08,3.9260701935008813,-0.7870729243195632,0.22129281977234594,0.41675569511397786,0.0791148317129109,-0.08217269783779858,-0.587199341394878,0.7589681338135911,-1.7690621684433205,0.0
9.1,3.9320572718937914,-0.7877891545630377,0.2212058158182128,0.22708785116603725,-0.10447959401819727,0.0511966028738706,0.4346497413570185,0.7187362633757377,-1.7039942677901596,0.0
9.120000000000001,3.936509076716525,-0.7878657100078383,0.2226948174648028,0.22589118844615022,0.05521796534934318,0.08274185481580588,-0.6840547168811242,0.6843656370578629,-1.6719998126341025,0.0
9.14,3.9404066745304496,-0.788702122203951,0.22467123431427283,0.1832571952286911,-0.10716291049901225,0.10532748092727176,0.41487414661941163,0.7516850861544949,-1.6448328906169556,0.0
9.16,3.9450210524735225,-0.7897350559651506,0.22621296347648467,0.26921477182001335,-0.020723326937347967,0.04840097614842714,-0.5773797677281167,0.7698675330479168,-1.6237762773653555,0.0
9.18,3.950447978360566,-0.7922563738943058,0.2267757921769479,0.2771417099214305,-0.19972747099955382,0.007966041864331579,0.44143379672727506,0.8717345324036425,-1.6098115064740435,0.0
9.200000000000001,3.9570816800563433,-0.7953385288558775,0.225640093441885,0.3664355781463616,-0.13244184931598496,-0.09518808736991106,-0.5192107346458594,0.9274232648637581,-1.6036574263301655,0.0
9.22,3.9642863440286877,-0.8002445595213014,0.2229826069107708,0.3602960491695044,-0.31259377292691687,-0.1711296690591943,0.5450743505501316,1.042708843441043,-1.6052398999253255,0.0
9.24,3.9719906430161322,-0.8050735542268533,0.21889890306376386,0.3963018477282022,-0.19367073451987565,-0.22389485201967282,-0.48665073649871193,1.0999878773258123,-1.614511138356423,0.0
9.26,3.979067285432241,-0.8108527446549246,0.21454512646432122,0.3143430779748475,-0.3469037638832155,-0.19333272026122197,0.48743634325519,1.1797218618011942,-1.6306820394644632,0.0
9.28,3.986178750902003,-0.8137161841012535,0.21332088883724876,0.37161541420432764,-0.024758675861215128,0.009591643064666835,-0.5096343152671052,1.1510788102079645,-1.6532013169751665,0.0
9.3,3.9934898046793967,-0.8155234005936038,0.2141132774634115,0.37089075530172777,-0.1363784488867196,0.04623277868098732,0.427426634848522,1.1068773784060302,-1.6828139246100202,0.0
9.32,4.002134061553458,-0.8155882133759617,0.21539458462207975,0.4770924733964868,0.0650154644968948,0.06969475511850555,-0.5573824076385168,1.0635579021153634,-1.721332252512607,0.0
9.34,4.0114936979704074,-0.8158867910809902,0.2170172636538289,0.45005472316677264,-0.08015832132877822,0.10238061069832555,0.3897802060757127,1.0551305180790982,-1.8093689738023233,0.0
9.36,4.020926456703604,-0.815777794699427,0.2187073092824599,0.48729543026088634,0.0525381491123625,0.08463053072368414,-0.5488566284429974,1.024904542078425,-1.8904600018780282,0.0
9.38,4.030357388635548,-0.8164421093606454,0.22041055174455618,0.47351018663286487,-0.08653501630083663,0.07448848649856137,0.44929122007720473,0.9754997531330922,-1.9583262892615256,0.0
9.4,4.041032045022312,-0.8169961597303697,0.22126136562006324,0.5811937642324707,0.011698416362812958,0.015161699071960733,-0.5538412480388847,0.9769419047614629,-2.0078730981847737,0.0
9.42,4.052757084791197,-0.8183438466611384,0.22135039525277853,0.5884637745695337,-0.11962048491924407,0.002971295463005083,0.36748577008552274,0.9140713896696032,-2.0347485946425694,0.0
9.44,4.065753925431278,-0.8190713871288803,0.220560315856094,0.690921538609176,0.022894984129013106,-0.06692777486232412,-0.5957913950388924,0.936663033306096,-2.037035935568625,0.0
9.46,4.078927254267995,-0.8202958788094776,0.21930669499453262,0.633729582980112,-0.11134766006711719,-0.055789163027102996,0.3631486273186027,0.8867317868780753,-2.014472958871897,0.0
9.48,4.092319974778528,-0.8206366815065148,0.21768196364050482,0.6881114232424351,0.04700405370688733,-0.09439577556898954,-0.607484379413064,0.8913562745484216,-1.9690576542793372,0.0
9.5,4.104842823816765,-0.8217032638566547,0.2162381024405311,0.5835308229565539,-0.11704936490604521,-0.05781729930788213,0.3812782351673858,0.8203797076280395,-1.9042368516459944,0.0
9.52,4.116579635176492,-0.8225834483921631,0.21472389235054906,0.5774617267148487,0.003451373822396374,-0.08374673083861184,-0.5791148418687713,0.8079564244453119,-1.8252762173682702,0.0
9.540000000000001,4.126270723855891,-0.8251649466767227,0.2143409504012657,0.42801614542293076,-0.21321347387494471,0.02036340003680146,0.4008138782871307,0.7293162761800627,-1.7378836916493694,0.0
9.56,4.134894926267474,-0.8277361082023643,0.2155162833046573,0.4352104123719041,-0.06592877430088304,0.08948278919130792,-0.525468048575375,0.6954787152445348,-1.689507562659281,0.0
9.58,4.142464634140965,-0.830773011686231,0.21791603090295458,0.348149060362192,-0.20772455339844317,0.14463067340767857,0.38159647663500357,0.6984705458124199,-1.659263443369145,0.0
9.6,4.150187284126733,-0.8335513411010746,0.22053945522216353,0.41938193134105434,-0.10341823016633364,0.11807280550725374,-0.5327121701255035,0.7052841304343015,-1.6341871720109196,0.0
9.620000000000001,4.15856578363904,-0.8374594274777724,0.22237955133596088,0.4244172237930572,-0.2600381458818414,0.06581050973821712,0.42236128542955936,0.7771162802148202,-1.6155283654344899,0.0
9.64,4.168113892170006,-0.8415829819993753,0.22281891725374228,0.5126867203803913,-0.16992751652466936,0.0011862985763417943,-0.517199579573679,0.8207018527896034,-1.6040578444087754,0.0
9.66,4.178237792882172,-0.8470806484284399,0.22237875280837738,0.5061795514169667,-0.3453434318054485,-0.04130466798699924,0.4677615378517808,0.9372244847447585,-1.600264608498536,0.0
9.68,4.189280358045814,-0.8527658078038974,0.2206668155301406,0.5775403866367147,-0.24857623152079403,-0.11498237344797145,-0.5329123572932817,0.9776951713435821,-1.604880387564617,0.0
9.700000000000001,4.200272540188545,-0.8597757016300822,0.21808745627810966,0.5252284979429431,-0.418503499399611,-0.13768831014036462,0.47353165683070103,1.0761069266247396,-1.6172141013638726,0.0
9.72,4.211141274697681,-0.8662272354198655,0.2153151678363887,0.5501919173955064,-0.25828195138215115,-0.13176026908078084,-0.49859548840152984,1.0768072274679732,-1.63654854093038,0.0
9.74,4.221180853490295,-0.8726933271037127,0.212805102124592,0.461437708336924,-0.35838692810265693,-0.11672445000696885,0.42497616280771916,1.1226186978549868,-1.6617982422710018,0.0
9.76,4.230707972283722,-0.8767279052914683,0.21153852586586047,0.4866498807491729,-0.10184934938558934,-0.02739717482100568,-0.5208861943541061,1.0776176110474527,-1.691241314622643,0.0
9.78,4.239282305586546,-0.8801526600448265,0.2123582431448487,0.38665287549903343,-0.22181015862924566,0.0915569384132261,0.38255827695773614,1.062181457029538,-1.743346569445083,0.0
9.8,4.247065944945253,-0.8824196962555414,0.21478208620464959,0.3925767508473676,-0.04566360583468522,0.14923843147600652,-0.5090427741359134,1.0439182580004325,-1.8296864513749806,0.0
9.82,4.254317160539397,-0.8848142085675962,0.21824564201104105,0.3546908323053057,-0.16630536808357582,0.1861319896201897,0.386744460649167,1.000367357682742,-1.9083633642259967,0.0
9.84,4.26239775833812,-0.8868090446283359,0.22123081888606574,0.4434006374743245,-0.05528009157361405,0.12212649981928676,-0.5260718011839076,0.9812546466478506,-1.9730979487675153,0.0
9.86,4.271300919858887,-0.889359307277943,0.2233639136448247,0.44683724653741824,-0.17687215076482762,0.09794060605837936,0.3657282211492582,0.92489198022682,-2.0179699166949696,0.0
9.88,4.281521878038877,-0.8914027770655252,0.22454310629176885,0.5589359719172184,-0.051425209576420126,0.03549473701703138,-0.5364653564849857,0.9372311702154247,-2.039453885841676,0.0
9.9,4.2926896782072985,-0.8939146694094113,0.22460159200922925,0.5611856118688799,-0.16561369956751343,-0.0216355364553846,0.40968686302508583,0.8735336769133697,-2.035966405266594,0.0
9.92,4.305042530223596,-0.8954333077336486,0.22316182377275806,0.6537062154400599,-0.021758404117327535,-0.11173447618222426,-0.6167598177235809,0.8917202864322336,-2.007710529335784,0.0
9.94,4.317362750726549,-0.8975488967237523,0.2206570071227712,0.5805546544585076,-0.16151557528932636,-0.1333084273369548,0.37709747718419995,0.8380238228411396,-1.9565336565728173,0.0
9.96,4.329157673510838,-0.8989641517147782,0.21754076054028762,0.586902793702398,-0.00976589239937521,-0.16363888364428322,-0.5787779455394564,0.8344170144178192,-1.8865814872858262,0.0
9.98,4.339267991040999,-0.9014780962973556,0.2151102781231342,0.4542747717283679,-0.2006885285178762,-0.0995340628208923,0.40815433390575645,0.7448990742578827,-1.8033772277977689,0.0
10.0,4.348361333510303,-0.9035951666959404,0.21404798551664267,0.44857996106702747,-0.02956420652879933,-0.004119878254316282,-0.5524517040524237,0.7152061573592327,-1.7140882224985057,0.0
10.02,4.355466463651487,-0.9058697166882828,0.21520846833670476,0.2967096567544507,-0.16602051185495473,0.10854658291303557,0.3995846842033205,0.6964830512116664,-1.6804841561512338,0.0
10.040000000000001,4.361754886453863,-0.9074537469832356,0.21752027348224895,0.33549231616422487,-0.033223719270145904,0.10960526667784994,-0.5671178300584501,0.6833306384124787,-1.6511458190740047,0.0
10.06,4.36819809840332,-0.9098027933450613,0.21944264134790442,0.3189533675237826,-0.1770125174014334,0.07972939183345455,0.42854524339882644,0.7368706576828353,-1.6275146447028157,0.0
10.08,4.375443237122041,-0.9123842959986911,0.2205856773642907,0.3925661698526641,-0.09243729295547537,0.047127733820289334,-0.49235022511357923,0.7774470489010342,-1.6102931421801703,0.0
10.1,4.383236812328943,-0.9161222408977582,0.22124748701988803,0.38991926588418885,-0.25490859281703176,0.028553490800467356,0.3950426076550071,0.882796321556451,-1.60059407180399,0.0
10.120000000000001,4.391976305517976,-0.9201889801308479,0.2211905299500379,0.46692153356282423,-0.17878481450697553,-0.021963147056571736,-0.5231095909436074,0.9240947813148117,-1.59946195651873,0.0
10.14,4.401078643779652,-0.9259884249456044,0.22041648580326556,0.4501882351777227,-0.3626882496966483,-0.05520246140650604,0.4664541419756257,1.0323216522206933,-1.6068329508652377,0.0
10.16,4.410870629269868,-0.9318148462168779,0.2186594857008848,0.5104579108689731,-0.246023860111472,-0.10781029132461681,-0.5169303640232861,1.0577801134249416,-1.6221451504581086,0.0
10.18,4.420285296831354,-0.9386267572791261,0.21642730627135803,0.4371701748839172,-0.39992613359849644,-0.11096630767067037,0.45977838165721335,1.1310210725228498,-1.6439759528373568,0.0
10.200000000000001,4.429433260332822,-0.9442489989746011,0.21438860757010816,0.4716231853737622,-0.20638067430048923,-0.09505577146414945,-0.5231101044637003,1.1077379175078155,-1.6709668986949295,0.0
10.22,4.437987972808196,-0.949609324441447,0.2128673895732989,0.3876016546818797,-0.3106858574606253,-0.04848457121008031,0.4243420414851473,1.1196701263426991,-1.7014674802739453,0.0
10.24,4.445664852777309,-0.9529004987364281,0.21276354852842883,0.377812754584337,-0.07351788711322195,0.03885373082208877,-0.5412052226370626,1.0738021941636415,-1.7683012905307385,0.0
10.26,4.45233897665064,-0.9557885794993766,0.21423182604317556,0.3184177561306101,-0.18805809897376552,0.08068541610572989,0.45003023686736393,1.0372102479362852,-1.8520878841510426,0.0
10.28,4.459431677825528,-0.9578978291468333,0.2155303050836077,0.38460202951185085,-0.050923221176713086,0.053776596524373686,-0.5549015800766111,1.0215724524702086,-1.926509258413501,0.0
10.3,4.467103475566601,-0.9602077709543014,0.21694401585403525,0.3819236006771919,-0.16635899431014514,0.08577648248429269,0.3623908920173022,0.9602263292098855,-1.9846091802275356,0.0
10.32,4.475855531240709,-0.9622855949216634,0.2183744122425088,0.4801814472160035,-0.058450306758664,0.06863626108920802,-0.4883629914301751,0.9519829540500846,-2.0222821851687907,0.0
10.34,4.485572198060701,-0.964898203326927,0.2197247190811407,0.4945583586687175,-0.17058918990016986,0.07119215015375852,0.36532234060421453,0.8899981512616292,-2.0366742639392283,0.0
10.36,4.496850880209742,-0.9663743645203283,0.2206726291984777,0.613697472440446,-0.009884963748940784,0.03148525335005918,-0.5679925762860714,0.908331700729871,-2.0267018996915587,0.0
10.38,4.508997269346275,-0.9680694262869053,0.22088510740161013,0.6024470037127311,-0.12571370559696055,-0.004576465753407208,0.39422339590940064,0.8506011914477067,-1.9929466333407437,0.0
10.4,4.521852172845338,-0.96855303843937,0.22005929779187583,0.6634153144933095,0.041360105218382806,-0.06505129544085565,-0.6204044044687023,0.8635550985406352,-1.937763159818466,0.0
10.42,4.534007991781769,-0.9697482899445773,0.21880169274257594,0.5702893030037988,-0.12396269786614558,-0.06803549154780728,0.4015313690507307,0.8035973177042454,-1.8651129936323745,0.0
10.44,4.545398728461202,-0.9705429673593817,0.21724737901212032,0.5566724125105295,0.0261790011983244,-0.067138245460192,-0.5779056657449133,0.7857207689661747,-1.7809485479586693,0.0
10.46,4.554329578605326,-0.9723014341852154,0.21724493300066453,0.3752968358199918,-0.15462791237983065,0.05455860380346753,0.41328333086717045,0.724783587862195,-1.7067586865463404,0.0
10.48,4.561761191118998,-0.9734687945156456,0.21879772064954744,0.376214938279325,-0.00318521435570651,0.0799313967179395,-0.614549321726604,0.687490605524997,-1.6744387956195865,0.0
10.5,4.568634146436212,-0.9752002849310254,0.22047798744785632,0.32825655498976625,-0.14643725987563977,0.08112976897719137,0.4226251953281022,0.7214511875995457,-1.6465039462445388,0.0
10.52,4.575962636681701,-0.977012565024059,0.2217185172992582,0.3963821887396317,-0.0526671957182561,0.051937285287174804,-0.4936432375101602,0.7384430688776067,-1.6240277781018893,0.0
10.540000000000001,4.583747917011591,-0.9800269033232608,0.22233898418961917,0.3889452913013853,-0.22118025283935328,0.020237945097043453,0.4145362994620609,0.8259564470335982,-1.6083655490192708,0.0
10.56,4.592616242042458,-0.9833360784804299,0.2218235938133027,0.479231125161755,-0.14135823478921128,-0.056006770912002825,-0.5599629885187302,0.8645173086280638,-1.6006378300892943,0.0
10.58,4.602084814547453,-0.9883502119387559,0.22040682978544135,0.4744600538119104,-0.32179017039317986,-0.09020473780894886,0.4797008164743451,0.9738280216879014,-1.6010565617456982,0.0
10.6,4.61248971708458,-0.9936841726467012,0.21784346965966925,0.5443246054659202,-0.230839500922997,-0.14727717720585326,-0.5117152584409033,1.007263162357094,-1.6097462175324313,0.0
10.620000000000001,4.622679474201205,-1.000399783934801,0.21494072955204807,0.4779921824684283,-0.4055333647547166,-0.1374178410948907,0.44772566482507886,1.1017375589439273,-1.6257646100394059,0.0
10.64,4.632596268979181,-1.006494523263265,0.21262515406251492,0.5057426350022284,-0.24014199597860889,-0.09434620976612293,-0.5024069244356821,1.087201711618876,-1.6483852620335295,0.0
10.66,4.641853305758536,-1.0125833086230442,0.2110305671299895,0.42843002130918334,-0.3406182297094086,-0.06260957674149438,0.4124508403405124,1.118120234938663,-1.6764551334607711,0.0
10.68,4.650701089044092,-1.016153923930011,0.21105751254142535,0.4470112975025287,-0.07454078663671934,0.05592498538423413,-0.5324337150015628,1.0695918219379459,-1.7078088422507942,0.0
10.700000000000001,4.65862933256363,-1.019043651741833,0.21307357675690553,0.3729055085600299,-0.18658825299294285,0.11753549089476141,0.4277932930514358,1.0476756817884738,-1.790426773925901,0.0
10.72,4.666542189676784,-1.0209133687067218,0.21527357887212148,0.414190088417455,-0.036627148035194554,0.10825562065948605,-0.5469829032133843,1.0317644638829617,-1.8736182859289736,0.0
10.74,4.67458180142685,-1.022931747730907,0.2177890544062627,0.39475378613751216,-0.15193466732189026,0.13809269296698629,0.3706272122250718,0.9776091231552368,-1.9447177510618312,0.0
10.76,4.683454989513124,-1.0249396462292735,0.2201671187548198,0.4841637832539082,-0.06376756938184455,0.10531102730660533,-0.4716055635103011,0.9607518185953976,-1.9985644359841974,0.0
10.78,4.693192198535703,-1.0277568108561186,0.2220808546665434,0.48919337390894774,-0.18806066818854675,0.09480097494253617,0.33837249528535945,0.9042862336703034,-2.0308594945456786,0.0
10.8,4.704310946671849,-1.0297072427047589,0.22356119716915332,0.6033670328575526,-0.03523836340484405,0.06305268737311572,-0.5206743592772195,0.9260438335025979,-2.039033236830281,0.0
10.82,4.716260663052395,-1.0319103688012283,0.22437559478480315,0.5968205728259524,-0.15001580643659415,0.0238292463893992,0.40058093617825374,0.8583041669656034,-2.0226059292210357,0.0
10.84,4.729258907431207,-1.0329058687765362,0.22387336680465136,0.6806291795518369,0.008427233478662158,-0.06396356389586469,-0.6263186822240769,0.8696628896233223,-1.9827290360573355,0.0
10.86,4.741916627419883,-1.034655673353047,0.2223807937266333,0.5957237802246954,-0.15096503813721315,-0.08824473162838531,0.4016465321642467,0.8205633362783558,-1.9219599290567455,0.0
10.88,4.753931912715165,-1.0358577242742353,0.2201783398812638,0.5929373242586297,0.007722310659496568,-0.11171345907047849,-0.57944390181993,0.8019063405015802,-1.845144208369204,0.0
10.9,4.763515836321427,-1.0381130973902721,0.21929488380043038,0.40494560039544214,-0.18340910448756725,0.003829023544868585,0.4227820192327859,0.729802222454798,-1.7582493066455813,0.0
10.92,4.771383444107056,-1.0395400878112233,0.22019460677958536,0.3874573520623659,-0.0026116403365906496,0.06413402241071146,-0.6460720308813594,0.6824397532411746,-1.699408836345851,0.0
10.94,4.777996992814808,-1.041308984610778,0.22175605056033643,0.30110953254128975,-0.1434648627161469,0.08015641014267834,0.4369150568359927,0.7044902156192263,-1.6684306157044726,0.0
10.96,4.784600231607786,-1.042801826225749,0.2228978312767637,0.35694740563390426,-0.034504297628705584,0.03059995149683179,-0.5344297739859694,0.7053260106045008,-1.641758125059932,0.0
10.98,4.79150937328001,-1.0452879880350279,0.22295313781861442,0.3409524315837653,-0.1900905825689836,-0.0180704940065527,0.4298432765449366,0.7813504395337836,-1.620646757117911,0.0
11.0,4.799330900742359,-1.0479109547763215,0.22163095259181212,0.42552783917207654,-0.09563900760201237,-0.0922084788961355,-0.544497891588251,0.8155634578664701,-1.606235728299473,0.0
11.02,4.807746715007134,-1.051929208791645,0.21947927129596145,0.4224758503677632,-0.27288125884837555,-0.12159027069963639,0.4668756886910163,0.9289122839618646,-1.599390025356579,0.0
11.040000000000001,4.817158725410892,-1.0563243453133304,0.21633109106872725,0.49773596975833767,-0.18963904195802453,-0.1764230617801655,-0.5339579732324263,0.9685716859696161,-1.6009876090870092,0.0
11.06,4.826639647854991,-1.0623076745362847,0.21287497425473229,0.4523350455322856,-0.3737057426781023,-0.16635376334792695,0.4530554604051252,1.0740671272212972,-1.6106428222946403,0.0
11.08,4.836105474831696,-1.0681953002357136,0.20994330278294657,0.48358603429253993,-0.24434749081413473,-0.12381090538912497,-0.49079950752689067,1.074991207068595,-1.627981983027926,0.0
11.1,4.845069756987449,-1.0744721402011521,0.2078943245185494,0.41729681265757085,-0.3535469877974151,-0.08164399089195137,0.389721859037889,1.1268229202925393,-1.6521442013341534,0.0
11.120000000000001,4.85372426369382,-1.0785685475970344,0.20777971589741,0.4398753169951732,-0.10446407252774927,0.05333854787286721,-0.4858190042897573,1.0851605685274563,-1.6814029683009193,0.0
11.14,4.861518072982561,-1.0819156904184573,0.2105200238912541,0.36227214487110365,-0.2081615398085169,0.1927846343889401,0.3583609333968351,1.0784053208843718,-1.7243019545354588,0.0
11.16,4.869122210619598,-1.0839355477934782,0.21489234182392977,0.3925031247995094,-0.03430815231589819,0.24128993751979058,-0.48326806789394877,1.0546536644138644,-1.813117974251314,0.0
11.18,4.876466420722641,-1.0859673988577356,0.22004365893582786,0.3575191396760818,-0.1452267369818158,0.26912992743207714,0.3668682531237814,1.0171235955675348,-1.8954399371797082,0.0
11.200000000000001,4.8844834563657615,-1.08745487921033,0.2245432556756035,0.4346714712357611,-0.031531036280339444,0.19676074644537908,-0.5149325821656685,0.9884969513113285,-1.9645991648369219,0.0
11.22,4.893163673954695,-1.0895375741287374,0.22780997755801036,0.4380513126295445,-0.1514544607426498,0.14012251549748705,0.38613136877641474,0.9321296408235934,-2.0145117797791805,0.0
11.24,4.903154032166753,-1.091159396654495,0.2294171318077543,0.5443517446827433,-0.03877657571625474,0.03743558665382882,-0.5680496078241115,0.9373374144300234,-2.041195638269338,0.0
11.26,4.913990065717532,-1.093503610286083,0.22908630297594432,0.5424475456050716,-0.16314441547693567,-0.06135532085496354,0.4264686103180034,0.877613910595734,-2.0424813616691306,0.0
11.28,4.925827954466092,-1.0951911820217213,0.22673777576734228,0.6244935068002886,-0.03400019083517517,-0.16019429210051492,-0.6083732101520283,0.891491684455725,-2.0181462176194462,0.0
11.3,4.937774675798318,-1.0973428232259823,0.22278169538198522,0.570473618626748,-0.15304193737622246,-0.2196818665078647,0.36778558098439534,0.8307128595235747,-1.9699544583021225,0.0
11.32,4.949436652338963,-1.0984799519954325,0.21778011529652888,0.5785643322969746,0.00813006446594387,-0.25867525556965465,-0.5890675410697408,0.8420302277610251,-1.901751420026146,0.0
11.34,4.959261165146984,-1.100600304586311,0.21350855849526845,0.43747817318520305,-0.17905281750738405,-0.19004456427286076,0.414032652164309,0.751748821290053,-1.8189260473755262,0.0
11.36,4.967935775434385,-1.1023147812862664,0.21069695979806222,0.42274615320485437,-0.0059878212387258455,-0.081762819584969,-0.5406881699839744,0.7199239271926324,-1.7288850286137378,0.0
11.38,4.9742218877250375,-1.1039612580755613,0.21108604351298757,0.24079712881080043,-0.13120493244870374,0.10017652942497587,0.37767564090533234,0.6906695092432275,-1.68364507652452,0.0
11.4,4.979133029216859,-1.1046890122100208,0.21386456977439813,0.2590927604989602,0.011647124510519545,0.15718211203221402,-0.5333451738347941,0.6723663803264281,-1.6530583939181807,0.0
11.42,4.983840061878384,-1.106210423891284,0.21695463443603363,0.22629630634008766,-0.13605922454049849,0.14879215359582246,0.4174805284130775,0.7119834150013085,-1.6287736594436542,0.0
11.44,4.989281706393581,-1.108010868571199,0.2195790148302413,0.30793022870639614,-0.05811305878322421,0.12097797387194885,-0.5022454733788766,0.7550517848432874,-1.6111416569884822,0.0
11.46,4.995678933098176,-1.1109238678830053,0.22173939355086875,0.3330701395444802,-0.20994138752627045,0.09911749116895897,0.3669928021992248,0.856780016768265,-1.6010674039144315,0.0
11.48,5.00347558226621,-1.1143367884548627,0.22279211682602762,0.4255820919500862,-0.15456647913186644,0.025785475160819884,-0.4970415642803867,0.9113059478197985,-1.5994767781238244,0.0
11.5,5.011770897829417,-1.1197564542320202,0.22297424012014477,0.40963269674686026,-0.34837195936649484,-0.005687819210298203,0.4458244666029764,1.034310433816085,-1.6061069115054043,0.0
11.52,5.020770042628111,-1.1254769472578647,0.22194809317875538,0.4706409435338084,-0.24964334125911367,-0.08070204944164744,-0.5132008525749385,1.0657833475011371,-1.6207078841926195,0.0
11.540000000000001,5.02938392553746,-1.1324743150244851,0.2200010907164156,0.399324792794253,-0.4117441555228693,-0.10763897415534117,0.4888363242914164,1.1441764006184865,-1.6419117591546748,0.0
11.56,5.03778370360623,-1.1384048283745756,0.21761832100560827,0.43352724327120573,-0.22323059242764487,-0.13024107112342603,-0.5276275470055085,1.136724638461963,-1.6682758028539424,0.0
11.58,5.045444675418704,-1.1440878634072353,0.21514550736717108,0.3398206213199431,-0.32038502859797596,-0.1109261287974263,0.45645936392467995,1.1528047584600467,-1.6980675861099999,0.0
11.6,5.052360335413047,-1.1472626442013918,0.21365679525292885,0.34613564861216045,-0.06003969197451777,-0.0374204483405924,-0.547626401771008,1.1033567751390128,-1.7542230406343151,0.0
11.620000000000001,5.058375190350601,-1.1498417741733025,0.213741718176476,0.2810533930794162,-0.17261973424241359,0.01927681965664682,0.47334298944268843,1.0629788103194437,-1.8381650095902562,0.0
11.64,5.064702109585039,-1.1513058721711487,0.21407101034641376,0.345511927777931,-0.008018535875809911,0.017594204742349254,-0.5536964133069988,1.052707640561598,-1.913854610154211,0.0
11.66,5.071667678937228,-1.1528600531240754,0.21469605918861137,0.3590912553327199,-0.12509465009435097,0.040162664511101405,0.3902319789581452,0.9874774428522052,-1.9744853685066337,0.0
11.68,5.080177987554359,-1.1538296046033607,0.21510393938951464,0.4757852776227141,0.00804822196794796,0.01321555473827854,-0.5290901281608946,0.9742106064913814,-2.0155138188366077,0.0
11.700000000000001,5.089928488899996,-1.155059845827122,0.21545456281992256,0.5011382117530301,-0.10168097839228213,0.02879812785195337,0.39156322882913025,0.9095498415663297,-2.0334517046086598,0.0
11.72,5.101367356283339,-1.1552026989860946,0.2156441625193944,0.622709385070707,0.05696235850534022,-0.0028944928789980773,-0.5872393445059778,0.9243545866816365,-2.027089449797757,0.0
11.74,5.113750215379988,-1.1554457207730355,0.21561273101444908,0.6146574717223047,-0.049880824597241816,0.004033864738177647,0.3768596518680743,0.872679534728865,-1.9968485224746992,0.0
11.76,5.1268408335074,-1.1543817587912921,0.21530108481565843,0.6750284231778637,0.12444724115242049,-0.023228560217309988,-0.601092539826086,0.8874178545561009,-1.9449890727756878,0.0
11.78,5.139344525095178,-1.153745342320792,0.21530771774557134,0.5911947267497575,-0.025966730779558543,0.01640191950329976,0.37539278048913444,0.8220963750835009,-1.875400292375969,0.0
11.8,5.151162302071581,-1.1527715802692178,0.21532770889831943,0.5793999743790286,0.09645649401871942,-0.004509251417194326,-0.5719863889291139,0.8106098927911087,-1.7938269380892014,0.0
11.82,5.161116612029826,-1.1535452232246433,0.21637145114854991,0.4478092302974658,-0.1241486714235574,0.08771610364444356,0.39957037585990324,0.7366306251782367,-1.711246555665452,0.0
11.84,5.170196513934682,-1.154556613832974,0.21843783513601686,0.4619473212546035,-0.000320881702789929,0.11192123565282514,-0.542983190112688,0.7069636815210839,-1.6794521711295929,0.0
11.86,5.178655459050547,-1.1564879107289503,0.2208537472387718,0.4053665491068992,-0.1583850892594131,0.1300183726448384,0.39170189588722687,0.7198507977802185,-1.651182946500699,0.0
11.88,5.187657448288684,-1.1584760082668248,0.22277440984166097,0.4875018044741711,-0.06844688536004545,0.0694124724239261,-0.5515049993814254,0.7311096469463043,-1.6281728321026836,0.0
11.9,5.197502966897762,-1.1618457468006054,0.22367880995620193,0.501427940820742,-0.23700413547595922,0.02031751731094763,0.44087542473786706,0.8100838081464729,-1.6116402815774056,0.0
11.92,5.208577683834626,-1.1655301776847151,0.22304011323571346,0.5877674344209877,-0.15134266711238356,-0.05852002942735394,-0.5302914418390694,0.8507197581674282,-1.6025407346600171,0.0
11.94,5.2202235126898815,-1.1707642782878662,0.22138837391449157,0.5825612794199464,-0.33343082352358017,-0.10492930033192864,0.49141454836673143,0.9607698147563494,-1.60119873332617,0.0
11.96,5.232614849658894,-1.1760512913674928,0.21859328335216527,0.6369290476407061,-0.21828321676570242,-0.15750669862097788,-0.5162457415823711,0.9959007231474708,-1.60810143431146,0.0
11.98,5.244640987659761,-1.1824685138596875,0.2154428055236094,0.5695703878236563,-0.38871827387515767,-0.15252739588026895,0.4594866499632762,1.0837748703106445,-1.6225200148253405,0.0
12.0,5.2562338745651696,-1.188064088156692,0.21278297251484732,0.5834124880152641,-0.20853025438528863,-0.11199586385144623,-0.5048884175303929,1.0664981240825637,-1.6438200141437935,0.0
12.02,5.267045907111124,-1.1934224596195582,0.21089350000245097,0.5047906840933866,-0.3010816432816743,-0.07402421313071691,0.40685839722529743,1.1004361665853528,-1.6708692272309387,0.0
12.040000000000001,5.277060954078993,-1.196157171683226,0.21088505104050548,0.49070203029583365,-0.02978650605235395,0.06417842858379175,-0.5234193800199205,1.0528726051772337,-1.7016755833386115,0.0
12.06,5.285705158321089,-1.198267178812795,0.2134367561985778,0.4047541866407929,-0.15137303214645575,0.1549475690430925,0.41343660764292406,1.0356259045770178,-1.7746152345970208,0.0
12.08,5.29409356303871,-1.19942677076758,0.2164315614036431,0.4325117577370736,-0.0007707989507822598,0.1486071034265767,-0.5410928327594506,1.02206300754743,-1.8598149603577432,0.0
12.1,5.302434236339474,-1.2007904330538237,0.21974513496418308,0.4077388879669753,-0.12071270756126318,0.17697338622945868,0.3644208147332855,0.974091666923776,-1.934200323020098,0.0
12.120000000000001,5.311429554146073,-1.2021630817163436,0.22278338006897633,0.486809493338094,-0.03274867104116421,0.13211329851927553,-0.47431710590732035,0.9587342994583029,-1.9922046379533214,0.0
12.14,5.321239580580061,-1.2044397865277936,0.22494990496048026,0.4927381356439961,-0.16474117686686934,0.0965472049275369,0.34126993667111744,0.9045586510388176,-2.0291488284818318,0.0
12.16,5.332294254569582,-1.205929926230191,0.2262573406173432,0.5958891153340654,-0.013475281500095082,0.04660201842019377,-0.5302031501281524,0.930904264786575,-2.0419346581136053,0.0
12.18,5.344136250829963,-1.2077701369531542,0.22646077889037491,0.5922505407858194,-0.13325023855128468,-0.01774657920046461,0.4160237762219003,0.8636802938111579,-2.0297328449794323,0.0
12.200000000000001,5.3569143199794125,-1.2084616174838438,0.22503248891946584,0.6664598696820179,0.023288168444819467,-0.11535150749314232,-0.6236381951256704,0.8746790476625425,-1.9933535592729401,0.0
12.22,5.369321260446727,-1.2099171531107693,0.22256197517575832,0.5795558772619087,-0.13931308898343114,-0.1288674600684856,0.38662657806797607,0.8227754205120572,-1.9351497887145275,0.0
12.24,5.380854496108809,-1.2108606197183878,0.2195947777341714,0.5645641294784943,0.01940918637103475,-0.14656407582655873,-0.5724434522351545,0.8025864460332189,-1.859926625468899,0.0
12.26,5.390027885600337,-1.2129248167989737,0.2180558002162756,0.38789920825748714,-0.17614389218659027,-0.025993829215778037,0.43321191014411997,0.7214448844346072,-1.77368320105942,0.0
12.280000000000001,5.397458036849799,-1.2141545704102046,0.21860843888688977,0.3625972932704228,0.009332599204454266,0.05402819437191052,-0.6402944053481734,0.6772264107610143,-1.7044012343908694,0.0
12.3,5.403531872818765,-1.2157929983074303,0.22011999100208546,0.27167084948387993,-0.1399796732975815,0.08179666897598346,0.4356336642279091,0.694618713409565,-1.672711804787346,0.0
12.32,5.409430538997451,-1.2170849298346516,0.22136999795073173,0.3182593232980215,-0.02015934277733246,0.03928133260622307,-0.5450354821458057,0.6936146836829981,-1.6451443570783122,0.0
12.34,5.415635971082861,-1.2192407521484434,0.2216895264822643,0.30954607198351863,-0.17168377757862324,-0.0029119083377891746,0.42712175679819725,0.7651235372405253,-1.6229079601760796,0.0
12.36,5.422781739631199,-1.2215115361296796,0.2207398643072952,0.39046844038501255,-0.0756620618473225,-0.06937993344553949,-0.5340256938931193,0.80159915751057,-1.6072321480910179,0.0
12.38,5.430612821929541,-1.2250959096050305,0.21908266168642063,0.3964396551661918,-0.25228529708492337,-0.09246861089329088,0.4494278604352993,0.9193328844066345,-1.5990558583486552,0.0
12.4,5.439455094872072,-1.229109421694217,0.21653411859342972,0.4688779897900259,-0.1741405382200977,-0.14646653182369626,-0.5382514646484113,0.9607313699570329,-1.5993916592616944,0.0
12.42,5.448541879829042,-1.234819547019373,0.21358301513966527,0.4407561045649322,-0.3613425239454659,-0.1466136434291898,0.46045287051933464,1.0693826616479574,-1.6079663239765933,0.0
12.44,5.4577887256795385,-1.2405317490594183,0.21081452765994538,0.472415149924374,-0.2386165772642397,-0.12427880707139297,-0.4925207477979228,1.0786593394963133,-1.624364838028753,0.0
12.46,5.466604163393098,-1.2468158324532392,0.20867347632020863,0.4118571800744432,-0.3591538682423709,-0.08962936696046644,0.40068139077026865,1.1386302856299548,-1.6476306665326055,0.0
12.48,5.475002880340527,-1.2511845133661674,0.20823355160476023,0.4260255897731202,-0.1257272784902064,0.025778823486457,-0.47948824579607774,1.101486066219364,-1.6761845487940927,0.0
12.5,5.4825712683063506,-1.2548816792998803,0.21043179513673768,0.3448846108397355,-0.22737262802404248,0.1785604609948056,0.34244008624605154,1.1005214942745054,-1.7085868412838114,0.0
12.52,5.489541901596015,-1.25710463461542,0.2148074429700008,0.35090081671699636,-0.03901425388329378,0.25273470843383994,-0.47041186269565843,1.0698734997424189,-1.7976900554749367,0.0
12.540000000000001,5.496088015448716,-1.2592602531007244,0.22009197818752094,0.32375823088276123,-0.14741838909458002,0.2697224029664776,0.3815246378660375,1.0362691837641544,-1.8819018359636241,0.0
12.56,5.503386537935593,-1.2606366134430234,0.2244821383827318,0.39540060418430817,-0.023860564770495828,0.18641590983435632,-0.5394302813289262,1.0027241483241478,-1.954077780104639,0.0
12.58,5.511345184702094,-1.2624722640682402,0.22754801144341394,0.403698591907365,-0.13658472769228447,0.13140826380963597,0.3958174601423026,0.9457905576306254,-2.007614966434594,0.0
12.6,5.520557121892374,-1.2638094913503446,0.22888338963504867,0.5021045269891479,-0.026167164364361895,0.019677585234332683,-0.5849650381286484,0.9388641385052735,-2.038370329387913,0.0
12.620000000000001,5.530632063570446,-1.2658100523415061,0.22829298903427522,0.5067912536776094,-0.14481393432504597,-0.07093424690435791,0.41662354876594276,0.881347112072817,-2.043869466633853,0.0
12.64,5.541711139107895,-1.2671872211310031,0.22576053118246506,0.5862350386683528,-0.017751578540083322,-0.16618170033920476,-0.6025499675552375,0.8940729981848546,-2.023619652813534,0.0
12.66,5.553026739927224,-1.2689927523529676,0.22177329115971484,0.5444479156174482,-0.13425298522491602,-0.21665294302813282,0.36701549147413426,0.8310911651268913,-1.9791098601046497,0.0
12.68,5.564203584071736,-1.2698124925514462,0.21685924829120426,0.5569468515588273,0.021568832037611736,-0.25423402309922283,-0.5872993713957717,0.8450067829002125,-1.9139563281900425,0.0
12.700000000000001,5.57380632650457,-1.2716231936495284,0.21265511256978023,0.43318097345528495,-0.16302824480834743,-0.18483980988953658,0.40615161263635385,0.7562365865271312,-1.8332872554920492,0.0
12.72,5.582508022742887,-1.2736482157357665,0.20912016653735518,0.42999974341978386,-0.048435866229354356,-0.1480620712442561,-0.5314562731719008,0.7314967026387931,-1.7442398388082019,0.0
12.74,5.589055822593683,-1.2765517747124764,0.2081273196314183,0.25637173107577393,-0.2052012685655162,0.034824756437252954,0.3909169135329678,0.6773834900158673,-1.6882933661528472,0.0
12.76,5.594222326255439,-1.2788648710213448,0.20970156950528684,0.2685176055049991,-0.07192279800974054,0.10359573385240207,-0.5306898382180067,0.6617896784077719,-1.6560479637070196,0.0
12.780000000000001,5.599059196088873,-1.2819558690059556,0.21218707640581871,0.2298203792150055,-0.21417850827545282,0.1361225802906661,0.3897272056220339,0.6935425424974098,-1.629839831512117,0.0
12.8,5.604430396218215,-1.2853109166783285,0.21535461010233717,0.2993223164840356,-0.1290198345316211,0.17589278458159638,-0.4588224186994493,0.7284111876864027,-1.6104303100644117,0.0
12.82,5.6108003819380965,-1.2891363684809067,0.21928420496968382,0.3347242833554677,-0.24150319075963925,0.20732766212078182,0.27365726415198927,0.8280937118725605,-1.5992610733997839,0.0
12.84,5.618556312480843,-1.2932530531483382,0.22319066262827184,0.4220820953789351,-0.1912382635312783,0.19089822232827958,-0.4018755714496197,0.890468098806137,-1.5974368386712892,0.0
12.86,5.626806903100965,-1.2993395835904777,0.2270997788159352,0.40512066450778983,-0.38008095219080734,0.19960863123617575,0.3359741255856023,1.0141143678288755,-1.604706733442625,0.0
12.88,5.635765407109184,-1.3056945832941647,0.2302111630509864,0.4720096366317163,-0.28564223340173206,0.1251359372312926,-0.49201265114914255,1.0392226356825194,-1.6207766243095123,0.0
12.9,5.644513788615369,-1.313543090883851,0.23181404093241256,0.4174291014146808,-0.44777528775875636,0.0382209469119626,0.5148689776523057,1.1164830246142405,-1.6440232777293495,0.0
12.92,5.653279090616197,-1.3203745046235333,0.23167726648221812,0.44752003695428555,-0.27382474246382743,-0.04587895059018111,-0.54505807286593,1.136803622785463,-1.672301649471355,0.0
12.94,5.661093433137043,-1.3270877142447741,0.23028258783087446,0.34394730811295293,-0.37207244783019155,-0.08475747703724613,0.4693386414713115,1.1376067465401336,-1.7033766155240493,0.0
12.96,5.668099750637397,-1.3311949507859866,0.2288982435738659,0.3520321405945969,-0.10076666387190167,-0.05214266179358819,-0.5753676174801872,1.1084980998300527,-1.750330648033647,0.0
12.98,5.673885584507643,-1.3347362381771208,0.22863774332018247,0.2550285698308079,-0.22595666205849937,0.009094766893195307,0.5602008890425276,1.04248255976834,-1.8354043302749457,0.0
13.0,5.679789012189687,-1.337008879364251,0.22876759966847,0.3284556828713122,-0.04529576136283594,0.0002823856991779565,-0.5742093985934151,1.0705096740371383,-1.9130014753897429,0.0
13.02,5.6862092679169765,-1.3395097422584905,0.22885115612745321,0.3244933723612915,-0.17678830729688425,-0.000218603550404859,0.5154253488992049,0.9945475157214216,-1.9766263780184978,0.0
13.040000000000001,5.6940373580059545,-1.3412963002404348,0.2284587443720786,0.4415570476072952,-0.03178524367672219,-0.03282002219335688,-0.5712842110103094,1.0070291207608522,-2.0211056310889948,0.0
13.06,5.703078243040086,-1.3433447092509314,0.22736397315363951,0.46425593406195004,-0.14312480977603756,-0.07600725842063932,0.4405919939424872,0.9398912970331527,-2.042722614864067,0.0
13.08,5.713696746446526,-1.3444536821999216,0.22500632649435162,0.5759726343325416,-0.003291729186661811,-0.1546973967570815,-0.6408372063858834,0.944237120610908,-2.0396306806694273,0.0
13.1,5.725080307616556,-1.345774141789186,0.22141952140744467,0.5594524139746633,-0.10521332113875953,-0.19771111189754043,0.3475836599457817,0.8962076332683112,-2.011549717984607,0.0
13.120000000000001,5.737010094895508,-1.34586061857948,0.21670157395204834,0.6085636349442327,0.07068028864590814,-0.24574158112872782,-0.6303739718872821,0.908553493593455,-1.9604960589615024,0.0
13.14,5.747609855353201,-1.3462841054496664,0.21267606421543175,0.48216311842494375,-0.07704240103929523,-0.17521336584426675,0.3753118668375032,0.837713365335235,-1.890207450116597,0.0
13.16,5.757292999418732,-1.3464819912152322,0.20944568915886916,0.47335410011732365,0.03312259388632358,-0.14922631442938517,-0.5885892836600186,0.8140662929019846,-1.8071941574769887,0.0
13.18,5.764818581179802,-1.3486207050638757,0.20828585903101068,0.3199246180046801,-0.20075738884101946,0.0012703411756474665,0.394166643167968,0.7208583486319798,-1.717598181868956,0.0
13.200000000000001,5.771524187474974,-1.351466231049376,0.20917110301502082,0.35077425970726595,-0.09674453216179114,0.08509905708722479,-0.4970544054356378,0.6978126345576285,-1.6787859007650203,0.0
13.22,5.777644375532683,-1.3551932859433768,0.21181037326025165,0.2844565996716825,-0.2434859581216472,0.16859542040151182,0.3484567113371747,0.7004698402107945,-1.6489020982157205,0.0
13.24,5.7842411890850745,-1.358939766835427,0.21534889920461994,0.3657642664564658,-0.15903594906180496,0.18372210868754674,-0.4935278944739007,0.728606297777186,-1.6250112156216514,0.0
13.26,5.7914443536704825,-1.3639864267589508,0.21882770357057157,0.36494703903365666,-0.3179917979595834,0.16771602338835526,0.37296596934751963,0.7923552249744967,-1.608404172191501,0.0
13.280000000000001,5.799983880670169,-1.3693919103498213,0.22147469199830966,0.4740554770728087,-0.24637107850376722,0.11504107298388276,-0.5180638474842474,0.8373378271548858,-1.599789988028273,0.0
13.3,5.809443188708363,-1.376512602870943,0.2233404606145948,0.47659129927744776,-0.42914877901954795,0.0717422155448231,0.4586096070495607,0.9522061072552108,-1.5994165461872554,0.0
13.32,5.820062765425555,-1.3841367394506459,0.22366396863310714,0.5611110578625913,-0.35506294400533006,-0.0191318446198611,-0.5169595263961467,1.0023125920918254,-1.6075135041845332,0.0
13.34,5.830656776536828,-1.3932809705783593,0.22266552452337887,0.5061279237053365,-0.5216604415424171,-0.07540473285127473,0.5018208987353241,1.1020196304901317,-1.6229704648204255,0.0
13.36,5.8412416368593405,-1.4018297602576173,0.22072450064898214,0.5370695470111059,-0.3613288147785508,-0.105817699025575,-0.4856456913816928,1.1187132273268274,-1.6448094562638214,0.0
13.38,5.8506019175103114,-1.4103612335106117,0.21851236711313266,0.4095998338289808,-0.4617224342862373,-0.10856774832552914,0.4655071669265581,1.16081964791708,-1.671614760498724,0.0
13.4,5.859202287959235,-1.4163702875712152,0.21707247117803571,0.44699451375737487,-0.21065202335126879,-0.05737799795136429,-0.5347652734618102,1.1169321547492324,-1.7017699056627917,0.0
13.42,5.867486234922664,-1.4214510596317567,0.2160743180914435,0.38642185577750204,-0.28587062589084117,-0.03609226991562687,0.42227665922101804,1.0911258026488042,-1.7637301654610757,0.0
13.44,5.875665136091846,-1.4246270777285244,0.21563218239628418,0.42289717468543225,-0.08257615711779442,0.0037371109253240727,-0.5457274829030365,1.0465275379884447,-1.8474596403910093,0.0
13.46,5.883627862210853,-1.4277862376518227,0.21626361375519237,0.3977159964853775,-0.2075274867552911,0.03638280849660481,0.4503440064630804,0.9914569043388043,-1.9215636536192588,0.0
13.48,5.892927314705902,-1.430519285100712,0.21659118462261692,0.5183030676309494,-0.08687196023877745,0.0018014464336546688,-0.5551583188368101,0.9884982770108546,-1.9808015787468203,0.0
13.5,5.903356858550018,-1.4336815337819837,0.21682617313215824,0.5200355519242816,-0.20738885332590268,0.02895337508420535,0.365911630433157,0.9256348604415515,-2.019611032912546,0.0
13.52,5.9151278875942905,-1.436036432578436,0.21704536222823348,0.6379086190462695,-0.05553746891072491,0.006112244618719619,-0.5753999953282185,0.9407809926993991,-2.035233569750716,0.0
13.540000000000001,5.927679369430532,-1.4386346824637197,0.21718503966953492,0.6272013328418395,-0.1685319657016646,0.003766160160991952,0.41639783284200643,0.8785307895788462,-2.0265584443152806,0.0
13.56,5.941477762731784,-1.4402371469951418,0.21668680350213693,0.7311419979339621,-0.021352194631490636,-0.04772053644655403,-0.6161914683016221,0.8900307145426446,-1.9942068332298728,0.0
13.58,5.95530259523409,-1.4422657755972301,0.2159051689765029,0.6562081555397676,-0.15207827311484637,-0.02664172450136076,0.3635300441384576,0.8341343712789904,-1.9401974331373368,0.0
13.6,5.968689086426027,-1.4436728252454711,0.21508643061240745,0.6682714672683291,-0.014756949048546802,-0.043526895972700354,-0.5567034008641907,0.8340243596313845,-1.8688853108937464,0.0
13.620000000000001,5.980398447046451,-1.446172564246258,0.2152308280835664,0.5340463757161048,-0.19627096991252416,0.038661505472258204,0.3829544383158747,0.7501441586247946,-1.7858357879937146,0.0
13.64,5.991171694211707,-1.4487007879798117,0.21633846013538058,0.5385811800675769,-0.06702794564145263,0.08248451043450188,-0.5098142172634941,0.7244288060415736,-1.708155344285276,0.0
13.66,6.000307013764264,-1.4516975263660867,0.21883496312007691,0.40802734743211877,-0.2004285016831089,0.16097425706052296,0.38340231547716364,0.6952527882608897,-1.676557534931435,0.0
13.68,6.0090006852113,-1.45421210791593,0.2217724781216712,0.4598599902116143,-0.08884269332106853,0.12878869891293437,-0.5560160215634482,0.6864550815651468,-1.6489956966008474,0.0
13.700000000000001,6.017991232715477,-1.457639417689787,0.2237739307692539,0.4495491597897157,-0.22687888440104959,0.07186120723635589,0.4263103172208514,0.7387540928266276,-1.62695639336424,0.0
13.72,6.027847944980698,-1.4611475578390243,0.22444241005655569,0.5200867929626969,-0.13526931732283917,0.016258886550979297,-0.4987768067740021,0.7731125782514658,-1.6111902039008916,0.0
13.74,6.038005088794041,-1.465707172524998,0.22430628798207217,0.5036505514839259,-0.2934971843475379,-0.021779300871753962,0.42784709245753183,0.8794377490397487,-1.602698556961646,0.0
13.76,6.049023424806597,-1.470326651985902,0.22299892231591847,0.5788025192310585,-0.19641042616812096,-0.09335893992526936,-0.5468596216271309,0.9142983341478622,-1.6025896593020599,0.0
13.780000000000001,6.060173358487691,-1.476331620067569,0.22071158768061203,0.5432402217876939,-0.36865687086199783,-0.13260831948361418,0.46519833810138084,1.0171878110679577,-1.610570197138227,0.0
13.8,6.071683508468755,-1.481953315492614,0.21772091937664984,0.5914305862751157,-0.21912317844178242,-0.15488458706231945,-0.5224314130346666,1.0277312314315754,-1.6261076810113984,0.0
13.82,6.082617189424119,-1.4879119901047186,0.21464829856546103,0.5115476586075406,-0.3451697475224828,-0.14970289155031427,0.42452173953338734,1.0858532690392084,-1.6481044616061131,0.0
13.84,6.09333528122311,-1.4921085802537337,0.2122469704721673,0.5494163434360766,-0.11909695455007357,-0.10085400317728695,-0.5450364085039531,1.0470736625205435,-1.6752054056755048,0.0
13.86,6.1029562114982525,-1.4962947075572335,0.21171859652192404,0.43010705941997057,-0.2711627777580308,0.025458568828376167,0.41611343701385245,1.0478741724657767,-1.7057682581961622,0.0
13.88,6.111405544417927,-1.4993890019138494,0.21296998311316878,0.4126991712534977,-0.08154231893927766,0.09748659412002804,-0.5368748459919639,1.0422499783951995,-1.7831415207213512,0.0
13.9,6.118510190669343,-1.5025297715340944,0.21557799275632702,0.32505429625258947,-0.20520428294938317,0.15082602643570084,0.40991704419525155,1.0069365440493494,-1.8665371622030922,0.0
13.92,6.1256052980903,-1.5053599556094506,0.2182615265080649,0.38147486523469204,-0.09654500085968412,0.11882044221811235,-0.5190209803440697,0.9933312247195124,-1.9393103845406994,0.0
13.94,6.133049857924979,-1.5084173023073144,0.220697158217201,0.3634933115059512,-0.1957527876412979,0.12226806582179486,0.3309068092658307,0.9388892168339937,-1.9950680227007038,0.0
13.96,6.141277245689514,-1.5114037560150173,0.222954955790423,0.44893275468373756,-0.11509964861591458,0.10821389348368696,-0.41420344899531686,0.9459587297295737,-2.02947988110646,0.0
13.98,6.15032329147195,-1.5148683912693635,0.22476069847247312,0.45690494657240927,-0.20289211346239852,0.08108604236335333,0.3024127169784664,0.8741784857671797,-2.0401365958773265,0.0
14.0,6.160792842149901,-1.5169695051348955,0.226058640074612,0.5677952235431117,-0.04133558384361073,0.05592745254121954,-0.494634926210942,0.8941537208902903,-2.0261466439924263,0.0
14.02,6.171788395182327,-1.5193494265876926,0.2266723770976302,0.5385299241282858,-0.1632450038597558,0.011008456669049255,0.38266885571998055,0.8177112072566675,-1.9886375998023476,0.0
14.040000000000001,6.183419896749508,-1.5205644997123782,0.22593266608423795,0.6028775225313471,0.0008316972084744731,-0.06815082876734724,-0.608556357197833,0.819404073872415,-1.9303958093803173,0.0
14.06,6.193982765646275,-1.522644961281376,0.22470225224039955,0.47533305365738926,-0.1682499897819959,-0.060491194437978776,0.45031198190595895,0.7652261111505662,-1.8553463187852315,0.0
14.08,6.203383234355162,-1.5237786795000883,0.22408910701228354,0.45862411570521944,0.022479116271570614,-0.004075298079513614,-0.6153002904626086,0.7217578748182593,-1.7698339903109521,0.0
14.1,6.210370527517435,-1.5252601731259416,0.2251791358784253,0.2819745079905855,-0.13385420348846813,0.09125679009098182,0.4489516448154672,0.7079186821154151,-1.706231297582107,0.0
14.120000000000001,6.216244517816178,-1.5258505233405026,0.22706654635637052,0.30672113893116176,0.031912362357525016,0.08728779897663821,-0.6490477530352934,0.6652156578406556,-1.6751784686822733,0.0
14.14,6.221681572112338,-1.5270273368405263,0.22867606563986934,0.2586926950708605,-0.11776026494304835,0.06790667045366972,0.4396497175941338,0.7340566387789856,-1.6483302737302103,0.0
14.16,6.227783926539362,-1.52831490391415,0.22887615208670323,0.34024718947385446,-0.035534202965152875,-0.03713683533169663,-0.6018420385986203,0.7544299910419068,-1.626980142425832,0.0
14.18,6.234442395719915,-1.5308261764259372,0.22761005431794973,0.33215337962883296,-0.1868170529034551,-0.08886425087290163,0.4552327125534091,0.8490219877827492,-1.611942057362218,0.0
14.200000000000001,6.242082718924148,-1.5337029787214613,0.22473803943121262,0.41566125134201387,-0.11618727191457107,-0.1756630026547957,-0.537585426233111,0.8912120140741585,-1.604324836042967,0.0
14.22,6.250168094408405,-1.538055547121468,0.22079329746197082,0.3977315836037814,-0.29059407979400703,-0.21228657989536606,0.45873153945713746,0.9987697998596266,-1.604518256716788,0.0
14.24,6.258890978878244,-1.5429269603356743,0.21593335591524565,0.4532731602365374,-0.21458970759830406,-0.2511076272040874,-0.4930233762369484,1.029670901606221,-1.6127596907973842,0.0
14.26,6.267042483782858,-1.5492590076643773,0.21117085530078689,0.3699000611474693,-0.37999378041536463,-0.21846919946540055,0.45091669497360026,1.1236018261545293,-1.6283096017456504,0.0
14.280000000000001,6.2749369064777705,-1.5546995453896058,0.20747917292795673,0.4137652410508649,-0.20705946686417537,-0.15991389917162452,-0.5244314061997751,1.1020364853702256,-1.6505019000443413,0.0
14.3,6.282528564343872,-1.5601235628339456,0.2049483194441086,0.34704956759510286,-0.31232006647121546,-0.08718996265135608,0.40024406717676747,1.1324149127674654,-1.6781405518825858,0.0
14.32,6.289531064173532,-1.5632871747386965,0.20513632066753662,0.34723704703299196,-0.05021012090935812,0.09503011075864681,-0.503379261924499,1.0862998339014618,-1.7140002860971622,0.0
14.34,6.295539471852449,-1.565415938253557,0.20835253244624255,0.2845795169664946,-0.13799573503576865,0.19950456415006568,0.3835303212963048,1.0643325847139997,-1.8011623626386868,0.0
14.36,6.301798024534948,-1.5665116367739311,0.21269868257611152,0.3365209045947187,-0.0028052933633533634,0.23032520674887214,-0.48275182975463055,1.0362896098502887,-1.883528216911965,0.0
14.38,6.308405313268917,-1.567659432628732,0.21804218784113763,0.3258322050821517,-0.10112174592886713,0.29233576027654656,0.3094516686671128,0.986956624900631,-1.9535193878964514,0.0
14.4,6.315930543574852,-1.568745377623209,0.22370484922781658,0.41937436915767123,-0.02516809706401931,0.2755485205426313,-0.40409574756453237,0.9635517005543408,-2.0059784070620417,0.0
14.42,6.3246285553046055,-1.5708106977691632,0.2287201341189945,0.45220589224910174,-0.1491905179055,0.23197777769477146,0.3113790067151609,0.9106615633011171,-2.036703381528773,0.0
14.44,6.335131689930019,-1.5719117428647114,0.23257176929385132,0.5759125755796062,0.007829112478989245,0.1669298064249439,-0.5271839817968509,0.9332018954084138,-2.0429317266615983,0.0
14.46,6.346560462084107,-1.5733454519514227,0.23465480266385877,0.5712138696515613,-0.10864543208621497,0.056384649289078576,0.41868076234516555,0.876702849118988,-2.024082121622104,0.0
14.48,6.3588518425680105,-1.5734872835632323,0.2343973486504317,0.6368945053781084,0.04639652940630282,-0.07841002310301017,-0.6710381816311026,0.8816465728859287,-1.9813361404147996,0.0
14.5,6.370507844235367,-1.5742477319362609,0.23238060309139397,0.5346820484986741,-0.09588559220738178,-0.11484106525979447,0.3548477296465841,0.8425725609568762,-1.9176091596539304,0.0
14.52,6.380992967839782,-1.5742586353494017,0.22916436936557627,0.5085053755685198,0.06353797203911422,-0.18501377151889806,-0.6141355789645,0.8079266544330943,-1.838190217888954,0.0
14.540000000000001,6.389163870927316,-1.5759797513705107,0.22658632040125215,0.3494337650114603,-0.17451010275228782,-0.10567388150698875,0.49038375752259006,0.7332012433745349,-1.7494360732613845,0.0
14.56,6.39592025904766,-1.5773571810364146,0.22561521201144916,0.3288181071531865,0.006019129944420491,-0.0004430464517778711,-0.6299786077476575,0.6760244069066987,-1.6993038586592677,0.0
14.58,6.401264943943415,-1.5793158265266158,0.2262223008741259,0.23520468419095888,-0.1674347338259425,0.04431412116620282,0.43295826286854366,0.7183076818012295,-1.6673425863345794,0.0
14.6,6.406564193655969,-1.580970537942475,0.22697717247954702,0.2890050276049865,-0.03232085914212976,0.027866844155016158,-0.6466273863729239,0.7216929522935932,-1.6408321879878573,0.0
14.620000000000001,6.412081519257563,-1.5839502352428587,0.22754050323137595,0.2755874185007271,-0.22570648506916796,0.020823181658944683,0.45192073532503113,0.8366099434967316,-1.620678539240397,0.0
14.64,6.418658137235429,-1.5873585590577224,0.22700183108519892,0.36454490467665973,-0.14215034461774206,-0.06248552487259879,-0.6137505338672831,0.8783947317153113,-1.6081866059251069,0.0
14.66,6.425861067126765,-1.5923967951260891,0.22553303565886246,0.3611126187438789,-0.32253599606973365,-0.08934518520492897,0.5006717482326997,0.998422976694937,-1.6036109395637013,0.0
14.68,6.433917086152094,-1.5978368902450355,0.22278938005325133,0.4278709796574837,-0.24409881165763977,-0.1708494766897514,-0.5001404992105287,1.0463190260138244,-1.6074038138450057,0.0
14.700000000000001,6.4422497932913245,-1.6047276567957707,0.21867489316644534,0.40272016324192367,-0.41473420895919977,-0.23199853557530214,0.5137922580286083,1.1366455075177164,-1.6189121529823627,0.0
14.72,6.45094209370867,-1.6094059883915974,0.21675395163005617,0.44191459089363444,-0.0999029525281306,0.011897074139351146,-0.42890170954555923,1.1662588707350485,-1.6370184904410505,0.0
14.74,6.459089092211207,-1.6124878182780846,0.2177651625913969,0.3941602364401792,-0.18887465540948808,0.07119494503893457,0.39545731313372096,1.1114081198405108,-1.662949269305935,0.0
14.76,6.467862360499446,-1.613443697731753,0.21975581491001533,0.4758351064792249,0.02693315017986941,0.10697090193027815,-0.5388128147983493,1.0733913748891097,-1.695209362996086,0.0
14.780000000000001,6.477485750137697,-1.6145344615903399,0.2217725816076271,0.48908659499948587,-0.11397278664546366,0.08736976544018188,0.4382321718255197,1.0814892689966602,-1.7499204006804139,0.0
14.8,6.48810459216113,-1.6146767685816201,0.2224367438642962,0.552759671511694,0.051174777391993845,0.0013703200013817289,-0.589440881966822,1.0400620264464053,-1.8372179221452096,0.0
14.82,6.498638651745602,-1.615304861705709,0.2225242431378801,0.5132097336100846,-0.08786194090582808,0.004198867957145108,0.4712618307252138,0.9943669363713888,-1.9144870903537194,0.0
14.84,6.509825370553822,-1.6157642370976009,0.2219222648044792,0.5965271239196899,0.01809348407664872,-0.05267796550056669,-0.5656523305922552,0.9931983594298445,-1.9765208296689907,0.0
14.86,6.521676115339344,-1.6170822284367996,0.2207268167025429,0.5952155652661427,-0.11812822323160783,-0.06539241814553923,0.38655001782969384,0.931087461629779,-2.0185230734297024,0.0
14.88,6.534743540869895,-1.6179619071756848,0.218533772873037,0.6925496342187792,0.009752090692220695,-0.14030704815042053,-0.6018550224427066,0.9481984321463905,-2.0373442082878506,0.0
14.9,6.547993587541848,-1.619516484229529,0.21595545464789512,0.6374452093957136,-0.13239583958525133,-0.11230392972244861,0.36861358846068926,0.8940310527525461,-2.031158938531609,0.0
14.92,6.561477930463827,-1.620524987227764,0.2134990998929847,0.693474427454204,0.005822084626894059,-0.12328359372759093,-0.5729033033872053,0.9041373219452694,-2.0007936194467177,0.0
14.94,6.574257666691253,-1.6221938034594436,0.21193132689623942,0.5981953059236212,-0.14018734372771458,-0.04163738814441274,0.3517160194556937,0.828791280942438,-1.948803477469,0.0
14.96,6.586343659108225,-1.6237308937367723,0.21111597556721062,0.5991256317891746,-0.03583983999558165,-0.0333907123341105,-0.5245697380529979,0.8223526363029952,-1.879600943104595,0.0
14.98,6.596628922637335,-1.6268610617008277,0.2120154940082508,0.4595921347496024,-0.23713611859901568,0.09605005397531197,0.3527682416686539,0.7379498361889536,-1.7982373998193009,0.0
15.0,6.605849073177882,-1.6302051828717112,0.21482481485586594,0.46290310877074214,-0.11018307251044965,0.18734828900795392,-0.4657293558251711,0.7099328742064187,-1.7116123952065965,0.0
15.02,6.613730449428538,-1.6340891878942854,0.21942847638241528,0.3540503442701725,-0.24414915522196967,0.26376697920319103,0.3581847518089468,0.6784917336637161,-1.68110561962261,0.0
15.040000000000001,6.621318388555346,-1.6373900881656311,0.22426521207864802,0.40231585920828455,-0.12496126364899211,0.22087153538957943,-0.5399940579295077,0.680935220706287,-1.6545218255105738,0.0
15.06,6.629175673199232,-1.6414730195838814,0.227748428954347,0.39323525158472095,-0.2531785209483195,0.13242235014137185,0.43821084373755964,0.7275561935953104,-1.6329105955799352,0.0
15.08,6.63776996847296,-1.6453453789996684,0.22922234975301523,0.45244047461956677,-0.15092506315523097,0.04027643777065967,-0.5146103003424382,0.7672349189567026,-1.6169377722653246,0.0
15.1,6.64668858390128,-1.6500568762514798,0.22903681530256642,0.4479850581479503,-0.2897718042026459,-0.04788145035969054,0.46370292678161656,0.8662898342176552,-1.6075034097149692,0.0
15.120000000000001,6.65649705857753,-1.6544843061363153,0.22679033306285865,0.5169533177222781,-0.18048140335775703,-0.16167309426025123,-0.5592884460851961,0.9116840335035981,-1.6056934191448728,0.0
15.14,6.666590967496248,-1.6598330973040727,0.22291450210271196,0.495757982965939,-0.3266088709784397,-0.22045144989334237,0.46098012509264114,1.0172429285527056,-1.6113127933554954,0.0
15.16,6.6769302189421165,-1.66479689095476,0.21793565548058746,0.5219204773840552,-0.18940355515877727,-0.25233373828052924,-0.49154479883005214,1.030914969004742,-1.624143563497667,0.0
15.18,6.686448004041935,-1.6699811803155826,0.21305655707009746,0.44066579819989604,-0.2975920425406012,-0.231417539187229,0.41886565508428136,1.103278798449427,-1.643396888661121,0.0
15.200000000000001,6.69554811079141,-1.6731470840566613,0.20926431762439976,0.46735524782578347,-0.06668919025396586,-0.16226728851308828,-0.5281809077455935,1.0631485860242715,-1.6682702993339205,0.0
15.22,6.7039344307967434,-1.6758330155902754,0.20741269843801122,0.3743241754644655,-0.18674418822465882,-0.022288885258893127,0.366547412650904,1.0755403995959567,-1.6973680483173776,0.0
15.24,6.710824507421714,-1.677202278457367,0.20878144371484175,0.3210005088477266,0.008967322520631255,0.1439291703438417,-0.4900283439924424,1.0528083032476239,-1.7639375376225062,0.0
15.26,6.716058549088589,-1.6785769061254776,0.21300679730453595,0.23298357487100127,-0.11759349162759895,0.2565526272270582,0.36557061096863,1.0318602312780942,-1.8489022003001792,0.0
15.280000000000001,6.721145998044756,-1.679417546372694,0.21807727900154997,0.27616048593801124,0.006095180996161471,0.25112593790992416,-0.49702236619037604,1.0114196890922253,-1.9255292354226015,0.0
15.3,6.72663489463924,-1.6806281851396463,0.22315347365406565,0.2759825279823579,-0.10841694698776691,0.2512350632617198,0.34435450471978346,0.9601635917988985,-1.9866467593618928,0.0
15.32,6.7333583283025895,-1.68170908151878,0.22742502874221981,0.38385802931015994,-0.018773958611256608,0.1882706518342382,-0.4539273588187854,0.9577757534485645,-2.027249751408817,0.0
15.34,6.741336363629873,-1.6835954127684492,0.23020265828085765,0.4133471367051412,-0.1355152538668856,0.10301841019557333,0.3750328582395131,0.8989504408216676,-2.0439147571389973,0.0
15.36,6.750805644143001,-1.6843625016789068,0.23118853037576775,0.5134236942546134,0.017427533643757702,0.0062503063565227494,-0.5920363788168035,0.9216214844677716,-2.035084251051333,0.0
15.38,6.76088295586857,-1.6856036264968006,0.230085868804467,0.4960003949990785,-0.10650633519974502,-0.10673000183806267,0.40385589852864445,0.8675985466290388,-2.0013593542825774,0.0
15.4,6.7714021592152225,-1.6857971958379274,0.22674684750844876,0.5383439464003822,0.05433951040736046,-0.20787359944952144,-0.6312325195545911,0.8758915874760669,-1.9451237689407463,0.0
15.42,6.780721482750834,-1.6867203078327138,0.22278804815385536,0.4112088919722825,-0.11474392016188725,-0.1910237678115804,0.37092124747028715,0.8179245275339573,-1.8704630334056267,0.0
15.44,6.788704287537435,-1.6872597097455388,0.21870390752899768,0.3823649397563339,0.033603577142589436,-0.1967547069925298,-0.6008783144405727,0.7796833447935454,-1.784137632287686,0.0
15.46,6.79413553746775,-1.6894439030442374,0.2163364334050549,0.20370016106035915,-0.1917389369346283,-0.06412865184256004,0.46029132798952505,0.7068446035258042,-1.70792390935984,0.0
15.48,6.798220751780761,-1.6914439659986102,0.2158670088423909,0.21260708116347468,-0.04789470528038226,-0.007604487571640683,-0.6559161070627797,0.6718248294695157,-1.6737119959430995,0.0
15.5,6.801863763954553,-1.6943623913461756,0.2162800751761492,0.16917557678768333,-0.21519265862284964,0.03225038541852252,0.4107180519126703,0.727429950231967,-1.6441593767988143,0.0
15.52,6.806168188418118,-1.6975447016949912,0.21668252393198817,0.2509997542752163,-0.12482951466209775,0.011423424020661006,-0.5184813095946168,0.7498539980021762,-1.620669448284524,0.0
15.540000000000001,6.810991832682156,-1.7022763102263883,0.21684054399545408,0.23958557679292788,-0.31236469489227825,0.006030786736377411,0.4383896094652873,0.8456764480742921,-1.6043367543254536,0.0
15.56,6.81700292913733,-1.7074495665874172,0.21616352983456139,0.34316661744906357,-0.23816448070777627,-0.061432253052851625,-0.5816917764166323,0.892438495872728,-1.5962390779339617,0.0
15.58,6.823848733627661,-1.7144016425725443,0.21483739142441577,0.3455433302226305,-0.42049316108477763,-0.07843658720162475,0.4914208204847322,1.0065191021621989,-1.5965285105627056,0.0
15.6,6.831647971886487,-1.7219283755795045,0.21300999985981656,0.4124340032913318,-0.3434295896496107,-0.09219537481719897,-0.47865073902321326,1.0512108145405954,-1.6052906668436118,0.0
15.620000000000001,6.8390990356615475,-1.730678438362945,0.2114884979529685,0.33869853095030744,-0.4984914968331807,-0.053931054125509956,0.42089991180470326,1.1475542654790116,-1.621897834199523,0.0
15.64,6.846245725528599,-1.738747393177042,0.21118072371354218,0.37286189637254336,-0.33480685981269803,0.028082423291230795,-0.45900252114619344,1.1399967878696657,-1.645623476754265,0.0
15.66,6.852901290938665,-1.7465351566033644,0.21250565939729055,0.30246846262504207,-0.41773079315624756,0.08749020863100232,0.40795250547800527,1.173342976805174,-1.675299589181592,0.0
15.68,6.859720905302795,-1.7517815910275831,0.2152115585630882,0.3715067730713085,-0.1726627169818447,0.16056854046402955,-0.5077326872933787,1.1150166557993442,-1.708988916064634,0.0
15.700000000000001,6.866746850033098,-1.756425900388762,0.21858577323896608,0.3365583764645484,-0.27606851716708447,0.1766993990421107,0.40205510396635674,1.0959227244789207,-1.793750010743238,0.0
15.72,6.8742178924564,-1.759831931718866,0.22170736836220764,0.39947440926887795,-0.11094128349532122,0.15306094806819218,-0.5252502659833984,1.0645350087652767,-1.878028043114628,0.0
15.74,6.8821657900336435,-1.7635262143360517,0.2243801299662842,0.4075263558815714,-0.23182576561182833,0.11313891284398055,0.4600546026708337,1.008918571811025,-1.9498647826539048,0.0
15.76,6.891654994363935,-1.7666675369678069,0.22586515514057748,0.5239822909414315,-0.10942458568364416,0.044329618258898924,-0.5700188150549266,1.0005875498286274,-2.0038372964322178,0.0
15.780000000000001,6.902292847370628,-1.7703058273571708,0.22609119433322813,0.5424941635945489,-0.22525796482388322,-0.012712973590339127,0.40110137459016426,0.9381133587810435,-2.035417923654286,0.0
15.8,6.914493496084931,-1.773134937700642,0.22468200187249235,0.6541632468400287,-0.09308696015999011,-0.11759630257477739,-0.651165509027025,0.9443722683136323,-2.0422415085636287,0.0
15.82,6.927106494642221,-1.7764137602504655,0.22188324626197942,0.6059847706830626,-0.2092314016993461,-0.1514543627906737,0.357703059338647,0.9009396411537188,-2.0235025729837077,0.0
15.84,6.939867092599048,-1.7786128869784927,0.21828035592020006,0.6536013995608847,-0.038213696607071135,-0.18947771580256864,-0.6165452025419509,0.9051807780300624,-1.980735157239078,0.0
15.860000000000001,6.951583591864849,-1.7811318399129517,0.2151027948796777,0.5396875560456899,-0.1802962949183746,-0.1357353822010885,0.37882838627935767,0.8243199795252207,-1.917485520349172,0.0
15.88,6.962503604983499,-1.7831663644158229,0.21220747704951137,0.5389034538918576,-0.05032353582410734,-0.14352899998374136,-0.5832829369641701,0.8058418348885135,-1.8393218092916335,0.0
15.9,6.9713584548398835,-1.7868171382726823,0.21090205618732014,0.3874996281133196,-0.2691527707252163,-0.017200903105796188,0.4005731198965867,0.7219064572513552,-1.7518726163801728,0.0
15.92,6.979320477692081,-1.7908055100512683,0.2114064358315726,0.4066829328603069,-0.1377205370755436,0.07277296880443426,-0.48972647267459213,0.6912647419876896,-1.6926945742553605,0.0
15.94,6.986202777873715,-1.7950430289741688,0.2140137164686982,0.30876234639268524,-0.2576212619108682,0.17437840736010662,0.35714873967876354,0.6839892653981637,-1.661400078946063,0.0
15.96,6.993054847011013,-1.7986545552281812,0.21773717024666311,0.37197036580798704,-0.14252803933823457,0.191451353627756,-0.5060080292049149,0.6991931737308965,-1.635564257786622,0.0
15.98,7.000338149474125,-1.8032762047532065,0.22113929457829049,0.36465394817291935,-0.2918999536818664,0.1521830301269632,0.4070823577190323,0.760799094900809,-1.6165182282938309,0.0
16.0,7.008714694987936,-1.8080625853898535,0.22345155295367766,0.457617745209977,-0.20613899047865528,0.0976373426505471,-0.5124315140076364,0.8051384852027734,-1.6047846537072128,0.0
16.02,7.01785051559078,-1.8141424901175518,0.22484259176697072,0.4615084187893979,-0.37053826092147674,0.04565170999337178,0.4493395512658825,0.917567782738807,-1.6008465056460712,0.0
16.04,7.0281521399771565,-1.8204777590241117,0.22455256459928813,0.5465219201901548,-0.28703900685031175,-0.055580061422805124,-0.5300022970572271,0.9642417434115044,-1.6052782654638165,0.0
16.06,7.0386596242084,-1.828162346638852,0.22280551210358243,0.5099365640711387,-0.4476464754347675,-0.11449627952345175,0.48730519024521374,1.071761396114838,-1.6172200011190885,0.0
16.080000000000002,7.049316319307861,-1.835392549256136,0.21998204201090923,0.5388562569175688,-0.2987069212266086,-0.14900185143149036,-0.48459058827656104,1.0889452910843358,-1.635926413307008,0.0
16.1,7.058878701911482,-1.8427058726209806,0.21696151067455258,0.43026203821085407,-0.40345330146040626,-0.14791807382393485,0.44971234862313597,1.144230056549859,-1.660175192716526,0.0
16.12,7.0678012350677415,-1.847930045016102,0.21458281633764567,0.4591864936893842,-0.17332763724508068,-0.10082270651161353,-0.5279026107534361,1.1027833730141343,-1.688656717225721,0.0
16.14,7.0762735155268315,-1.8522712559231256,0.21294910024479452,0.3908545302244223,-0.2506784408763085,-0.05542249337125749,0.4031114317916244,1.095609106854662,-1.7297444348876543,0.0
16.16,7.084120557536077,-1.854667303722639,0.21258882758486183,0.3908256562838087,-0.03972441311242902,0.025427501551523644,-0.5341168139840295,1.0463751338470488,-1.8150612353341526,0.0
16.18,7.091253391966376,-1.8569276995108366,0.21387077883487032,0.3501206068600855,-0.15791560829204812,0.07870072180713983,0.4224783913677871,1.0033295823788435,-1.8935971257884594,0.0
16.2,7.099283936290067,-1.8586300138791922,0.21508830329594422,0.44259225515388423,-0.03375381923698692,0.04662404879520498,-0.5457165307635823,0.9873340800732614,-1.9596608607561543,0.0
16.22,7.108172964759227,-1.8606730225215036,0.21645142843443882,0.44336079849314514,-0.15417530461985884,0.08778712513043822,0.35094757442119434,0.9287216144565377,-2.006947817875452,0.0
16.240000000000002,7.118208221011842,-1.8625330721915696,0.21811016267517966,0.545109223352415,-0.04787722235361766,0.08737114657529352,-0.48236308536844524,0.9343248197942532,-2.032108798970482,0.0
16.26,7.1291400261690345,-1.8648984009862584,0.21994750662959153,0.5518049767116605,-0.15679186443005869,0.09739749965489836,0.35630317293845776,0.8725830434156754,-2.03343578636307,0.0
16.28,7.141533408775437,-1.8661170488213463,0.22134199020542625,0.6662469221385916,0.0009278225177557047,0.05016810616593264,-0.5761947554065754,0.8929308998814879,-2.010835180542361,0.0
16.3,7.154433729880332,-1.8677531070867268,0.22192753005330343,0.628597043290025,-0.12990603324464658,0.012314948075368233,0.39376009318347305,0.8398279648459702,-1.9656378298525854,0.0
16.32,7.167590160840279,-1.868455038493363,0.22139216062504058,0.6689580756027611,0.0268878488327053,-0.052111667609711886,-0.6169470946155442,0.8460854454019651,-1.901068087763195,0.0
16.34,7.179567900450173,-1.870020459107225,0.22048596898422682,0.5542663593189893,-0.143864336819436,-0.04937438572760922,0.41369000637158326,0.7819910547395942,-1.821815683638329,0.0
16.36,7.190566187999275,-1.8710924499917245,0.21979455182773697,0.5348243600213484,0.020458522478574895,-0.005325110088927583,-0.5801944554600986,0.7536066208481248,-1.7344669570048976,0.0
16.38,7.199135656942934,-1.8725291286012888,0.2206597899168235,0.3626111612522993,-0.12587975712284025,0.08508346269482625,0.4161039245496008,0.7229125158992028,-1.6909231501482604,0.0
16.4,7.206586130570289,-1.8732419514442096,0.2224526463560737,0.38718605830290265,0.014856073092361607,0.07996032368154994,-0.6201779101840561,0.6921115652729832,-1.6607173910412532,0.0
16.42,7.213869397724551,-1.8746541188458903,0.22403222968536232,0.35537190205385644,-0.13228112909275555,0.07383588299446128,0.41418042744498273,0.7487344716767091,-1.6356441207089927,0.0
16.44,7.221988256441228,-1.8763364919890935,0.22470627261557066,0.4431917400976824,-0.057211812710507876,0.00895905065074222,-0.5167079971771702,0.7690255158806287,-1.616803733187944,0.0
16.46,7.230721346453675,-1.8795938914466024,0.22422947687819286,0.43689790851779187,-0.23462036632251726,-0.05319540872186062,0.46183953619929746,0.8702150575368942,-1.6051692101426944,0.0
16.48,7.240452285334582,-1.8831602652258705,0.22227222592036897,0.516125505270391,-0.14380378727982152,-0.12464601149771701,-0.5282530268576988,0.9200996473230977,-1.6014688447856837,0.0
16.5,7.250278235496505,-1.8882539955053042,0.2195383761434981,0.4741473221145875,-0.32956456346560725,-0.1438188551032825,0.48250224264914837,1.0252232655187663,-1.605690998780878,0.0
16.52,7.260452944403931,-1.8933542123429592,0.21635185606854027,0.5277246215919357,-0.20838600237382787,-0.16746415967489084,-0.5249075993456063,1.0443620099767603,-1.6179591930113033,0.0
16.54,7.270209007609777,-1.8994382052156096,0.21311527582831943,0.45411145876835785,-0.36563112234079204,-0.1540254108909636,0.45346604054975287,1.1132594011988006,-1.6374347694664992,0.0
16.56,7.279767009745677,-1.9044119149477459,0.21061996658732948,0.4945487849636571,-0.17512727065603995,-0.09997346764038559,-0.5175017929956129,1.0889237892929262,-1.6627671509434616,0.0
16.580000000000002,7.288823214764886,-1.9091894414654889,0.20933627703847518,0.41332737635050965,-0.2854959577745688,-0.020207975691941507,0.3930531824084956,1.1052409330181858,-1.6924689025753792,0.0
16.6,7.297006959350016,-1.9120819549644401,0.2103285218530486,0.4013502511629074,-0.05256547217975523,0.11296189453961074,-0.5193101877536452,1.0623833788302663,-1.7495756563713742,0.0
16.62,7.303951522271093,-1.914539368295814,0.21347439557487938,0.32636414335848096,-0.16334508439178527,0.17419450619016275,0.41871522209521117,1.0367362495327428,-1.8355023908703583,0.0
16.64,7.311118905020542,-1.9161817646322923,0.2165807262503607,0.38429778349235705,-0.033076278552064436,0.14338557543563502,-0.5474526785921219,1.018108427373124,-1.9136407520729393,0.0
16.66,7.3186778461359285,-1.9181198867910028,0.21964800581067262,0.37369373602115497,-0.1468327033401145,0.16056732066045565,0.36589877314431735,0.9599693596124133,-1.9764931412297955,0.0
16.68,7.327308411174748,-1.920068785749421,0.22228127814488038,0.4783228933094632,-0.06354869765431259,0.1120826386726293,-0.4782373254292664,0.9475960616726677,-2.019475376134256,0.0
16.7,7.337002163579617,-1.9228691372818998,0.2240443095077976,0.4905970900021569,-0.1842059447330951,0.07624414846590101,0.34548797252261226,0.8907543653555563,-2.0391935756129516,0.0
16.72,7.3481814238650855,-1.924698625700604,0.22493081653883495,0.6065554616387184,-0.030006415375578854,0.023961451563355395,-0.5570282268914999,0.9180784301624209,-2.0339612471480595,0.0
16.740000000000002,7.360022680572973,-1.9268441772189757,0.2247842603431543,0.5825320104359549,-0.14917291599942026,-0.030714311078895218,0.39962292798217186,0.8570891683909088,-2.004277845690244,0.0
16.76,7.372498032311551,-1.927860017535734,0.22323751728691651,0.644435334806619,0.010456264260793753,-0.10964875305872306,-0.6277911509919802,0.8644598656237954,-1.9523262962386412,0.0
16.78,7.384109903032989,-1.9296410064463314,0.2210862798473488,0.5361546474196074,-0.15433266027149167,-0.11367009341610607,0.40529035213304837,0.8059829014032033,-1.8817494383529616,0.0
16.8,7.394848063149649,-1.9310298287284517,0.21856548653593738,0.525765746108522,-0.0029485565937630975,-0.11555042142198808,-0.5799446057673785,0.7788359152820394,-1.7984497877706167,0.0
16.82,7.402918341922788,-1.93341455518226,0.21788725059805,0.3260356457578003,-0.1859230783337905,0.027434810821572696,0.42651434173771313,0.7156176744920592,-1.713836777775547,0.0
16.84,7.409409682265196,-1.9350321885786632,0.21904329948509996,0.3293034071029128,-0.019935356072772675,0.0662678108976748,-0.6439479712000846,0.6767804671180139,-1.680664810689194,0.0
16.86,7.415190430128619,-1.9370982522161153,0.22062755777267679,0.2698802346230081,-0.16105750768408605,0.08112085235770414,0.42611336795841226,0.7174050454573666,-1.6516673179799664,0.0
16.88,7.421419929601665,-1.9392232786942343,0.22179889582944476,0.3445775750215847,-0.07340232404553186,0.04000434250732855,-0.504232831361344,0.7312415397467199,-1.6279918805298081,0.0
16.9,7.428071138748457,-1.9426510999995628,0.22206370094000072,0.3270986568477177,-0.24155406169286409,-0.0026885622315644137,0.42687665223260446,0.8208967377206409,-1.6108598703676331,0.0
16.92,7.435730597411971,-1.946335806407581,0.22108930862422638,0.42036771147664287,-0.15768886904422558,-0.07969868172033984,-0.5619438828473098,0.8621675801165003,-1.601248647447055,0.0
16.94,7.44398290419971,-1.9516232940559657,0.21923257559108178,0.41173073305650015,-0.3357216615054263,-0.10914340436766888,0.4777392218087985,0.9718261922631855,-1.5996380896369808,0.0
16.96,7.453179626194037,-1.9573075978820165,0.21637462571115507,0.4855231165666215,-0.25158913668503435,-0.15706602309145581,-0.5082964342858232,1.0092347909662873,-1.606376795652733,0.0
16.98,7.462190852005346,-1.9644270770551764,0.21334998880516656,0.41945413267447,-0.42535293828505605,-0.14055344527237007,0.44515558927207594,1.1090869107264503,-1.6207450887125316,0.0
17.0,7.4709959884801345,-1.97108538391191,0.21108743207693387,0.45172931614365075,-0.2737771699598327,-0.08696886131339933,-0.4903051026486244,1.1011111035383696,-1.6421457607690386,0.0
17.02,7.479157813581011,-1.9778048912713746,0.20973986007629108,0.37341483611141174,-0.36903012319161427,-0.04753131597902048,0.4041862273127552,1.1387253470728462,-1.669512794880607,0.0
17.04,7.487157128936093,-1.9820200422767877,0.21014246087607427,0.41587803389975714,-0.10560509327942738,0.07320281205772201,-0.510026423759478,1.0913611530525256,-1.7007526713976826,0.0
17.06,7.494535434544224,-1.985411926867619,0.21266684253369417,0.34467617958662106,-0.2112003501206806,0.15523908443899484,0.3972731779280983,1.0707983668020598,-1.7740211624654734,0.0
17.080000000000002,7.502016942768874,-1.9876075900716126,0.21581008078010802,0.3956184247807117,-0.04945884743833613,0.16407034028699774,-0.5228938826726721,1.0487830713982265,-1.8591990294258502,0.0
17.1,7.509734126536091,-1.9899421589056143,0.21914397460978902,0.3884642683877267,-0.16284359047082572,0.1647735047843134,0.38986383900059823,0.9990262271863964,-1.9337031385212815,0.0
17.12,7.518724467907228,-1.9919806627761967,0.22160962344523383,0.49791313644958307,-0.060802558143770696,0.09489161389155246,-0.5135600218276556,0.9754804110601683,-1.9917237096698053,0.0
17.14,7.528771385819707,-1.994745587239556,0.223062755487582,0.5067988774550626,-0.18880852003648893,0.06252217770159493,0.3738577174865752,0.9159270131421916,-2.0282098231828374,0.0
17.16,7.540309512198704,-1.996897525598873,0.22350495539485565,0.6274999469666469,-0.05460037737001103,-0.004683012375849148,-0.5755938221891213,0.9357081975394329,-2.040424938535287,0.0
17.18,7.552699531091261,-1.9995171850047382,0.22279715676546552,0.6147649775713455,-0.17266533174581658,-0.05871898905370903,0.40467982008441394,0.8795948948077269,-2.0275309368014427,0.0
17.2,7.566028325661442,-2.001104235181973,0.22076279004120922,0.6968101959560791,-0.017859038825427782,-0.13145734045014343,-0.6226665282776618,0.8975020569147178,-1.9904226615730138,0.0
17.22,7.578842123414512,-2.003223577308269,0.2182273847685207,0.595700211320801,-0.1626253698442814,-0.12185086680409837,0.37441919925730743,0.8379526282063684,-1.931734029611924,0.0
17.240000000000002,7.590859090868572,-2.004790968010976,0.21543982414286533,0.5928635185720228,-0.021386166304971643,-0.14425506873064425,-0.5750915232889722,0.8253494173098709,-1.8564589531430948,0.0
17.26,7.600690655589043,-2.007780175844392,0.21385143457666164,0.4293649338325104,-0.22825447303174326,-0.040851568021670906,0.40000375207839256,0.737875579837076,-1.7703592381863684,0.0
17.28,7.609277874775343,-2.0104447509283268,0.21405499226272232,0.42800355798074696,-0.06485996502591826,0.050183901606885004,-0.545164700782953,0.701399565429226,-1.701037741879179,0.0
17.3,7.616307527048046,-2.013461261169672,0.21594854052955997,0.30549269150670283,-0.20630365551746666,0.1305540109083362,0.391207262775481,0.6977236907921973,-1.6690690474880128,0.0
17.32,7.623012524686303,-2.016067561873057,0.21856630966094942,0.3636683958779202,-0.09061896559686566,0.12468799426130141,-0.5388887837454273,0.6922623895901646,-1.6418071967002925,0.0
17.34,7.630125384799462,-2.019621702498859,0.2206452888268834,0.3557044812724668,-0.23940599084623407,0.08403731281446702,0.41892642982034695,0.754172710001659,-1.6206650095442523,0.0
17.36,7.638256957301692,-2.023404087673284,0.22167298986249623,0.44172191543820166,-0.15362954322834585,0.036988510607219145,-0.5043471509154533,0.7972053876428024,-1.6063967579667122,0.0
17.38,7.646993077640544,-2.028489842038291,0.2220271162752035,0.43696707429783244,-0.32612064547185715,0.004563966266728612,0.4324057938246273,0.9095606857842967,-1.599802358792816,0.0
17.400000000000002,7.656733183450052,-2.033936828447978,0.2212830581400328,0.5165338802955189,-0.2446621606267099,-0.06376536127814902,-0.5353668946392262,0.9516307637482568,-1.6017472229327212,0.0
17.42,7.6666481947529155,-2.0409348831708014,0.21961529485936016,0.48148964586159915,-0.4183730446447869,-0.10061378044552702,0.4811957058939866,1.0576088340546348,-1.6117654756138768,0.0
17.44,7.676899184790929,-2.0476505090332964,0.2172055184750857,0.5274291782086097,-0.280170205625267,-0.12962382537145725,-0.5056358153319571,1.0749808631113922,-1.6291906618045107,0.0
17.46,7.686497186917757,-2.0548100132722236,0.21461991075259423,0.44031433844968954,-0.4045813562918419,-0.12505650981612668,0.44331762764666555,1.1357438536161018,-1.652743459184717,0.0
17.48,7.6956870834829845,-2.060249495779226,0.21270364480236606,0.4737819739895596,-0.18747901214743148,-0.07333867377448477,-0.5150918188049783,1.1004996775189695,-1.6809416963400003,0.0
17.5,7.704266186702261,-2.0650509912656205,0.211988647646984,0.38591515332909926,-0.28121316296013243,0.00975554989081454,0.38857791357472227,1.100995117293022,-1.712162915841903,0.0
17.52,7.711868813377293,-2.068105503266185,0.21311817044645553,0.37485000657380985,-0.07219946958386225,0.10241731779132841,-0.5173036668553208,1.0578117569719636,-1.7989355374831402,0.0
17.54,7.718577174458601,-2.0709598296291847,0.21581396455119967,0.3253893332383043,-0.1850272667694993,0.14552241248675013,0.41670630264550806,1.0193466784874667,-1.880550417944786,0.0
17.56,7.7260157601132065,-2.073187288270283,0.21817722909286352,0.40836401486724694,-0.06311457465287032,0.09740786102756785,-0.5445725355696522,0.9982142680500251,-1.9506553691955804,0.0
17.580000000000002,7.734179313385497,-2.0757750940201016,0.2202152000613248,0.40700922497236747,-0.17877613270910517,0.10782649603509283,0.360265723222261,0.9394371948778091,-2.002571039002702,0.0
17.6,7.743579795306479,-2.0780440470880497,0.22180015409450185,0.518224276345149,-0.06809051084999926,0.0661440445316325,-0.5073407733494308,0.938831578932882,-2.032504080282243,0.0
17.62,7.754002104469263,-2.0808741726694184,0.22279991339761226,0.527074717845691,-0.18210140023370977,0.039534239660934875,0.38226406666885454,0.8769448194362842,-2.038202878201415,0.0
17.64,7.7658579125525184,-2.082670450455028,0.22278261419706108,0.6371214139981597,-0.033904630155552694,-0.03189556816676464,-0.6015769143011047,0.8987441036988733,-2.0192251923042015,0.0
17.66,7.778166336541881,-2.084992512927417,0.22164871670741734,0.5963647532230586,-0.16538967662343435,-0.07657203463693649,0.39442766345871305,0.8460803069161964,-1.9767275265163224,0.0
17.68,7.790629733477408,-2.0863666078568843,0.2194932989917143,0.6325942146172312,-0.0021339150417032573,-0.1235108057866964,-0.6023078431206736,0.8528059954060841,-1.913856668628199,0.0
17.7,7.801836498981997,-2.08850590099345,0.21744612370987232,0.5138879871214593,-0.17445937087492125,-0.09310844252261952,0.4019491047868363,0.7762356696545769,-1.8353944960524593,0.0
17.72,7.8121288468242485,-2.090382396539971,0.21567975095977096,0.5056103483013018,-0.026915546203237748,-0.06307038458725207,-0.5668770180717231,0.7496620445808689,-1.748072647720278,0.0
17.740000000000002,7.820087479005578,-2.0928877363823397,0.21574665878725735,0.3307368049322906,-0.1811254318139517,0.05790940871852734,0.4199849667168372,0.7025661188316872,-1.6935410336907775,0.0
17.76,7.826921475896141,-2.0946784253149864,0.21718534611158571,0.3576184246152924,-0.039464495238394307,0.06610482942679956,-0.6030375535344039,0.6796151349952521,-1.6621434350316884,0.0
17.78,7.833630813964177,-2.0970837803994673,0.2185621749795164,0.3258156146853214,-0.18034133189877913,0.06351427266133187,0.4215510936467781,0.7269307303780727,-1.635826852797154,0.0
17.8,7.840951917470749,-2.099682633834317,0.21967612551503587,0.39418566260452176,-0.08822060313283087,0.057464944901376734,-0.47500798912487596,0.7544997919949195,-1.6155303889233685,0.0
17.82,7.848605656373188,-2.1032798442267926,0.22071812542972138,0.3780985208784728,-0.24520156732714604,0.05576838175482338,0.3784641402755234,0.8530261592259967,-1.6027182857299422,0.0
17.84,7.857191377282079,-2.1071077405664314,0.22122026165607353,0.46305640104771284,-0.16968894482424351,0.004368149525401714,-0.5436803928038043,0.8902676031400847,-1.5985839750393191,0.0
17.86,7.8662545051727655,-2.1127662766488573,0.22102384504920708,0.4520008997731557,-0.3562674718467808,-0.02933063387757137,0.46998790534468754,0.9974163045347403,-1.603130412664867,0.0
17.88,7.876275779894507,-2.118724980067712,0.2195549997644585,0.5280808522655372,-0.26063246856668537,-0.10032757100259113,-0.515028536680455,1.0294368318687972,-1.6159158772961293,0.0
17.900000000000002,7.886044145754041,-2.126006206979043,0.21743031136478627,0.4544987024443614,-0.4308655495027341,-0.10593367725589303,0.4620111156225252,1.1168009236328187,-1.6354983471001292,0.0
17.92,7.895608683794867,-2.1324663026329262,0.2153548301717068,0.492916699926669,-0.254720148879427,-0.1002046096604074,-0.5190304726081381,1.1022740436473568,-1.6607946658172563,0.0
17.94,7.904406296998805,-2.1389552660691242,0.21365297540387995,0.3922201073991611,-0.36990713918752344,-0.06076651963847793,0.4365174095157583,1.1224407419906237,-1.6903186664756427,0.0
17.96,7.912218204268088,-2.143216307659703,0.21351569059231623,0.38482885013089674,-0.116383704954145,0.042323225994237545,-0.5469304691761212,1.0809979580339277,-1.7370269580920579,0.0
17.98,7.91875435998775,-2.1469551710638815,0.21513998680567956,0.30027362735680907,-0.23106127135717214,0.09078132998911988,0.46853269503290446,1.0501953769496761,-1.823098287889712,0.0
18.0,7.925375379673352,-2.1498532451011383,0.21669485577213113,0.35747592441806614,-0.08835585172746856,0.0682882333177967,-0.5578310116196745,1.0414323946402904,-1.902203270178146,0.0
18.02,7.932370359921241,-2.1528903248429865,0.21828738264944386,0.3457896451636264,-0.20125273439521557,0.08852675131559214,0.36549210234668456,0.9806439363322267,-1.9669681829014307,0.0
18.04,7.940460798450671,-2.1556234059021433,0.21957550235740758,0.45001142864193516,-0.0902181885514099,0.05367128203322376,-0.4969865804571063,0.9679596121359348,-2.0126546123065827,0.0
18.06,7.9495444837541225,-2.1588895244509407,0.22043805190505225,0.46276001652274,-0.20475995391260432,0.040841404160848326,0.37829740045348664,0.9025281204628294,-2.035616021252329,0.0
18.080000000000002,7.960280913775002,-2.161150994901868,0.22073402308460738,0.5904231707587823,-0.05340949633474909,-0.003306517067298494,-0.5730357253050062,0.917964367397607,-2.0340899436705566,0.0
18.1,7.972024649105334,-2.1636716806295753,0.22019130647508048,0.5850064096088625,-0.16492596278263522,-0.043619975901942026,0.3975594298381016,0.859212175337121,-2.0081318752568045,0.0
18.12,7.984723819022494,-2.1649343802215752,0.21866500957649088,0.6630481233003215,0.004517154376554965,-0.09632176101955235,-0.6150822413977808,0.8753183518887714,-1.9595134870156066,0.0
18.14,7.996888198164493,-2.16673810396333,0.21689561095929624,0.5691138566209115,-0.15005770396924448,-0.08510124490309064,0.38941104923589165,0.8140416859993076,-1.8917781986161455,0.0
18.16,8.008397994303307,-2.1680292889603243,0.21496422527164652,0.5679536955926229,-0.0014860190174319256,-0.09103214253383798,-0.5731980752305967,0.7992185199666406,-1.8105697948720738,0.0
18.18,8.017502170848028,-2.170516096306372,0.2147103840236721,0.38151427754411243,-0.19709529984914398,0.04778409274399746,0.40859797652600055,0.7259167020298785,-1.7220130107591802,0.0
18.2,8.025067778562095,-2.1725125239174004,0.2162908900900822,0.38086756380410325,-0.04409641275023316,0.08680673029089893,-0.5991075063268825,0.6885378772274748,-1.6839255207591535,0.0
18.22,8.031701361133505,-2.175147968608891,0.21821121903186821,0.3058351462448923,-0.1900662819802324,0.09985784971138582,0.4272138932433314,0.7071089068348088,-1.6545979278757734,0.0
18.240000000000002,8.038587082203383,-2.1778252121118142,0.21984360287666974,0.37700226898363487,-0.0998472927416676,0.06828721639803353,-0.5160715373987299,0.7153829164256855,-1.6301318922389405,0.0
18.26,8.046125723875576,-2.181569849301345,0.2208136351941349,0.38089183501940477,-0.25332795844258793,0.03374037362652634,0.39222725889886156,0.7893569689476696,-1.611999935129138,0.0
18.28,8.054877437786935,-2.185567694646715,0.2207466889228673,0.47435247380170265,-0.16820570377580613,-0.017050708699600042,-0.5135898783083612,0.8315895056210222,-1.6013787333271232,0.0
18.3,8.064210294722644,-2.191175013698607,0.22022570771173372,0.4654827691823732,-0.3578624177313779,-0.03455531863592559,0.4473044690693802,0.9515847458170648,-1.5988341437269018,0.0
18.32,8.074499029709576,-2.1972306743722285,0.21879605688754586,0.5417737810713389,-0.27326205601367765,-0.09316886887159366,-0.5348875512165455,0.988891449428221,-1.6050217018622441,0.0
18.34,8.084747772814843,-2.204877801483521,0.2167669935553093,0.4890413839749539,-0.45364652559525853,-0.10771205669883469,0.47728309333166147,1.0853189092840214,-1.619076135423976,0.0
18.36,8.095076751670824,-2.2120362578147086,0.21453609303320942,0.5305397599096159,-0.29505001276477477,-0.10903624024428242,-0.5078690861751233,1.0896594961859187,-1.640090631489365,0.0
18.38,8.104714637591915,-2.2193279141992917,0.21249890039144992,0.43977671825363335,-0.40361073424111193,-0.0921263473702209,0.43003260820636907,1.132726873436021,-1.6666640344061048,0.0
18.400000000000002,8.113774154437921,-2.2241639357254583,0.21181887154822254,0.457025125532962,-0.13734665129783996,0.013415736541294625,-0.52047004913307,1.088355283385185,-1.6969591322854516,0.0
18.42,8.12165261062296,-2.2282303853729726,0.21334073220274916,0.35803432983085043,-0.24374276318348942,0.10895828629095461,0.42349390200322945,1.0671395737368357,-1.7595272857572408,0.0
18.44,8.129202138409495,-2.230891674855025,0.21567801039989187,0.39294902130062304,-0.06569103719797864,0.12762878479583276,-0.5360779047262627,1.051589905288022,-1.8452727716800685,0.0
18.46,8.136728303717057,-2.233561801993361,0.21841096894699388,0.3756191022699329,-0.17969709514713306,0.13734241634546945,0.3932668026807004,0.9999817097550949,-1.921600316022143,0.0
18.48,8.145369674895717,-2.235907749849808,0.22047909507583102,0.4778802065766603,-0.0734765315868897,0.07893101892894996,-0.5149242212889744,0.978472273561985,-1.98251946290026,0.0
18.5,8.154998465270298,-2.238895650034998,0.22177463482199397,0.4837127953594543,-0.2001127593400079,0.06071282443535384,0.36509404025043946,0.9181609155984808,-2.0227213612751163,0.0
18.52,8.166056102494034,-2.241266275308132,0.22237348102211058,0.6038060947701599,-0.06215118418810351,0.012575341907680466,-0.546159073467361,0.9355287540797438,-2.0391923391025837,0.0
18.54,8.178029861593492,-2.243987570091262,0.22219801403157438,0.5981002210147508,-0.1755824308313344,-0.024197885711344933,0.4081573272908199,0.8729042524805187,-2.0308209393503804,0.0
18.56,8.191143899380386,-2.2455960867083578,0.2208706486695915,0.6912046843407077,-0.021789378731115326,-0.09845439706000217,-0.6206734069329483,0.8889389491455285,-1.9982172127195053,0.0
18.580000000000002,8.204070995441688,-2.2478212933607087,0.21883589894409353,0.609253508950369,-0.16966897504711625,-0.10558456397092947,0.38612176311401175,0.8339767931333216,-1.9435445092712955,0.0
18.6,8.216507504431544,-2.2494648423412564,0.21630955234109267,0.6204105841595849,-0.022585205277944217,-0.13435174097581323,-0.5755221494541618,0.8267347725942713,-1.8712298948678048,0.0
18.62,8.227138291218747,-2.252269335634132,0.2145764004976834,0.4711281361040244,-0.21395428368155084,-0.05288747212329365,0.40153150415412825,0.7419755649313075,-1.786814285376665,0.0
18.64,8.23651100148803,-2.254495300793944,0.21457714906511863,0.4636595801344596,-0.04095977838783232,0.03753297183540809,-0.5656382232918613,0.7113257103233441,-1.707631802216567,0.0
18.66,8.244131962939269,-2.2570808788523866,0.21616722892048204,0.3297036242503623,-0.18568454694874373,0.11414026472270011,0.40350909476041563,0.7033226654132013,-1.6751484860752264,0.0
18.68,8.251201895069183,-2.259229507697209,0.21844479691212634,0.37790273271751296,-0.0654124430864733,0.10584385063646806,-0.5472290252334471,0.6886160446134607,-1.6468615092411694,0.0
18.7,8.25854595975556,-2.2621937677841917,0.22025699106338145,0.364900820420427,-0.20865098234536902,0.07367427263729888,0.4125901845914185,0.7437617604271946,-1.6242942483966045,0.0
18.72,8.266781319746311,-2.2653600027806466,0.22121280517855427,0.4434507896561748,-0.12066221833746177,0.038092283363628805,-0.49194184350268605,0.7821474602672766,-1.6083766521361955,0.0
18.740000000000002,8.275537768264059,-2.2697421289420574,0.22171823534364854,0.4364910638591382,-0.2897386463298465,0.019504049994393202,0.39966541795687643,0.8919212763637463,-1.600114873059244,0.0
18.76,8.285225679970777,-2.27447553082756,0.2214477524927607,0.5138586187359888,-0.21088538672175677,-0.03343161447512794,-0.5354770646411082,0.928933310012413,-1.6005192171913214,0.0
18.78,8.295162386453622,-2.2809110321819355,0.2203995829896117,0.48833193213453135,-0.392351506330649,-0.07165341320494353,0.47584622606294696,1.0334750745456869,-1.6093292612797017,0.0
18.8,8.305691338875734,-2.2871755623361003,0.2184042590135986,0.5468036698011841,-0.25977841823735603,-0.11728477775003651,-0.5201648379028745,1.0554894383181992,-1.6258580772585975,0.0
18.82,8.315741165310987,-2.2941164846992677,0.21602357209720957,0.46556097968713694,-0.4008178957845924,-0.11692496454541657,0.4474097219476197,1.120498211657567,-1.6486511333156741,0.0
18.84,8.325493210846613,-2.2995867129571423,0.21403092573524327,0.503002469914586,-0.19170630176398215,-0.08818527401947931,-0.5268724063831401,1.089178820169988,-1.676305624500906,0.0
18.86,8.334343103253591,-2.304874761843843,0.2132959668686801,0.3871440854649531,-0.3178744684281478,0.015699430921104193,0.41572465748099136,1.0927458939439363,-1.7071954224066221,0.0
18.88,8.341798167597329,-2.3086133791903682,0.21454788857440124,0.3614708027460659,-0.10419782502238309,0.10698595380349685,-0.5310287191547056,1.0685316504464621,-1.784403416998754,0.0
18.900000000000002,8.348052427098004,-2.3121765823628957,0.21723566699175773,0.2951774979171286,-0.22451935147356986,0.13827838333051815,0.4421820831839229,1.0311398976297004,-1.867799486572084,0.0
18.92,8.35479758393293,-2.3151962246750015,0.21938195249430867,0.37096243186966543,-0.10315021019718865,0.08269470834761605,-0.5578920128141411,1.0169044240383673,-1.9406365239290553,0.0
18.94,8.3621584353794,-2.318521334364955,0.22096912517810915,0.3646525541100629,-0.21310530424587956,0.0786118379379608,0.3629055214117761,0.958419801419338,-1.995964363489702,0.0
18.96,8.370646841160811,-2.3213860590531725,0.22187461046979912,0.46974810882125834,-0.09419806004238214,0.0304477314513135,-0.5177527239101027,0.9553798993263632,-2.0296974546751883,0.0
18.98,8.380047608919865,-2.3246933979523092,0.2221688322168202,0.4752261308727424,-0.2045412230409328,0.0037307300305766313,0.3895470521582574,0.8882813915600075,-2.0392723196208276,0.0
19.0,8.390892367080067,-2.3269669217882036,0.22150915813631158,0.5887555038500559,-0.05697087789233075,-0.060122965337779326,-0.5940882523612994,0.9030302354179124,-2.0240731509879044,0.0
19.02,8.402321350711247,-2.3296732175861865,0.21991132901130878,0.5564291435062743,-0.18134892578124087,-0.09471611508714582,0.3930766208543261,0.8442200720366433,-1.9849980142517036,0.0
19.04,8.414156552971582,-2.331335773455023,0.2175096044947714,0.6081492767494033,-0.015458203791138396,-0.13094549338636613,-0.595549999007811,0.852372588882384,-1.9249869709112688,0.0
19.06,8.425009155954532,-2.33366325519946,0.21537555151406745,0.5006700726125737,-0.18113740978762358,-0.0938419949724819,0.4000360440075765,0.7755972833242952,-1.8486078695136603,0.0
19.080000000000002,8.435186101522524,-2.335686274393406,0.21355293877432446,0.5061583834763498,-0.03627942827492309,-0.0689497754010024,-0.5600687955089552,0.7546703199411955,-1.7623726297298798,0.0
19.1,8.443175981017282,-2.3384648520570104,0.21363531068580804,0.3311060904212608,-0.19900093920770717,0.06370133624064733,0.4149441352813337,0.7011366177736515,-1.6978023629917338,0.0
19.12,8.449979196133247,-2.3406119034396173,0.21525386503432586,0.35390575958026543,-0.0575616984237374,0.07713158544749484,-0.5910589823995314,0.6783895050773348,-1.665943408528177,0.0
19.14,8.456459320595325,-2.3433718148882297,0.21683168299445033,0.30888950761842426,-0.19594011427067773,0.07452669615159294,0.4274114618157587,0.7151365270489279,-1.6388801286725752,0.0
19.16,8.463385130143253,-2.3462548059808013,0.21827234212782595,0.3746710079015318,-0.10168900615970201,0.07612298798740774,-0.4849634165035845,0.7395176985313735,-1.6175046363094954,0.0
19.18,8.47082806357663,-2.34984685565614,0.219797830496772,0.37330994840472853,-0.2375857669006991,0.07898445673286272,0.35170605773978525,0.828599982093966,-1.6034590093951167,0.0
19.2,8.479349380882002,-2.3535536024662673,0.22086906977383763,0.46049937520801026,-0.15983097779862449,0.04283790975928447,-0.49792887818081627,0.8731647309029326,-1.598075056986025,0.0
19.22,8.488351770658939,-2.359106563326307,0.22160123313671024,0.44660754713678297,-0.35828746863630573,0.02910823858437584,0.4315058123435621,0.9896066337939213,-1.601423080990887,0.0
19.240000000000002,8.498264131325648,-2.3651547922751774,0.2212766489333253,0.522881122110157,-0.2729347201877816,-0.0449191456483783,-0.5287460693911757,1.020891897269127,-1.6134060393371785,0.0
19.26,8.508035186113302,-2.372770649805474,0.22002555784696065,0.4629865787724389,-0.44723126805912794,-0.07717396025203734,0.4884607016948261,1.1072148178378043,-1.632584236160116,0.0
19.28,8.517866256824458,-2.3795706519070894,0.21811937149603783,0.5087589158838308,-0.26977522070165155,-0.10997616449683144,-0.5259100760125219,1.10970788184557,-1.6575856620812794,0.0
19.3,8.526829182176716,-2.386410163052825,0.21618499953588094,0.39055347674755253,-0.3889366948026644,-0.07168626341319038,0.4479261052513928,1.1341393275870544,-1.6866527107370533,0.0
19.32,8.53445478119561,-2.3909139441366323,0.21590640445322057,0.3699549272747505,-0.12533875753351065,0.03670841861099199,-0.5422913984304512,1.0989973471169878,-1.7229896301705778,0.0
19.34,8.540421469009786,-2.3948610018510808,0.2175997575039047,0.26079125017101834,-0.24281338607478317,0.10293645870787592,0.4923500957796167,1.0673148921774611,-1.8097784296672403,0.0
19.36,8.546175540968049,-2.3978642718813545,0.21944308109905425,0.31164777175105723,-0.08978418554571957,0.08335283835241819,-0.556568581558062,1.0680130564660095,-1.8909259969580925,0.0
19.38,8.552216493075422,-2.4010024707251194,0.22103929543454617,0.30417056962929956,-0.202034949921318,0.07285780807593627,0.3782935158467292,1.0060402153891492,-1.9589149067148042,0.0
19.400000000000002,8.559494126462472,-2.4035328227218447,0.2216867451575681,0.40981080708403334,-0.07400066530913306,0.009711118446013769,-0.548233695516511,0.9912295568418465,-2.0083760931367713,0.0
19.42,8.567814281163828,-2.406541314890781,0.2213464707587425,0.4271766034410234,-0.19383126157050212,-0.03356618811821327,0.4151753350998323,0.9215574486810539,-2.0350888982725737,0.0
19.44,8.57775538473474,-2.4087290437638047,0.21998036335214258,0.5467112818966192,-0.056676196624652946,-0.09536493551756874,-0.6098529709905949,0.932318458983272,-2.0370327959733947,0.0
19.46,8.588669949328477,-2.411228499393916,0.21768447068470725,0.5417266005315579,-0.16329431387470617,-0.12420584778275283,0.383797314477242,0.875423926584557,-2.014008996868738,0.0
19.48,8.600406072146647,-2.4124593462814112,0.2148180570666982,0.610862091447931,0.012671019782998599,-0.14690211859643854,-0.5915859353224757,0.893467138489953,-1.9677598748314744,0.0
19.5,8.611525959935934,-2.413793640522556,0.21269243205949728,0.5168373726335495,-0.11639904499622064,-0.0745449765341783,0.3637360357314369,0.817923320765013,-1.9019457263869455,0.0
19.52,8.621978069190032,-2.4146112918972245,0.21117156745044502,0.5165459423508253,0.006962747395676965,-0.06815915803210268,-0.5477987863437614,0.7998460267852223,-1.8224396810634302,0.0
19.54,8.630583525003125,-2.4171616854802687,0.21135789061312393,0.37652807446428016,-0.21474281794986452,0.05972974991530086,0.390503687898816,0.7181096927781351,-1.7350418317292908,0.0
19.56,8.638315821470462,-2.4198810522880634,0.21331071994908282,0.39742645556545037,-0.08334722407163986,0.12270593544216964,-0.5202620772491457,0.6943725445139165,-1.687121114828766,0.0
19.580000000000002,8.645305401050713,-2.4233538605631244,0.21626382106432848,0.32460719983122277,-0.23123889074443982,0.1678416763007971,0.38096698366098247,0.7003375433203272,-1.657498992684681,0.0
19.6,8.652595103864588,-2.4267579822350944,0.21927603874251875,0.3977986991981954,-0.1377886513135038,0.13864172877462091,-0.5205333660770635,0.7138695468295364,-1.6328654041400172,0.0
19.62,8.660550060454186,-2.431286910173464,0.22153807555405325,0.40295458242181,-0.2897933924682864,0.09136527085953676,0.3986343384904293,0.7778256148662263,-1.6145176322507733,0.0
19.64,8.669713943486535,-2.435992195188763,0.22257131284275297,0.4958564232360113,-0.19992143537728596,0.033945861230312575,-0.5132096211824625,0.8206708146275435,-1.603384663783249,0.0
19.66,8.679559804192596,-2.442088305469162,0.22281054558277294,0.49438174233547855,-0.3760635214416226,-0.006519390502510204,0.45473679849360354,0.9374632684598349,-1.6000665249697446,0.0
19.68,8.690424009108717,-2.4484358185873307,0.22170690053617814,0.5704969439916954,-0.2846077021828182,-0.08691909323288295,-0.5322205492707991,0.9792872098045297,-1.6052258217841338,0.0
19.7,8.701322557953244,-2.4561876292239293,0.21955683340554774,0.5239047490876774,-0.45496198422688583,-0.12351298450372929,0.4850876598928056,1.0802037549849528,-1.6180461693687036,0.0
19.72,8.71220554857754,-2.4633529125172924,0.21688558783350917,0.551173532019944,-0.292223428841559,-0.13307387873582535,-0.4973909412953128,1.0884215782097542,-1.6377240426323292,0.0
19.740000000000002,8.722151973999818,-2.470528703135109,0.21429107772657555,0.451462257440854,-0.3951160212849601,-0.1224922087166334,0.4377110358359924,1.135648925077881,-1.6630545782686996,0.0
19.76,8.73144514688543,-2.4752494885425858,0.2128454582591144,0.47571715549812676,-0.13780555659267665,-0.041377145270378855,-0.5214966053934023,1.0912489267803307,-1.6924300951042348,0.0
19.78,8.739811217280964,-2.4792670438181466,0.21324166926751192,0.3718967688021747,-0.24867393538264854,0.07250197742415768,0.3891121639158456,1.0739000892524029,-1.7443921153596909,0.0
19.8,8.747212892844264,-2.481946220120316,0.21539801734470052,0.37082367930401533,-0.06291372143165617,0.14154888605853175,-0.5113947601523867,1.0517381375289045,-1.8303931922731238,0.0
19.82,8.754028837457287,-2.4847259186829787,0.21867747727903422,0.33609889684058164,-0.18627160751839617,0.1695317971606821,0.4074085098170426,1.0075465050011165,-1.908856109138041,0.0
19.84,8.761848898205226,-2.4870473381709925,0.22122918390154447,0.4332083685807044,-0.07078036115446851,0.09615213028854368,-0.55069372770614,0.9908515074907115,-1.973443416981918,0.0
19.86,8.770576912139763,-2.489870687729948,0.22280504761946462,0.4390696060696967,-0.18968715292635868,0.07021004744209407,0.37563806794021226,0.9335663562441575,-2.0179686087073536,0.0
19.88,8.780649261476073,-2.492127830982457,0.22333866789959422,0.5519455830801666,-0.0616611168717658,-0.0010044183769512887,-0.5711447896558852,0.9419147574809322,-2.039006793021388,0.0
19.900000000000002,8.791663648263508,-2.4948534424419067,0.22272722884280027,0.5516465901195949,-0.17748198490429504,-0.05356616074649079,0.40510315013216935,0.8826819674158232,-2.0350028545528516,0.0
19.92,8.803765930585943,-2.4966149848984602,0.22080107656701997,0.6389025313989013,-0.028896811241593108,-0.12589122221182117,-0.6140760524526028,0.9017862487019757,-2.006211038802639,0.0
19.94,8.815748090352349,-2.4988097366452937,0.21825237842721637,0.5654580187653163,-0.16035880465354688,-0.1261958966141271,0.37265887112261636,0.8406255525970222,-1.9546450588082174,0.0
19.96,8.827317648442826,-2.5002658196058136,0.21535504348634918,0.5781254389512137,-0.013432554264258545,-0.15023647529340978,-0.5755540640810688,0.8365290981556817,-1.8846577843293784,0.0
19.98,8.837297690722563,-2.502788056911324,0.2133095187495973,0.45071451470369084,-0.19885516643761483,-0.07219233453284822,0.3933639970128182,0.7494085366007477,-1.801628654154605,0.0
